game_id,game_date,season,home_team,away_team,home_starter,away_starter,home_score,away_score,home_won,home_ml,away_ml,open_home_ml,open_away_ml,total_line,open_total,spread,true_home_prob,true_away_prob,ml_move_home,total_move,sharp_home,sharp_away,park_factor,home_win_rate_l10,away_win_rate_l10,win_rate_diff,home_run_diff_l10,away_run_diff_l10,run_diff_diff,home_sp_xfip,away_sp_xfip,xfip_diff,home_sp_era,away_sp_era,home_sp_k_pct,away_sp_k_pct,home_wrc_plus,away_wrc_plus,wrc_diff,home_obp,away_obp
634642,2021-04-01,2021,New York Yankees,Toronto Blue Jays,Gerrit Cole,Hyun Jin Ryu,2,3,0,-185,170,-165.0,149.0,8.0,8.0,-1.5,0.6367,0.3633,-20.0,0.0,0,0,1.12,,,,,,,,,,,,,,,,,,
634630,2021-04-01,2021,Kansas City Royals,Texas Rangers,Brad Keller,Kyle Gibson,14,10,1,-150,140,-165.0,149.0,8.5,9.5,-1.5,0.5902,0.4098,15.0,-1.0,1,0,1.01,,,,,,,,,,,,,,,,,,
634636,2021-04-01,2021,Cincinnati Reds,St. Louis Cardinals,Luis Castillo,Jack Flaherty,6,11,0,-122,112,-115.0,105.0,7.0,7.5,-1.5,0.5381,0.4619,-7.0,-0.5,0,0,1.18,,,,,,,,,,,,,,,,,,
634618,2021-04-01,2021,San Diego Padres,Arizona Diamondbacks,Yu Darvish,Madison Bumgarner,8,7,1,-230,205,-210.0,188.0,8.5,8.0,-1.5,0.6801,0.3199,-20.0,0.5,0,0,0.9,,,,,,,,,,,,,,,,,,
634652,2021-04-01,2021,Miami Marlins,Tampa Bay Rays,Sandy Alcantara,Tyler Glasnow,0,1,0,140,-150,126.0,-140.0,7.0,8.0,1.5,0.4098,0.5902,14.0,-1.0,0,0,0.88,,,,,,,,,,,,,,,,,,
634622,2021-04-01,2021,Philadelphia Phillies,Atlanta Braves,Aaron Nola,Max Fried,3,2,1,-127,117,-105.0,-105.0,7.5,7.5,-1.5,0.5483,0.4517,-22.0,0.0,0,0,1.07,,,,,,,,,,,,,,,,,,
634634,2021-04-01,2021,Chicago Cubs,Pittsburgh Pirates,Kyle Hendricks,Chad Kuhl,3,5,0,-210,190,-205.0,183.0,6.5,7.0,-1.5,0.6627,0.3373,-5.0,-0.5,0,0,1.06,,,,,,,,,,,,,,,,,,
634638,2021-04-01,2021,Milwaukee Brewers,Minnesota Twins,Brandon Woodruff,Kenta Maeda,6,5,1,-109,-101,-105.0,-105.0,7.5,8.0,-1.5,0.5093,0.4907,-4.0,-0.5,0,0,1.03,,,,,,,,,,,,,,,,,,
634615,2021-04-01,2021,Colorado Rockies,Los Angeles Dodgers,Germán Márquez,Clayton Kershaw,8,5,1,195,-215,188.0,-210.0,10.5,11.5,1.5,0.3318,0.6682,7.0,-1.0,0,0,1.38,,,,,,,,,,,,,,,,,,
634655,2021-04-02,2021,Los Angeles Angels,Chicago White Sox,Dylan Bundy,Lucas Giolito,4,3,1,-119,109,109.0,-119.0,8.5,8.5,-1.5,0.5318,0.4682,-228.0,0.0,0,0,0.94,,,,,,,,,,,,,,,,,,
634640,2021-04-02,2021,Oakland Athletics,Houston Astros,Chris Bassitt,Zack Greinke,1,8,0,-124,114,-135.0,115.0,8.5,8.5,-1.5,0.5423,0.4577,11.0,0.0,1,0,0.9,,,,,,,,,,,,,,,,,,
634602,2021-04-02,2021,Miami Marlins,Tampa Bay Rays,Pablo López,Ryan Yarbrough,4,6,0,-109,-101,120.0,-140.0,7.5,7.5,-1.5,0.5093,0.4907,-229.0,0.0,0,1,0.88,0.0,1.0,-1.0,-1.0,1.0,-2.0,,,,,,,,,,,,
634580,2021-04-03,2021,Philadelphia Phillies,Atlanta Braves,Zack Wheeler,Charlie Morton,4,0,1,102,-112,-120.0,100.0,7.5,8.5,1.5,0.4838,0.5162,222.0,-1.0,0,0,1.07,1.0,0.0,1.0,1.0,-1.0,2.0,,,,,,,,,,,,
634575,2021-04-03,2021,Milwaukee Brewers,Minnesota Twins,Corbin Burnes,José Berríos,0,2,0,-130,120,-115.0,-105.0,7.5,8.0,-1.5,0.5543,0.4457,-15.0,-0.5,0,0,1.03,1.0,0.0,1.0,1.0,-1.0,2.0,,,,,,,,,,,,
634596,2021-04-03,2021,Miami Marlins,Tampa Bay Rays,Elieser Hernández,Rich Hill,12,7,1,-104,-106,105.0,-125.0,7.5,8.0,1.5,0.4977,0.5023,-209.0,-0.5,0,1,0.88,0.0,1.0,-1.0,-1.5,1.5,-3.0,,,,,,,,,,,,
634654,2021-04-03,2021,Cincinnati Reds,St. Louis Cardinals,Tyler Mahle,Adam Wainwright,9,6,1,-118,108,-110.0,-110.0,9.0,9.0,-1.5,0.5296,0.4704,-8.0,0.0,0,0,1.18,0.0,1.0,-1.0,-5.0,5.0,-10.0,,,,,,,,,,,,
634629,2021-04-03,2021,Oakland Athletics,Houston Astros,Cole Irvin,Lance McCullers Jr.,1,9,0,118,-128,115.0,-135.0,9.0,9.0,1.5,0.4497,0.5503,3.0,0.0,0,0,0.9,0.0,1.0,-1.0,-7.0,7.0,-14.0,,,,,,,,,,,,
634643,2021-04-03,2021,Chicago Cubs,Pittsburgh Pirates,Jake Arrieta,Tyler Anderson,5,1,1,-159,149,-165.0,144.0,11.0,11.0,-1.5,0.6045,0.3955,6.0,0.0,0,0,1.06,0.0,1.0,-1.0,-2.0,2.0,-4.0,,,,,,,,,,,,
634576,2021-04-03,2021,San Diego Padres,Arizona Diamondbacks,Blake Snell,Merrill Kelly,4,2,1,-210,190,-210.0,176.0,8.5,8.5,-1.5,0.6627,0.3373,0.0,0.0,0,0,0.9,1.0,0.0,1.0,1.0,-1.0,2.0,,,,,,,,,,,,
634577,2021-04-03,2021,Boston Red Sox,Baltimore Orioles,Tanner Houck,Matt Harvey,2,4,0,-166,156,-180.0,155.0,10.0,10.5,-1.5,0.615,0.385,14.0,-0.5,1,0,1.14,0.0,1.0,-1.0,0.0,0.0,0.0,,,,,,,,,,,,
634644,2021-04-03,2021,New York Yankees,Toronto Blue Jays,Corey Kluber,Ross Stripling,5,3,1,-162,152,-190.0,163.0,9.0,9.0,-1.5,0.6091,0.3909,28.0,0.0,1,0,1.12,0.0,1.0,-1.0,-1.0,1.0,-2.0,,,,,,,,,,,,
634605,2021-04-03,2021,Oakland Athletics,Houston Astros,Jesús Luzardo,Cristian Javier,5,9,0,118,-128,115.0,-135.0,9.0,9.0,1.5,0.4497,0.5503,3.0,0.0,0,0,0.9,0.0,1.0,-1.0,-7.0,7.0,-14.0,,,,,,,,,,,,
634631,2021-04-03,2021,Los Angeles Angels,Chicago White Sox,Andrew Heaney,Dallas Keuchel,8,12,0,105,-115,110.0,-130.0,9.0,8.5,1.5,0.477,0.523,-5.0,0.5,0,0,0.94,1.0,0.0,1.0,1.0,-1.0,2.0,,,,,,,,,,,,
634653,2021-04-03,2021,Colorado Rockies,Los Angeles Dodgers,Antonio Senzatela,Trevor Bauer,6,11,0,200,-220,188.0,-225.0,11.5,11.5,1.5,0.3265,0.6735,12.0,0.0,0,0,1.38,1.0,0.0,1.0,3.0,-3.0,6.0,,,,,,,,,,,,
634604,2021-04-03,2021,Kansas City Royals,Texas Rangers,Mike Minor,Kohei Arihara,11,4,1,-162,152,-165.0,144.0,9.0,9.5,-1.5,0.6091,0.3909,3.0,-0.5,0,0,1.01,1.0,0.0,1.0,4.0,-4.0,8.0,,,,,,,,,,,,
634597,2021-04-04,2021,Milwaukee Brewers,Minnesota Twins,Adrian Houser,Michael Pineda,2,8,0,-105,-105,100.0,-120.0,8.0,8.5,1.5,0.5,0.5,-205.0,-0.5,0,1,1.03,0.5,0.5,0.0,-0.5,0.5,-1.0,,,,,,,,,,,,
634572,2021-04-04,2021,San Diego Padres,Arizona Diamondbacks,Chris Paddack,Taylor Widener,1,3,0,-200,180,-2300.0,1124.0,9.0,9.5,-1.5,0.6512,0.3488,2100.0,-0.5,1,0,0.9,1.0,0.0,1.0,1.5,-1.5,3.0,,,,,,,,,,,,
634651,2021-04-04,2021,Oakland Athletics,Houston Astros,Sean Manaea,José Urquidy,2,9,0,-116,106,-110.0,-110.0,8.5,8.5,-1.5,0.5252,0.4748,-6.0,0.0,0,0,0.9,0.0,1.0,-1.0,-6.333,6.333,-12.666,,,,,,,,,,,,
634557,2021-04-04,2021,Colorado Rockies,Los Angeles Dodgers,Austin Gomber,Julio Urías,2,4,0,190,-210,207.0,-250.0,12.0,12.0,1.5,0.3373,0.6627,-17.0,0.0,0,1,1.38,0.5,0.5,0.0,-1.0,1.0,-2.0,,,,,,,,,,,,
634613,2021-04-04,2021,Chicago Cubs,Pittsburgh Pirates,Zach Davies,Mitch Keller,4,3,1,-186,171,-170.0,148.0,8.5,8.5,-1.5,0.638,0.362,-16.0,0.0,0,0,1.06,0.5,0.5,0.0,1.0,-1.0,2.0,,,,,,,,,,,,
634560,2021-04-04,2021,Cincinnati Reds,St. Louis Cardinals,Jeff Hoffman,Carlos Martinez,12,1,1,102,-112,-110.0,-110.0,9.5,9.5,1.5,0.4838,0.5162,212.0,0.0,0,0,1.18,0.5,0.5,0.0,-1.0,1.0,-2.0,,,,,,,,,,,,
634593,2021-04-04,2021,Kansas City Royals,Texas Rangers,Brady Singer,Jordan Lyles,3,7,0,-160,150,-175.0,151.0,10.0,9.5,-1.5,0.6061,0.3939,15.0,0.5,1,0,1.01,1.0,0.0,1.0,5.5,-5.5,11.0,,,,,,,,,,,,
634607,2021-04-04,2021,New York Yankees,Toronto Blue Jays,Domingo Germán,T.J. Zeuch,1,3,0,-178,164,-160.0,140.0,9.5,9.5,-1.5,0.6283,0.3717,-18.0,0.0,0,0,1.12,0.5,0.5,0.0,0.5,-0.5,1.0,,,,,,,,,,,,
634617,2021-04-04,2021,Philadelphia Phillies,Atlanta Braves,Zach Eflin,Ian Anderson,2,1,1,102,-112,120.0,-140.0,8.5,8.5,1.5,0.4838,0.5162,-18.0,0.0,0,1,1.07,1.0,0.0,1.0,2.5,-2.5,5.0,,,,,,,,,,,,
634646,2021-04-04,2021,Los Angeles Angels,Chicago White Sox,Alex Cobb,Lance Lynn,5,3,1,-124,114,-120.0,100.0,9.5,9.0,-1.5,0.5423,0.4577,-4.0,0.5,0,0,0.94,0.5,0.5,0.0,-1.5,1.5,-3.0,,,,,,,,,,,,
634623,2021-04-04,2021,San Diego Padres,Arizona Diamondbacks,Joe Musgrove,Caleb Smith,7,0,1,-200,180,-2300.0,1124.0,9.0,9.5,-1.5,0.6512,0.3488,2100.0,-0.5,1,0,0.9,1.0,0.0,1.0,1.5,-1.5,3.0,,,,,,,,,,,,
634633,2021-04-04,2021,Colorado Rockies,Los Angeles Dodgers,Jon Gray,Walker Buehler,5,6,0,190,-210,207.0,-250.0,12.0,12.0,1.5,0.3373,0.6627,-17.0,0.0,0,1,1.38,0.5,0.5,0.0,-1.0,1.0,-2.0,,,,,,,,,,,,
634610,2021-04-04,2021,Boston Red Sox,Baltimore Orioles,Garrett Richards,Bruce Zimmermann,3,11,0,-170,160,-165.0,144.0,9.5,10.0,-1.5,0.6208,0.3792,-5.0,-0.5,0,0,1.14,0.0,1.0,-1.0,-1.0,1.0,-2.0,,,,,,,,,,,,
634566,2021-04-05,2021,Chicago Cubs,Milwaukee Brewers,Trevor Williams,Brett Anderson,5,3,1,-110,100,-120.0,100.0,9.5,9.5,-1.5,0.5116,0.4884,10.0,0.0,0,0,1.06,0.6667,0.3333,0.3334,1.0,-2.333,3.333,,,,,,,,,,,,
634601,2021-04-05,2021,Boston Red Sox,Tampa Bay Rays,Nick Pivetta,Michael Wacha,11,2,1,103,-113,-110.0,-110.0,9.5,9.5,1.5,0.4815,0.5185,213.0,0.0,0,0,1.14,0.0,0.6667,-0.6667,-3.333,-0.667,-2.6660000000000004,,,,,,,,,,,,
634606,2021-04-05,2021,Philadelphia Phillies,New York Mets,Matt Moore,Jacob deGrom,5,3,1,173,-188,184.0,-220.0,7.5,7.5,1.5,0.3594,0.6406,-11.0,0.0,0,1,1.07,1.0,1.0,0.0,2.0,0.0,2.0,,,,,,,,,,,,
634562,2021-04-05,2021,Miami Marlins,St. Louis Cardinals,Trevor Rogers,Daniel Ponce de Leon,1,4,0,-116,106,-110.0,-110.0,8.0,8.0,-1.5,0.5252,0.4748,-6.0,0.0,0,0,0.88,0.3333,0.3333,0.0,0.667,-3.0,3.667,,,,,,,,,,,,
634558,2021-04-05,2021,Cincinnati Reds,Pittsburgh Pirates,José De León,JT Brubaker,5,3,1,-151,141,-140.0,120.0,9.0,9.0,-1.5,0.5918,0.4082,-11.0,0.0,0,0,1.18,0.6667,0.3333,0.3334,3.0,-1.0,4.0,,,,,,,,,,,,
634587,2021-04-05,2021,New York Yankees,Baltimore Orioles,Jordan Montgomery,Jorge López,7,0,1,-230,205,-210.0,176.0,10.0,9.5,-1.5,0.6801,0.3199,-20.0,0.5,0,0,1.12,0.3333,1.0,-0.6667000000000001,-0.333,3.333,-3.6660000000000004,,,,,,,,,,,,
634612,2021-04-05,2021,Texas Rangers,Toronto Blue Jays,Mike Foltynewicz,Steven Matz,2,6,0,135,-145,140.0,-160.0,9.5,10.0,1.5,0.4183,0.5817,-5.0,-0.5,0,0,1.1,0.3333,0.6667,-0.3334,-2.333,0.333,-2.6660000000000004,,,,,,,,,,,,
634588,2021-04-05,2021,Detroit Tigers,Minnesota Twins,José Ureña,Matt Shoemaker,6,15,0,142,-152,110.0,-130.0,9.0,8.5,1.5,0.4066,0.5934,32.0,0.5,0,0,1.0,0.6667,0.6667,0.0,-0.667,2.333,-3.0,,,,,,,,,,,,
634559,2021-04-06,2021,Chicago Cubs,Milwaukee Brewers,Adbert Alzolay,Freddy Peralta,0,4,0,-113,103,-120.0,100.0,9.0,9.5,-1.5,0.5185,0.4815,7.0,-0.5,0,0,1.06,0.75,0.25,0.5,1.25,-2.25,3.5,,,,,,,,,,,,
634590,2021-04-06,2021,Boston Red Sox,Tampa Bay Rays,Martín Pérez,Tyler Glasnow,6,5,1,145,-155,130.0,-150.0,9.0,9.0,1.5,0.4017,0.5983,15.0,0.0,0,0,1.14,0.25,0.5,-0.25,-0.25,-2.75,2.5,,,,,,,,,,,,
634608,2021-04-06,2021,Philadelphia Phillies,New York Mets,Chase Anderson,Marcus Stroman,4,8,0,113,-123,120.0,-140.0,9.0,9.0,1.5,0.4598,0.5402,-7.0,0.0,0,0,1.07,1.0,0.75,0.25,2.0,-0.5,2.5,,,,,,,,,,,,
634594,2021-04-06,2021,Miami Marlins,St. Louis Cardinals,Sandy Alcantara,John Gant,2,4,0,-127,117,-115.0,-105.0,7.5,8.0,-1.5,0.5483,0.4517,-12.0,-0.5,0,0,0.88,0.25,0.5,-0.25,-0.25,-1.5,1.25,,,,,,,,,,,,
634530,2021-04-06,2021,Cincinnati Reds,Pittsburgh Pirates,Wade Miley,Trevor Cahill,14,1,1,-155,145,-150.0,130.0,9.0,9.0,-1.5,0.5983,0.4017,-5.0,0.0,0,0,1.18,0.75,0.25,0.5,2.75,-1.25,4.0,,,,,,,,,,,,
634599,2021-04-06,2021,New York Yankees,Baltimore Orioles,Gerrit Cole,Dean Kremer,7,2,1,-280,245,-300.0,245.0,8.0,8.5,-1.5,0.7177,0.2823,20.0,-0.5,1,0,1.12,0.5,0.75,-0.25,1.5,0.75,0.75,,,,,,,,,,,,
634551,2021-04-06,2021,Seattle Mariners,Chicago White Sox,Justus Sheffield,Carlos Rodón,0,6,0,140,-150,125.0,-145.0,7.0,7.5,1.5,0.4098,0.5902,15.0,-0.5,0,0,0.89,0.6667,0.25,0.41669999999999996,0.667,-0.5,1.167,,,,,,,,,,,,
634624,2021-04-06,2021,Washington Nationals,Atlanta Braves,Max Scherzer,Drew Smyly,6,5,1,-116,106,-155.0,135.0,7.5,8.0,-1.5,0.5252,0.4748,39.0,-0.5,1,0,0.95,0.0,0.25,-0.25,0.0,-1.5,1.5,,,,,,,,,,,,
634603,2021-04-06,2021,Detroit Tigers,Minnesota Twins,Casey Mize,J.A. Happ,4,3,1,130,-140,135.0,-155.0,9.0,9.0,1.5,0.427,0.573,-5.0,0.0,0,0,1.0,0.5,0.75,-0.25,-2.75,4.0,-6.75,,,,,,,,,,,,
634600,2021-04-06,2021,Oakland Athletics,Los Angeles Dodgers,Frankie Montas,Dustin May,3,10,0,158,-168,163.0,-190.0,8.5,8.0,1.5,0.3821,0.6179,-5.0,0.5,0,0,0.9,0.0,0.75,-0.75,-6.5,1.25,-7.75,,,,,,,,,,,,
634552,2021-04-06,2021,Los Angeles Angels,Houston Astros,Jose Quintana,Luis Garcia,7,6,1,-108,-102,-110.0,-110.0,9.0,9.0,-1.5,0.507,0.493,2.0,0.0,0,0,0.94,0.75,1.0,-0.25,0.5,6.5,-6.0,,,,,,,,,,,,
634586,2021-04-06,2021,Los Angeles Angels,Houston Astros,Dylan Bundy,Zack Greinke,2,4,0,-108,-102,-110.0,-110.0,9.0,9.0,-1.5,0.507,0.493,2.0,0.0,0,0,0.94,0.75,1.0,-0.25,0.5,6.5,-6.0,,,,,,,,,,,,
634567,2021-04-07,2021,Oakland Athletics,Los Angeles Dodgers,Jesús Luzardo,Trevor Bauer,4,3,1,155,-165,163.0,-190.0,8.0,8.5,1.5,0.3864,0.6136,-8.0,-0.5,0,0,0.9,0.0,0.8,-0.8,-6.6,2.4,-9.0,,,,,,,,,,,,
634626,2021-04-07,2021,Philadelphia Phillies,New York Mets,Aaron Nola,David Peterson,8,2,1,-164,154,-130.0,110.0,8.0,8.0,-1.5,0.6121,0.3879,-34.0,0.0,0,0,1.07,0.8,0.8,0.0,0.8,0.4,0.4,,,,,,,,,,,,
634549,2021-04-07,2021,Chicago Cubs,Milwaukee Brewers,Kyle Hendricks,Brandon Woodruff,2,4,0,-102,-108,-110.0,-110.0,9.0,9.0,-1.5,0.493,0.507,8.0,0.0,0,0,1.06,0.6,0.4,0.19999999999999996,0.2,-1.0,1.2,,,,,,,,,,,,
634585,2021-04-07,2021,Miami Marlins,St. Louis Cardinals,Pablo López,Jack Flaherty,0,7,0,105,-115,-120.0,100.0,7.0,7.5,1.5,0.477,0.523,225.0,-0.5,0,0,0.88,0.2,0.6,-0.39999999999999997,-0.6,-0.8,0.20000000000000007,,,,,,,,,,,,
634539,2021-04-07,2021,New York Yankees,Baltimore Orioles,Jameson Taillon,John Means,3,4,0,-190,175,-200.0,170.0,9.0,9.0,-1.5,0.6431,0.3569,10.0,0.0,0,0,1.12,0.6,0.6,0.0,2.2,-0.4,2.6,,,,,,,,,,,,
634592,2021-04-07,2021,Seattle Mariners,Chicago White Sox,Justin Dunn,Dallas Keuchel,8,4,1,132,-142,135.0,-155.0,8.5,8.5,1.5,0.4235,0.5765,-3.0,0.0,0,0,0.89,0.5,0.4,0.09999999999999998,-1.0,0.8,-1.8,,,,,,,,,,,,
634583,2021-04-07,2021,Texas Rangers,Toronto Blue Jays,Kyle Gibson,Hyun Jin Ryu,2,1,1,170,-185,163.0,-190.0,8.5,9.0,1.5,0.3633,0.6367,7.0,-0.5,0,0,1.1,0.25,0.75,-0.5,-2.75,1.25,-4.0,,,,,,,,,,,,
634609,2021-04-07,2021,Seattle Mariners,Chicago White Sox,James Paxton,Lucas Giolito,4,10,0,132,-142,135.0,-155.0,8.5,8.5,1.5,0.4235,0.5765,-3.0,0.0,0,0,0.89,0.5,0.4,0.09999999999999998,-1.0,0.8,-1.8,,,,,,,,,,,,
634641,2021-04-07,2021,Boston Red Sox,Tampa Bay Rays,Nathan Eovaldi,Ryan Yarbrough,9,2,1,-112,102,100.0,-120.0,8.5,9.0,-1.5,0.5162,0.4838,-212.0,-0.5,0,0,1.14,0.4,0.4,0.0,0.0,-2.4,2.4,,,,,,,,,,,,
634570,2021-04-07,2021,Cincinnati Reds,Pittsburgh Pirates,Luis Castillo,Chad Kuhl,11,4,1,-200,180,-190.0,163.0,8.0,8.5,-1.5,0.6512,0.3488,-10.0,-0.5,0,0,1.18,0.8,0.2,0.6000000000000001,4.8,-3.6,8.4,,,,,,,,,,,,
634527,2021-04-07,2021,Washington Nationals,Atlanta Braves,Erick Fedde,Max Fried,6,7,0,160,-170,140.0,-160.0,6.5,6.5,1.5,0.3792,0.6208,20.0,0.0,0,0,0.95,0.2,0.2,0.0,0.2,-1.4,1.5999999999999999,,,,,,,,,,,,
634628,2021-04-07,2021,Oakland Athletics,Los Angeles Dodgers,Chris Bassitt,Clayton Kershaw,1,5,0,155,-165,163.0,-190.0,8.0,8.5,1.5,0.3864,0.6136,-8.0,-0.5,0,0,0.9,0.0,0.8,-0.8,-6.6,2.4,-9.0,,,,,,,,,,,,
634619,2021-04-07,2021,Colorado Rockies,Arizona Diamondbacks,Germán Márquez,Luke Weaver,8,10,0,108,-118,-120.0,100.0,11.5,11.5,1.5,0.4704,0.5296,228.0,0.0,0,0,1.38,0.25,0.25,0.0,-1.25,-2.0,0.75,,,,,,,,,,,,
634635,2021-04-07,2021,Texas Rangers,Toronto Blue Jays,Dane Dunning,Tanner Roark,7,4,1,170,-185,163.0,-190.0,8.5,9.0,1.5,0.3633,0.6367,7.0,-0.5,0,0,1.1,0.25,0.75,-0.5,-2.75,1.25,-4.0,,,,,,,,,,,,
634598,2021-04-07,2021,Detroit Tigers,Minnesota Twins,Matthew Boyd,Kenta Maeda,2,3,0,160,-170,151.0,-175.0,8.5,8.0,1.5,0.3792,0.6208,9.0,0.5,0,0,1.0,0.6,0.6,0.0,-2.0,3.0,-5.0,,,,,,,,,,,,
634545,2021-04-08,2021,Toronto Blue Jays,Los Angeles Angels,Ross Stripling,Griffin Canning,5,7,0,-109,-101,-110.0,-110.0,10.0,9.5,-1.5,0.5093,0.4907,1.0,0.5,0,0,1.04,0.5,0.6667,-0.16669999999999996,0.167,0.167,0.0,,,,,,,,,,,,
634568,2021-04-08,2021,St. Louis Cardinals,Milwaukee Brewers,Adam Wainwright,Corbin Burnes,3,1,1,130,-140,120.0,-140.0,7.5,8.0,1.5,0.427,0.573,10.0,-0.5,0,0,0.98,0.6667,0.5,0.16669999999999996,0.5,-0.5,1.0,,,,,,,,,,,,
634550,2021-04-08,2021,Minnesota Twins,Seattle Mariners,José Berríos,Marco Gonzales,10,2,1,-216,196,-180.0,155.0,8.0,8.0,-1.5,0.6692,0.3308,-36.0,0.0,0,0,1.02,0.6667,0.5,0.16669999999999996,2.667,-1.0,3.667,,,,,,,,,,,,
634564,2021-04-08,2021,Colorado Rockies,Arizona Diamondbacks,Jon Gray,Merrill Kelly,7,3,1,-127,117,-125.0,105.0,11.0,12.0,-1.5,0.5483,0.4517,-2.0,-1.0,0,0,1.38,0.2,0.4,-0.2,-1.4,-1.2,-0.19999999999999996,,,,,,,,,,,,
634565,2021-04-08,2021,Chicago White Sox,Kansas City Royals,Lance Lynn,Brad Keller,6,0,1,-165,155,-155.0,135.0,8.0,9.0,-1.5,0.6136,0.3864,-10.0,-1.0,0,0,0.95,0.4286,0.6,-0.1714,0.857,1.6,-0.7430000000000001,,,,,,,,,,,,
634555,2021-04-08,2021,Pittsburgh Pirates,Chicago Cubs,Tyler Anderson,Jake Arrieta,2,4,0,140,-150,131.0,-151.0,8.5,8.5,1.5,0.4098,0.5902,9.0,0.0,0,0,0.96,0.1667,0.5,-0.33330000000000004,-4.167,-0.167,-4.0,,,,,,,,,,,,
634584,2021-04-08,2021,New York Mets,Miami Marlins,Taijuan Walker,Nick Neidert,3,2,1,-180,165,-190.0,163.0,8.5,8.5,-1.5,0.6301,0.3699,10.0,0.0,0,0,0.97,0.6667,0.1667,0.5,-0.667,-1.667,1.0,,,,,,,,,,,,
634542,2021-04-08,2021,Colorado Rockies,Arizona Diamondbacks,Antonio Senzatela,Madison Bumgarner,8,0,1,-127,117,-125.0,105.0,11.0,12.0,-1.5,0.5483,0.4517,-2.0,-1.0,0,0,1.38,0.2,0.4,-0.2,-1.4,-1.2,-0.19999999999999996,,,,,,,,,,,,
634544,2021-04-08,2021,Baltimore Orioles,Boston Red Sox,Matt Harvey,Eduardo Rodriguez,3,7,0,138,-148,155.0,-180.0,9.0,9.5,1.5,0.4132,0.5868,-17.0,-0.5,0,1,1.08,0.6667,0.5,0.16669999999999996,-0.167,1.167,-1.334,,,,,,,,,,,,
634546,2021-04-09,2021,Houston Astros,Oakland Athletics,Cristian Javier,Cole Irvin,6,2,1,-172,161,-170.0,148.0,8.5,9.0,-1.5,0.6227,0.3773,-2.0,-0.5,0,0,1.0,0.8333,0.1429,0.6904,4.5,-5.143,9.643,,,,,,,,,,,,
634499,2021-04-09,2021,Tampa Bay Rays,New York Yankees,Rich Hill,Corey Kluber,10,5,1,119,-129,125.0,-145.0,8.0,8.5,1.5,0.4477,0.5523,-6.0,-0.5,0,0,0.91,0.3333,0.5,-0.16670000000000001,-3.167,1.667,-4.834,,,,,,,,,,,,
634533,2021-04-09,2021,Los Angeles Dodgers,Washington Nationals,Walker Buehler,Joe Ross,1,0,1,-280,245,-260.0,215.0,8.5,8.5,-1.5,0.7177,0.2823,-20.0,0.0,0,0,0.93,0.7143,0.1667,0.5476000000000001,2.143,0.0,2.143,,,,,,,,,,,,
634512,2021-04-09,2021,Toronto Blue Jays,Los Angeles Angels,David Phelps,Andrew Heaney,1,7,0,115,-125,-103.0,-117.0,11.0,10.5,1.5,0.4557,0.5443,218.0,0.5,0,0,1.04,0.4286,0.7143,-0.28570000000000007,-0.143,0.429,-0.572,,,,,,,,,,,,
634534,2021-04-09,2021,Atlanta Braves,Philadelphia Phillies,Charlie Morton,Zack Wheeler,8,1,1,-125,115,-115.0,-105.0,7.5,8.5,-1.5,0.5443,0.4557,-10.0,-1.0,0,0,1.05,0.3333,0.8333,-0.5,-1.0,1.667,-2.667,,,,,,,,,,,,
634524,2021-04-10,2021,Atlanta Braves,Philadelphia Phillies,Ian Anderson,Zach Eflin,5,4,1,-134,124,-150.0,130.0,8.0,8.0,-1.5,0.5619,0.4381,16.0,0.0,1,0,1.05,0.4286,0.7143,-0.28570000000000007,0.143,0.429,-0.28600000000000003,,,,,,,,,,,,
632227,2021-04-10,2021,Toronto Blue Jays,Los Angeles Angels,Steven Matz,Jose Quintana,15,1,1,-109,-101,-120.0,100.0,10.5,11.0,-1.5,0.5093,0.4907,11.0,-0.5,1,0,1.04,0.375,0.75,-0.375,-0.875,1.125,-2.0,,,,,,,,,,,,
632193,2021-04-10,2021,Texas Rangers,San Diego Padres,Jordan Lyles,Chris Paddack,4,7,0,143,-153,148.0,-170.0,9.0,9.0,1.5,0.4049,0.5951,-5.0,0.0,0,0,1.1,0.5,0.5714,-0.07140000000000002,-1.167,1.143,-2.31,,,,,,,,,,,,
634491,2021-04-10,2021,Baltimore Orioles,Boston Red Sox,Bruce Zimmermann,Garrett Richards,4,6,0,117,-127,115.0,-135.0,9.5,9.5,1.5,0.4517,0.5483,2.0,0.0,0,0,1.08,0.5714,0.5714,0.0,-0.714,1.571,-2.285,,,,,,,,,,,,
632195,2021-04-10,2021,Pittsburgh Pirates,Chicago Cubs,Mitch Keller,Zach Davies,8,2,1,147,-157,144.0,-165.0,8.5,8.0,1.5,0.3986,0.6014,3.0,0.5,0,0,0.96,0.1429,0.5714,-0.4285,-3.857,0.143,-4.0,,,,,,,,,,,,
632222,2021-04-10,2021,St. Louis Cardinals,Milwaukee Brewers,Carlos Martinez,Adrian Houser,5,9,0,-112,102,100.0,-120.0,8.0,8.5,-1.5,0.5162,0.4838,-212.0,-0.5,0,0,0.98,0.7143,0.4286,0.28570000000000007,0.714,-0.714,1.428,,,,,,,,,,,,
632202,2021-04-10,2021,Houston Astros,Oakland Athletics,José Urquidy,Frankie Montas,3,7,0,-151,141,-160.0,140.0,9.0,9.0,-1.5,0.5918,0.4082,9.0,0.0,0,0,1.0,0.8571,0.125,0.7321,4.429,-5.0,9.429,,,,,,,,,,,,
632217,2021-04-10,2021,Tampa Bay Rays,New York Yankees,Chris Archer,Domingo Germán,4,0,1,128,-138,115.0,-135.0,9.5,8.5,1.5,0.4307,0.5693,13.0,1.0,0,0,0.91,0.4286,0.4286,0.0,-2.0,0.714,-2.714,,,,,,,,,,,,
632201,2021-04-10,2021,New York Mets,Miami Marlins,Jacob deGrom,Trevor Rogers,0,3,0,-270,240,-275.0,226.0,6.5,7.0,-1.5,0.7127,0.2873,5.0,-0.5,0,0,0.97,0.7143,0.1429,0.5714,-0.429,-1.571,1.142,,,,,,,,,,,,
634540,2021-04-10,2021,Arizona Diamondbacks,Cincinnati Reds,Taylor Widener,Tyler Mahle,5,6,0,112,-122,115.0,-135.0,9.5,9.5,1.5,0.4619,0.5381,-3.0,0.0,0,0,0.92,0.2857,0.8333,-0.5476000000000001,-2.571,5.167,-7.7379999999999995,,,,,,,,,,,,
634537,2021-04-10,2021,Houston Astros,Oakland Athletics,Lance McCullers Jr.,Sean Manaea,2,6,0,-151,141,-160.0,140.0,9.0,9.0,-1.5,0.5918,0.4082,9.0,0.0,0,0,1.0,0.8571,0.125,0.7321,4.429,-5.0,9.429,,,,,,,,,,,,
634478,2021-04-10,2021,Texas Rangers,San Diego Padres,Kohei Arihara,Joe Musgrove,0,3,0,143,-153,148.0,-170.0,9.0,9.0,1.5,0.4049,0.5951,-5.0,0.0,0,0,1.1,0.5,0.5714,-0.07140000000000002,-1.167,1.143,-2.31,,,,,,,,,,,,
632205,2021-04-10,2021,Minnesota Twins,Seattle Mariners,Michael Pineda,Yusei Kikuchi,3,4,0,-185,170,-190.0,163.0,8.0,8.5,-1.5,0.6367,0.3633,5.0,-0.5,0,0,1.02,0.7143,0.4286,0.28570000000000007,3.429,-2.0,5.429,,,,,,,,,,,,
632207,2021-04-11,2021,Atlanta Braves,Philadelphia Phillies,Drew Smyly,Matt Moore,6,7,0,-163,153,-140.0,120.0,9.0,8.5,-1.5,0.6106,0.3894,-23.0,0.5,0,0,1.05,0.5,0.625,-0.125,0.25,0.25,0.0,,,,,,,,,,,,
632214,2021-04-11,2021,Los Angeles Dodgers,Washington Nationals,Clayton Kershaw,Max Scherzer,3,0,1,-150,140,-190.0,163.0,7.5,7.5,-1.5,0.5902,0.4098,40.0,0.0,1,0,0.93,0.75,0.1429,0.6071,2.0,-0.143,2.143,,,,,,,,,,,,
632209,2021-04-11,2021,Arizona Diamondbacks,Cincinnati Reds,Luke Weaver,José De León,7,0,1,-102,-108,100.0,-120.0,9.0,9.0,1.5,0.493,0.507,-202.0,0.0,0,1,0.92,0.25,0.8571,-0.6071,-2.375,4.571,-6.946,,,,,,,,,,,,
632196,2021-04-11,2021,St. Louis Cardinals,Milwaukee Brewers,Daniel Ponce de Leon,Brett Anderson,3,9,0,-130,120,-130.0,110.0,8.5,8.5,-1.5,0.5543,0.4457,0.0,0.0,0,0,0.98,0.625,0.5,0.125,0.125,-0.125,0.25,,,,,,,,,,,,
632170,2021-04-11,2021,Chicago White Sox,Kansas City Royals,Dylan Cease,Mike Minor,3,4,0,-112,102,-140.0,120.0,8.5,9.0,-1.5,0.5162,0.4838,28.0,-0.5,1,0,0.95,0.4444,0.5714,-0.127,1.333,0.286,1.047,,,,,,,,,,,,
632233,2021-04-11,2021,Texas Rangers,San Diego Padres,Mike Foltynewicz,Adrian Morejon,0,2,0,150,-160,148.0,-170.0,9.0,9.0,1.5,0.3939,0.6061,2.0,0.0,0,0,1.1,0.375,0.6667,-0.29169999999999996,-1.625,1.556,-3.181,,,,,,,,,,,,
632232,2021-04-11,2021,Tampa Bay Rays,New York Yankees,Brent Honeywell,Jordan Montgomery,4,8,0,128,-138,134.0,-154.0,8.5,9.0,1.5,0.4307,0.5693,-6.0,-0.5,0,0,0.91,0.5,0.375,0.125,-1.25,0.125,-1.375,,,,,,,,,,,,
632225,2021-04-11,2021,Pittsburgh Pirates,Chicago Cubs,JT Brubaker,Trevor Williams,7,1,1,122,-132,140.0,-160.0,8.0,8.5,1.5,0.4419,0.5581,-18.0,-0.5,0,1,0.96,0.25,0.5,-0.25,-2.625,-0.625,-2.0,,,,,,,,,,,,
632200,2021-04-11,2021,Baltimore Orioles,Boston Red Sox,Jorge López,Nick Pivetta,9,14,0,130,-140,120.0,-140.0,9.5,9.5,1.5,0.427,0.573,10.0,0.0,0,0,1.08,0.5,0.625,-0.125,-0.875,1.625,-2.5,,,,,,,,,,,,
632191,2021-04-11,2021,Los Angeles Dodgers,Washington Nationals,Julio Urías,Patrick Corbin,9,5,1,-150,140,-190.0,163.0,7.5,7.5,-1.5,0.5902,0.4098,40.0,0.0,1,0,0.93,0.75,0.1429,0.6071,2.0,-0.143,2.143,,,,,,,,,,,,
634484,2021-04-11,2021,Arizona Diamondbacks,Cincinnati Reds,Riley Smith,Jeff Hoffman,8,3,1,-102,-108,100.0,-120.0,9.0,9.0,1.5,0.493,0.507,-202.0,0.0,0,1,0.92,0.25,0.8571,-0.6071,-2.375,4.571,-6.946,,,,,,,,,,,,
632215,2021-04-11,2021,Minnesota Twins,Seattle Mariners,Matt Shoemaker,Chris Flexen,6,8,0,-180,165,-185.0,160.0,8.5,8.5,-1.5,0.6301,0.3699,5.0,0.0,0,0,1.02,0.625,0.5,0.125,2.875,-1.625,4.5,,,,,,,,,,,,
632230,2021-04-12,2021,St. Louis Cardinals,Washington Nationals,John Gant,Erick Fedde,2,5,0,-138,128,-145.0,131.0,8.5,8.5,-1.5,0.5693,0.4307,7.0,0.0,0,0,0.98,0.5556,0.1111,0.4445,-0.556,-0.889,0.33299999999999996,,,,,,,,,,,,
632221,2021-04-12,2021,Milwaukee Brewers,Chicago Cubs,Freddy Peralta,Adbert Alzolay,6,3,1,-126,116,-150.0,135.0,8.5,8.5,-1.5,0.5463,0.4537,24.0,0.0,1,0,1.03,0.5556,0.4444,0.11119999999999997,0.556,-1.222,1.778,,,,,,,,,,,,
632219,2021-04-12,2021,Atlanta Braves,Miami Marlins,Huascar Ynoa,Sandy Alcantara,3,5,0,-134,124,-165.0,149.0,8.5,8.5,-1.5,0.5619,0.4381,31.0,0.0,1,0,1.05,0.4444,0.2222,0.2222,0.111,-1.0,1.111,,,,,,,,,,,,
632204,2021-04-12,2021,Tampa Bay Rays,Texas Rangers,Tyler Glasnow,Dane Dunning,1,0,1,-205,185,-205.0,183.0,7.0,7.5,-1.5,0.657,0.343,0.0,-0.5,0,0,0.91,0.4444,0.3333,0.11110000000000003,-1.556,-1.667,0.11099999999999999,,,,,,,,,,,,
632198,2021-04-12,2021,Pittsburgh Pirates,San Diego Padres,Trevor Cahill,Yu Darvish,2,6,0,178,-196,188.0,-210.0,7.5,8.5,1.5,0.352,0.648,-10.0,-1.0,0,0,0.96,0.3333,0.7,-0.36669999999999997,-1.667,1.6,-3.2670000000000003,,,,,,,,,,,,
632203,2021-04-12,2021,Toronto Blue Jays,New York Yankees,Robbie Ray,Gerrit Cole,1,3,0,176,-192,166.0,-195.0,9.0,9.0,1.5,0.3553,0.6447,10.0,0.0,0,0,1.04,0.4,0.4444,-0.044399999999999995,0.7,0.556,0.1439999999999999,,,,,,,,,,,,
634535,2021-04-13,2021,Pittsburgh Pirates,San Diego Padres,Chad Kuhl,Blake Snell,8,4,1,210,-240,180.0,-215.0,8.0,7.5,1.5,0.3137,0.6863,30.0,0.5,0,0,0.96,0.3,0.7,-0.39999999999999997,-1.9,1.9,-3.8,,,,,,,,,,,,
634502,2021-04-13,2021,St. Louis Cardinals,Washington Nationals,Jack Flaherty,Stephen Strasburg,14,3,1,-104,-106,-119.0,-101.0,7.0,7.5,-1.5,0.4977,0.5023,15.0,-0.5,1,0,0.98,0.5,0.2,0.3,-0.8,-0.5,-0.30000000000000004,,,,,,,,,,,,
632194,2021-04-13,2021,Milwaukee Brewers,Chicago Cubs,Brandon Woodruff,Alec Mills,2,3,0,-143,133,-145.0,125.0,7.5,7.5,-1.5,0.5783,0.4217,2.0,0.0,0,0,1.03,0.6,0.4,0.19999999999999996,0.8,-1.4,2.2,,,,,,,,,,,,
632211,2021-04-13,2021,Atlanta Braves,Miami Marlins,Max Fried,Pablo López,8,14,0,-158,148,-190.0,163.0,7.5,8.0,-1.5,0.603,0.397,32.0,-0.5,1,0,1.05,0.4,0.3,0.10000000000000003,-0.1,-0.7,0.6,,,,,,,,,,,,
634489,2021-04-13,2021,Tampa Bay Rays,Texas Rangers,Ryan Yarbrough,Kyle Gibson,3,8,0,-163,153,-180.0,155.0,8.0,8.0,-1.5,0.6106,0.3894,17.0,0.0,1,0,0.91,0.5,0.3,0.2,-1.3,-1.6,0.30000000000000004,,,,,,,,,,,,
632189,2021-04-13,2021,New York Mets,Philadelphia Phillies,Taijuan Walker,Chase Anderson,4,3,1,-150,140,105.0,-125.0,6.5,7.5,-1.5,0.5902,0.4098,-255.0,-1.0,0,0,0.97,0.6,0.7,-0.09999999999999998,-0.5,0.3,-0.8,,,,,,,,,,,,
634569,2021-04-13,2021,Toronto Blue Jays,New York Yankees,Hyun Jin Ryu,Jameson Taillon,7,3,1,-113,103,-125.0,105.0,9.0,9.0,-1.5,0.5185,0.4815,12.0,0.0,1,0,1.04,0.3,0.5,-0.2,0.4,0.7,-0.29999999999999993,,,,,,,,,,,,
632206,2021-04-13,2021,Arizona Diamondbacks,Oakland Athletics,Zac Gallen,Jesús Luzardo,5,7,0,-105,-105,-108.0,-112.0,8.5,9.0,1.5,0.5,0.5,3.0,-0.5,0,0,0.92,0.4,0.3,0.10000000000000003,-0.7,-3.2,2.5,,,,,,,,,,,,
632213,2021-04-13,2021,Baltimore Orioles,Seattle Mariners,John Means,Justus Sheffield,3,4,0,-130,120,-140.0,120.0,7.0,9.0,-1.5,0.5543,0.4457,10.0,-2.0,0,0,1.08,0.4,0.6,-0.19999999999999996,-1.2,-1.1,-0.09999999999999987,,,,,,,,,,,,
632190,2021-04-13,2021,Minnesota Twins,Boston Red Sox,J.A. Happ,Martín Pérez,2,4,0,-122,112,-150.0,130.0,9.0,8.5,-1.5,0.5381,0.4619,28.0,0.5,1,0,1.02,0.5,0.7,-0.19999999999999996,2.1,1.8,0.30000000000000004,,,,,,,,,,,,
632231,2021-04-13,2021,Arizona Diamondbacks,Oakland Athletics,Madison Bumgarner,Chris Bassitt,5,9,0,-105,-105,-108.0,-112.0,8.5,9.0,1.5,0.5,0.5,3.0,-0.5,0,0,0.92,0.4,0.3,0.10000000000000003,-0.7,-3.2,2.5,,,,,,,,,,,,
632197,2021-04-13,2021,Kansas City Royals,Los Angeles Angels,Brady Singer,Alex Cobb,3,10,0,122,-132,105.0,-125.0,8.5,9.0,1.5,0.4419,0.5581,17.0,-0.5,0,0,1.01,0.625,0.7,-0.07499999999999996,0.375,-0.5,0.875,,,,,,,,,,,,
632220,2021-04-13,2021,Houston Astros,Detroit Tigers,Zack Greinke,Casey Mize,2,6,0,-176,163,-170.0,148.0,9.5,9.0,-1.5,0.6265,0.3735,-6.0,0.5,0,0,1.0,0.6667,0.3333,0.3334,2.556,-2.778,5.334,,,,,,,,,,,,
634581,2021-04-14,2021,Atlanta Braves,Miami Marlins,Charlie Morton,Nick Neidert,5,6,0,-250,220,-200.0,170.0,8.5,8.5,-1.5,0.6957,0.3043,-50.0,0.0,0,0,1.05,0.4,0.4,0.0,-0.6,0.0,-0.6,,,,,,,,,,,,
634528,2021-04-14,2021,New York Mets,Philadelphia Phillies,David Peterson,Zack Wheeler,5,1,1,104,-114,110.0,-130.0,8.0,8.0,1.5,0.4792,0.5208,-6.0,0.0,0,0,0.97,0.6,0.6,0.0,-0.4,0.1,-0.5,,,,,,,,,,,,
634496,2021-04-14,2021,Tampa Bay Rays,Texas Rangers,Josh Fleming,Kohei Arihara,1,5,0,-189,174,-180.0,155.0,8.0,8.5,-1.5,0.6418,0.3582,-9.0,-0.5,0,0,0.91,0.4,0.4,0.0,-1.9,-0.7,-1.2,,,,,,,,,,,,
634521,2021-04-14,2021,Houston Astros,Detroit Tigers,Lance McCullers Jr.,Michael Fulmer,4,6,0,-183,168,-230.0,192.0,8.0,9.0,-1.5,0.6341,0.3659,47.0,-1.0,1,0,1.0,0.6,0.4,0.19999999999999996,1.9,-2.1,4.0,,,,,,,,,,,,
634523,2021-04-14,2021,Pittsburgh Pirates,San Diego Padres,Tyler Anderson,Joe Musgrove,5,1,1,176,-192,192.0,-230.0,7.5,8.0,1.5,0.3553,0.6447,-16.0,-0.5,0,1,0.96,0.3,0.6,-0.3,-1.7,1.3,-3.0,,,,,,,,,,,,
634495,2021-04-14,2021,Kansas City Royals,Los Angeles Angels,Brad Keller,Griffin Canning,6,1,1,116,-126,110.0,-130.0,8.5,9.5,1.5,0.4537,0.5463,6.0,-1.0,0,0,1.01,0.5556,0.7,-0.14439999999999997,-0.444,0.1,-0.544,,,,,,,,,,,,
634574,2021-04-14,2021,Minnesota Twins,Boston Red Sox,Kenta Maeda,Nathan Eovaldi,2,3,0,-130,120,-145.0,125.0,6.0,6.0,-1.5,0.5543,0.4457,15.0,0.0,1,0,1.02,0.5,0.8,-0.30000000000000004,2.0,2.0,0.0,,,,,,,,,,,,
634541,2021-04-14,2021,St. Louis Cardinals,Washington Nationals,Adam Wainwright,Joe Ross,0,6,0,-116,106,-125.0,105.0,8.5,8.5,-1.5,0.5252,0.4748,9.0,0.0,0,0,0.98,0.5,0.2,0.3,-0.2,-1.6,1.4000000000000001,,,,,,,,,,,,
634513,2021-04-14,2021,Toronto Blue Jays,New York Yankees,T.J. Zeuch,Corey Kluber,5,4,1,130,-140,100.0,-120.0,10.5,10.5,1.5,0.427,0.573,30.0,0.0,0,0,1.04,0.4,0.5,-0.09999999999999998,1.0,0.4,0.6,,,,,,,,,,,,
632212,2021-04-14,2021,Los Angeles Dodgers,Colorado Rockies,Trevor Bauer,Antonio Senzatela,7,0,1,-255,225,-260.0,215.0,7.5,7.5,-1.5,0.7001,0.2999,5.0,0.0,0,0,0.93,0.8,0.3,0.5,2.3,-0.2,2.5,,,,,,,,,,,,
632210,2021-04-14,2021,Kansas City Royals,Los Angeles Angels,Danny Duffy,Dylan Bundy,3,2,1,116,-126,110.0,-130.0,8.5,9.5,1.5,0.4537,0.5463,6.0,-1.0,0,0,1.01,0.5556,0.7,-0.14439999999999997,-0.444,0.1,-0.544,,,,,,,,,,,,
632229,2021-04-14,2021,Houston Astros,Detroit Tigers,Jake Odorizzi,Matthew Boyd,2,8,0,-183,168,-230.0,192.0,8.0,9.0,-1.5,0.6341,0.3659,47.0,-1.0,1,0,1.0,0.6,0.4,0.19999999999999996,1.9,-2.1,4.0,,,,,,,,,,,,
634553,2021-04-14,2021,Milwaukee Brewers,Chicago Cubs,Corbin Burnes,Jake Arrieta,7,0,1,-174,162,-170.0,148.0,7.5,7.5,-1.5,0.6246,0.3754,-4.0,0.0,0,0,1.03,0.5,0.5,0.0,0.6,-1.1,1.7000000000000002,,,,,,,,,,,,
634614,2021-04-15,2021,Los Angeles Dodgers,Colorado Rockies,Dustin May,Jon Gray,4,2,1,-270,240,-300.0,245.0,7.5,7.5,-1.5,0.7127,0.2873,30.0,0.0,1,0,0.93,0.9,0.2,0.7,3.3,-1.2,4.5,,,,,,,,,,,,
634579,2021-04-15,2021,Atlanta Braves,Miami Marlins,Ian Anderson,Trevor Rogers,7,6,1,-157,147,-175.0,151.0,8.0,8.0,-1.5,0.6014,0.3986,18.0,0.0,1,0,1.05,0.4,0.5,-0.09999999999999998,-0.3,0.3,-0.6,,,,,,,,,,,,
634621,2021-04-15,2021,Pittsburgh Pirates,San Diego Padres,Mitch Keller,Chris Paddack,3,8,0,135,-145,155.0,-180.0,7.5,8.0,1.5,0.4183,0.5817,-20.0,-0.5,0,1,0.96,0.4,0.6,-0.19999999999999996,-0.9,1.1,-2.0,,,,,,,,,,,,
634571,2021-04-15,2021,Baltimore Orioles,Seattle Mariners,Matt Harvey,Marco Gonzales,2,4,0,-102,-108,103.0,-123.0,7.0,7.5,1.5,0.493,0.507,-205.0,-0.5,0,1,1.08,0.2,0.7,-0.49999999999999994,-1.5,-0.8,-0.7,,,,,,,,,,,,
634554,2021-04-15,2021,Minnesota Twins,Boston Red Sox,Michael Pineda,Garrett Richards,4,3,1,-135,125,-160.0,140.0,8.5,8.5,-1.5,0.5638,0.4362,25.0,0.0,1,0,1.02,0.4,0.9,-0.5,1.7,2.3,-0.5999999999999999,,,,,,,,,,,,
634481,2021-04-15,2021,Washington Nationals,Arizona Diamondbacks,Patrick Corbin,Merrill Kelly,6,11,0,-172,161,-160.0,140.0,8.5,9.0,-1.5,0.6227,0.3773,-12.0,-0.5,0,0,0.95,0.3,0.4,-0.10000000000000003,-1.0,-1.0,0.0,,,,,,,,,,,,
634522,2021-04-15,2021,Tampa Bay Rays,Texas Rangers,Rich Hill,Jordan Lyles,4,6,0,-180,165,-170.0,148.0,8.0,8.0,-1.5,0.6301,0.3699,-10.0,0.0,0,0,0.91,0.3,0.5,-0.2,-2.5,0.4,-2.9,,,,,,,,,,,,
634474,2021-04-16,2021,Philadelphia Phillies,St. Louis Cardinals,Zach Eflin,Carlos Martinez,9,2,1,-144,134,-130.0,110.0,8.0,9.0,-1.5,0.58,0.42,-14.0,-1.0,0,0,1.07,0.5,0.5,0.0,-0.8,-0.5,-0.30000000000000004,,,,,,,,,,,,
634469,2021-04-16,2021,Washington Nationals,Arizona Diamondbacks,Max Scherzer,Taylor Widener,1,0,1,-192,176,-200.0,170.0,8.5,8.0,-1.5,0.6447,0.3553,8.0,0.5,0,0,0.95,0.3,0.5,-0.2,-1.5,0.2,-1.7,,,,,,,,,,,,
634464,2021-04-16,2021,New York Yankees,Tampa Bay Rays,Nick Nelson,Michael Wacha,2,8,0,-159,149,-110.0,-110.0,9.5,4.5,-1.5,0.6045,0.3955,-49.0,5.0,0,0,1.12,0.4,0.3,0.10000000000000003,0.1,-2.2,2.3000000000000003,,,,,,,,,,,,
634632,2021-04-16,2021,Oakland Athletics,Detroit Tigers,Sean Manaea,Tarik Skubal,8,4,1,-185,170,-165.0,144.0,8.5,8.5,-1.5,0.6367,0.3633,-20.0,0.0,0,0,0.9,0.5,0.4,0.09999999999999998,-1.1,-1.7,0.5999999999999999,,,,,,,,,,,,
634548,2021-04-16,2021,Chicago Cubs,Atlanta Braves,Zach Davies,Kyle Wright,2,5,0,-110,100,-105.0,-115.0,8.0,7.5,-1.5,0.5116,0.4884,-5.0,0.5,0,0,1.06,0.4,0.5,-0.09999999999999998,-2.2,-0.1,-2.1,,,,,,,,,,,,
634473,2021-04-17,2021,Milwaukee Brewers,Pittsburgh Pirates,Brett Anderson,Trevor Cahill,7,1,1,-129,119,-150.0,130.0,8.0,8.5,-1.5,0.5523,0.4477,21.0,-0.5,1,0,1.03,0.6,0.4,0.19999999999999996,1.5,-1.3,2.8,,,,,,,,,,,,
634543,2021-04-17,2021,Texas Rangers,Baltimore Orioles,Dane Dunning,Dean Kremer,1,6,0,-135,125,-133.0,113.0,8.5,8.0,-1.5,0.5638,0.4362,-2.0,0.5,0,0,1.1,0.5,0.1,0.4,0.2,-2.5,2.7,,,,,,,,,,,,
634479,2021-04-17,2021,Oakland Athletics,Detroit Tigers,Cole Irvin,Casey Mize,7,0,1,-128,118,-130.0,110.0,9.0,9.0,-1.5,0.5503,0.4497,2.0,0.0,0,0,0.9,0.6,0.4,0.19999999999999996,-0.3,-1.5,1.2,,,,,,,,,,,,
634471,2021-04-17,2021,Boston Red Sox,Chicago White Sox,Nick Pivetta,Dylan Cease,7,4,1,-127,117,-122.0,102.0,9.0,9.0,-1.5,0.5483,0.4517,-5.0,0.0,0,0,1.14,0.8,0.5,0.30000000000000004,2.1,1.2,0.9000000000000001,,,,,,,,,,,,
634470,2021-04-17,2021,Philadelphia Phillies,St. Louis Cardinals,Matt Moore,Kwang Hyun Kim,4,9,0,-108,-102,110.0,-130.0,8.5,8.5,-1.5,0.507,0.493,-218.0,0.0,0,1,1.07,0.5,0.5,0.0,-0.3,-0.1,-0.19999999999999998,,,,,,,,,,,,
634462,2021-04-17,2021,Chicago Cubs,Atlanta Braves,Trevor Williams,Huascar Ynoa,13,4,1,101,-111,115.0,-135.0,7.5,8.5,1.5,0.4861,0.5139,-14.0,-1.0,0,1,1.06,0.3,0.5,-0.2,-2.6,0.2,-2.8000000000000003,,,,,,,,,,,,
634477,2021-04-17,2021,Kansas City Royals,Toronto Blue Jays,Mike Minor,Steven Matz,1,5,0,-105,-105,110.0,-130.0,6.5,9.0,1.5,0.5,0.5,-215.0,-2.5,0,1,1.01,0.6,0.3,0.3,-0.7,0.3,-1.0,,,,,,,,,,,,
634500,2021-04-17,2021,New York Yankees,Tampa Bay Rays,Jordan Montgomery,Tyler Glasnow,3,6,0,-105,-105,110.0,-130.0,7.5,8.5,1.5,0.5,0.5,-215.0,-1.0,0,1,1.12,0.4,0.4,0.0,-0.3,-0.7,0.39999999999999997,,,,,,,,,,,,
634485,2021-04-17,2021,Colorado Rockies,New York Mets,Chi Chi González,Jacob deGrom,3,4,0,108,-118,100.0,-120.0,8.0,10.5,1.5,0.4704,0.5296,8.0,-2.5,0,0,1.38,0.2,0.5,-0.3,-0.9,0.0,-0.9,,,,,,,,,,,,
634561,2021-04-17,2021,Colorado Rockies,New York Mets,Chi Chi González,Jacob deGrom,0,0,0,108,-118,100.0,-120.0,8.0,10.5,1.5,0.4704,0.5296,8.0,-2.5,0,0,1.38,0.2,0.5,-0.3,-0.9,0.0,-0.9,,,,,,,,,,,,
634520,2021-04-17,2021,Kansas City Royals,Toronto Blue Jays,Mike Minor,Steven Matz,0,0,0,-105,-105,110.0,-130.0,6.5,9.0,1.5,0.5,0.5,-215.0,-2.5,0,1,1.01,0.6,0.3,0.3,-0.7,0.3,-1.0,,,,,,,,,,,,
634517,2021-04-17,2021,Seattle Mariners,Houston Astros,Yusei Kikuchi,José Urquidy,6,5,1,118,-128,125.0,-145.0,8.5,8.0,1.5,0.4497,0.5503,-7.0,0.5,0,0,0.89,0.7,0.4,0.29999999999999993,-1.0,-0.4,-0.6,,,,,,,,,,,,
634531,2021-04-17,2021,San Diego Padres,Los Angeles Dodgers,Ryan Weathers,Walker Buehler,6,11,0,106,-116,125.0,-145.0,7.0,7.5,1.5,0.4748,0.5252,-19.0,-0.5,0,1,0.9,0.6,0.9,-0.30000000000000004,0.9,3.1,-2.2,,,,,,,,,,,,
634525,2021-04-17,2021,Oakland Athletics,Detroit Tigers,Frankie Montas,José Ureña,3,0,1,-128,118,-130.0,110.0,9.0,9.0,-1.5,0.5503,0.4497,2.0,0.0,0,0,0.9,0.6,0.4,0.19999999999999996,-0.3,-1.5,1.2,,,,,,,,,,,,
634483,2021-04-17,2021,Milwaukee Brewers,Pittsburgh Pirates,Adrian Houser,JT Brubaker,1,6,0,-129,119,-150.0,130.0,8.0,8.5,-1.5,0.5523,0.4477,21.0,-0.5,1,0,1.03,0.6,0.4,0.19999999999999996,1.5,-1.3,2.8,,,,,,,,,,,,
634463,2021-04-17,2021,Texas Rangers,Baltimore Orioles,Mike Foltynewicz,Jorge López,2,5,0,-135,125,-133.0,113.0,8.5,8.0,-1.5,0.5638,0.4362,-2.0,0.5,0,0,1.1,0.5,0.1,0.4,0.2,-2.5,2.7,,,,,,,,,,,,
634507,2021-04-17,2021,Washington Nationals,Arizona Diamondbacks,Erick Fedde,Luke Weaver,6,2,1,-113,103,100.0,-120.0,8.5,9.0,-1.5,0.5185,0.4815,-213.0,-0.5,0,0,0.95,0.4,0.4,0.0,-1.4,-0.1,-1.2999999999999998,,,,,,,,,,,,
634488,2021-04-18,2021,San Diego Padres,Los Angeles Dodgers,Blake Snell,Trevor Bauer,5,2,1,115,-125,120.0,-140.0,7.5,8.0,1.5,0.4557,0.5443,-5.0,-0.5,0,0,0.9,0.6,0.9,-0.30000000000000004,0.5,3.4,-2.9,,,,,,,,,,,,
634480,2021-04-18,2021,Oakland Athletics,Detroit Tigers,Chris Bassitt,Matthew Boyd,3,2,1,-150,140,-130.0,110.0,8.5,8.5,-1.5,0.5902,0.4098,-20.0,0.0,0,0,0.9,0.8,0.3,0.5,2.1,-1.7,3.8,,,,,,,,,,,,
634468,2021-04-18,2021,Colorado Rockies,New York Mets,Antonio Senzatela,Marcus Stroman,1,2,0,165,-180,151.0,-175.0,11.0,10.0,1.5,0.3699,0.6301,14.0,1.0,0,0,1.38,0.2,0.6,-0.39999999999999997,-0.7,-0.1,-0.6,,,,,,,,,,,,
634511,2021-04-18,2021,Texas Rangers,Baltimore Orioles,Kyle Gibson,John Means,1,0,1,100,-110,-110.0,-110.0,8.0,8.5,1.5,0.4884,0.5116,210.0,-0.5,0,0,1.1,0.4,0.3,0.10000000000000003,-0.5,-0.5,0.0,,,,,,,,,,,,
634455,2021-04-18,2021,Milwaukee Brewers,Pittsburgh Pirates,Freddy Peralta,Chad Kuhl,5,6,0,-200,180,-180.0,155.0,7.5,8.5,-1.5,0.6512,0.3488,-20.0,-1.0,0,0,1.03,0.7,0.5,0.19999999999999996,2.4,0.1,2.3,,,,,,,,,,,,
634442,2021-04-18,2021,Kansas City Royals,Toronto Blue Jays,Brady Singer,Robbie Ray,2,0,1,-112,102,115.0,-135.0,8.5,9.0,-1.5,0.5162,0.4838,-227.0,-0.5,0,0,1.01,0.5,0.5,0.0,-1.0,1.1,-2.1,,,,,,,,,,,,
634493,2021-04-18,2021,Washington Nationals,Arizona Diamondbacks,Paolo Espino,Madison Bumgarner,2,5,0,-142,132,-231.0,192.0,9.5,8.5,-1.5,0.5765,0.4235,89.0,1.0,1,0,0.95,0.4,0.3,0.10000000000000003,-1.1,-0.7,-0.40000000000000013,,,,,,,,,,,,
634458,2021-04-18,2021,New York Yankees,Tampa Bay Rays,Gerrit Cole,Andrew Kittredge,2,4,0,-250,220,-235.0,195.0,7.5,8.0,-1.5,0.6957,0.3043,-15.0,-0.5,0,0,1.12,0.3,0.5,-0.2,-1.3,-0.3,-1.0,,,,,,,,,,,,
634498,2021-04-18,2021,Philadelphia Phillies,St. Louis Cardinals,Aaron Nola,John Gant,2,0,1,-176,163,-176.0,152.0,8.0,8.0,-1.5,0.6265,0.3735,0.0,0.0,0,0,1.07,0.5,0.5,0.0,-0.4,0.1,-0.5,,,,,,,,,,,,
634447,2021-04-18,2021,Seattle Mariners,Houston Astros,Chris Flexen,Zack Greinke,0,1,0,112,-122,-110.0,-110.0,9.0,9.0,1.5,0.4619,0.5381,222.0,0.0,0,0,0.89,0.8,0.3,0.5,-0.3,-0.9,0.6000000000000001,,,,,,,,,,,,
634449,2021-04-18,2021,San Diego Padres,Los Angeles Dodgers,Yu Darvish,Clayton Kershaw,0,2,0,115,-125,120.0,-140.0,7.5,8.0,1.5,0.4557,0.5443,-5.0,-0.5,0,0,0.9,0.6,0.9,-0.30000000000000004,0.5,3.4,-2.9,,,,,,,,,,,,
634538,2021-04-18,2021,Seattle Mariners,Houston Astros,Nick Margevicius,Jake Odorizzi,7,2,1,112,-122,-110.0,-110.0,9.0,9.0,1.5,0.4619,0.5381,222.0,0.0,0,0,0.89,0.8,0.3,0.5,-0.3,-0.9,0.6000000000000001,,,,,,,,,,,,
634532,2021-04-18,2021,Boston Red Sox,Chicago White Sox,Tanner Houck,Dallas Keuchel,2,3,0,-108,-102,-107.0,-113.0,7.0,7.0,-1.5,0.507,0.493,-1.0,0.0,0,0,1.14,0.8,0.5,0.30000000000000004,2.3,1.3,0.9999999999999998,,,,,,,,,,,,
634506,2021-04-18,2021,Chicago Cubs,Atlanta Braves,Kyle Hendricks,Bryse Wilson,4,13,0,-140,130,-143.0,123.0,9.0,9.0,-1.5,0.573,0.427,3.0,0.0,0,0,1.06,0.3,0.5,-0.2,-1.9,-0.6,-1.2999999999999998,,,,,,,,,,,,
634431,2021-04-19,2021,Washington Nationals,St. Louis Cardinals,Joe Ross,Jack Flaherty,5,12,0,-102,-108,-110.0,-110.0,8.0,8.0,1.5,0.493,0.507,8.0,0.0,0,0,0.95,0.4,0.4,0.0,-1.3,-0.3,-1.0,,,,,,,,,,,,
634445,2021-04-19,2021,Boston Red Sox,Chicago White Sox,Nathan Eovaldi,Lucas Giolito,11,4,1,105,-115,-110.0,-110.0,7.5,8.0,1.5,0.477,0.523,215.0,-0.5,0,0,1.14,0.7,0.5,0.19999999999999996,1.5,0.8,0.7,,,,,,,,,,,,
634427,2021-04-20,2021,Miami Marlins,Baltimore Orioles,Nick Neidert,Matt Harvey,5,7,0,-118,108,-145.0,125.0,8.5,8.0,-1.5,0.5296,0.4704,27.0,0.5,1,0,0.88,0.6,0.2,0.39999999999999997,1.2,-0.7,1.9,,,,,,,,,,,,
634396,2021-04-20,2021,Kansas City Royals,Tampa Bay Rays,Danny Duffy,Josh Fleming,1,4,0,-105,-105,-117.0,-103.0,8.0,8.5,-1.5,0.5,0.5,12.0,-0.5,1,0,1.01,0.6,0.6,0.0,-0.6,0.6,-1.2,,,,,,,,,,,,
634536,2021-04-20,2021,Los Angeles Angels,Texas Rangers,Dylan Bundy,Kohei Arihara,4,6,0,-184,169,-210.0,176.0,8.5,8.5,-1.5,0.6354,0.3646,26.0,0.0,1,0,0.94,0.5,0.4,0.09999999999999998,0.2,-0.5,0.7,,,,,,,,,,,,
634421,2021-04-20,2021,Seattle Mariners,Los Angeles Dodgers,Justus Sheffield,Dustin May,4,3,1,175,-190,176.0,-210.0,8.0,8.5,1.5,0.3569,0.6431,-1.0,-0.5,0,0,0.89,0.8,0.9,-0.09999999999999998,0.3,2.7,-2.4000000000000004,,,,,,,,,,,,
634399,2021-04-20,2021,San Diego Padres,Milwaukee Brewers,Joe Musgrove,Brandon Woodruff,1,3,0,102,-112,-125.0,105.0,6.5,7.0,1.5,0.4838,0.5162,227.0,-0.5,0,0,0.9,0.6,0.6,0.0,0.5,1.9,-1.4,,,,,,,,,,,,
634466,2021-04-20,2021,Oakland Athletics,Minnesota Twins,Jesús Luzardo,,0,0,0,106,-116,-115.0,-105.0,5.5,6.0,1.5,0.4748,0.5252,221.0,-0.5,0,0,0.9,0.8,0.4,0.4,2.1,-0.4,2.5,,,,,,,,,,,,
634417,2021-04-20,2021,Seattle Mariners,Los Angeles Dodgers,Marco Gonzales,Julio Urías,0,1,0,175,-190,176.0,-210.0,8.0,8.5,1.5,0.3569,0.6431,-1.0,-0.5,0,0,0.89,0.8,0.9,-0.09999999999999998,0.3,2.7,-2.4000000000000004,,,,,,,,,,,,
634490,2021-04-20,2021,Oakland Athletics,Minnesota Twins,Sean Manaea,Matt Shoemaker,7,0,1,106,-116,-115.0,-105.0,5.5,6.0,1.5,0.4748,0.5252,221.0,-0.5,0,0,0.9,0.8,0.4,0.4,2.1,-0.4,2.5,,,,,,,,,,,,
634422,2021-04-20,2021,New York Yankees,Atlanta Braves,Jameson Taillon,Charlie Morton,3,1,1,-118,108,-120.0,100.0,8.5,9.0,-1.5,0.5296,0.4704,2.0,-0.5,0,0,1.12,0.2,0.5,-0.3,-2.0,0.2,-2.2,,,,,,,,,,,,
634408,2021-04-20,2021,Cincinnati Reds,Arizona Diamondbacks,Luis Castillo,Zac Gallen,4,5,0,-142,132,-130.0,110.0,7.5,8.0,-1.5,0.5765,0.4235,-12.0,-0.5,0,0,1.18,0.5,0.4,0.09999999999999998,0.0,0.0,0.0,,,,,,,,,,,,
634509,2021-04-20,2021,Washington Nationals,St. Louis Cardinals,Patrick Corbin,Adam Wainwright,3,2,1,-111,101,-110.0,-110.0,9.0,9.0,-1.5,0.5139,0.4861,-1.0,0.0,0,0,0.95,0.4,0.4,0.0,-1.9,-0.3,-1.5999999999999999,,,,,,,,,,,,
634409,2021-04-20,2021,Boston Red Sox,Toronto Blue Jays,Eduardo Rodriguez,Hyun Jin Ryu,4,2,1,-103,-107,-115.0,-105.0,8.0,8.5,1.5,0.4954,0.5046,12.0,-0.5,1,0,1.14,0.7,0.5,0.19999999999999996,1.8,1.1,0.7,,,,,,,,,,,,
634411,2021-04-20,2021,Chicago Cubs,New York Mets,Jake Arrieta,Taijuan Walker,3,1,1,115,-125,120.0,-140.0,7.5,7.5,1.5,0.4557,0.5443,-5.0,0.0,0,0,1.06,0.3,0.7,-0.39999999999999997,-2.4,0.6,-3.0,,,,,,,,,,,,
634430,2021-04-21,2021,Los Angeles Angels,Texas Rangers,Jose Quintana,Mike Foltynewicz,4,7,0,-172,161,-160.0,140.0,9.0,9.0,-1.5,0.6227,0.3773,-12.0,0.0,0,0,0.94,0.4,0.5,-0.09999999999999998,-0.2,0.0,-0.2,,,,,,,,,,,,
634476,2021-04-21,2021,San Diego Padres,Milwaukee Brewers,Dinelson Lamet,Adrian Houser,2,4,0,-196,178,-200.0,170.0,7.5,7.5,-1.5,0.648,0.352,4.0,0.0,0,0,0.9,0.5,0.6,-0.09999999999999998,0.0,1.9,-1.9,,,,,,,,,,,,
634406,2021-04-21,2021,Colorado Rockies,Houston Astros,Jon Gray,Luis Garcia,6,2,1,130,-140,115.0,-135.0,10.0,10.5,1.5,0.427,0.573,15.0,-0.5,0,0,1.38,0.1,0.2,-0.1,-1.6,-2.2,0.6000000000000001,,,,,,,,,,,,
634444,2021-04-21,2021,Cincinnati Reds,Arizona Diamondbacks,Tyler Mahle,Merrill Kelly,5,8,0,-168,158,-170.0,148.0,8.0,9.0,-1.5,0.6179,0.3821,2.0,-1.0,0,0,1.18,0.4,0.5,-0.09999999999999998,-0.8,0.9,-1.7000000000000002,,,,,,,,,,,,
634405,2021-04-21,2021,Washington Nationals,St. Louis Cardinals,Max Scherzer,Carlos Martinez,1,0,1,-159,149,-185.0,160.0,7.5,8.5,-1.5,0.6045,0.3955,26.0,-1.0,1,0,0.95,0.5,0.3,0.2,-1.5,-0.6,-0.9,,,,,,,,,,,,
634504,2021-04-21,2021,New York Yankees,Atlanta Braves,Corey Kluber,Ian Anderson,1,4,0,-140,130,-130.0,110.0,9.0,9.0,-1.5,0.573,0.427,-10.0,0.0,0,0,1.12,0.3,0.4,-0.10000000000000003,-1.7,-0.7,-1.0,,,,,,,,,,,,
634440,2021-04-21,2021,Oakland Athletics,Minnesota Twins,Frankie Montas,Kenta Maeda,13,12,1,-112,102,100.0,-120.0,7.5,8.0,-1.5,0.5162,0.4838,-212.0,-0.5,0,0,0.9,0.9,0.4,0.5,3.6,-1.8,5.4,,,,,,,,,,,,
634407,2021-04-21,2021,Kansas City Royals,Tampa Bay Rays,Brad Keller,Rich Hill,7,14,0,100,-110,-110.0,-110.0,8.0,8.5,1.5,0.4884,0.5116,210.0,-0.5,0,0,1.01,0.6,0.6,0.0,-0.3,0.4,-0.7,,,,,,,,,,,,
634423,2021-04-21,2021,Detroit Tigers,Pittsburgh Pirates,Spencer Turnbull,Miguel Yajure,5,2,1,-123,113,-121.0,101.0,6.0,6.0,-1.5,0.5402,0.4598,-2.0,0.0,0,0,1.0,0.3,0.7,-0.39999999999999997,-1.4,1.1,-2.5,,,,,,,,,,,,
634497,2021-04-21,2021,Miami Marlins,Baltimore Orioles,Trevor Rogers,Bruce Zimmermann,3,0,1,-155,145,-135.0,115.0,7.5,8.0,-1.5,0.5983,0.4017,-20.0,-0.5,0,0,0.88,0.6,0.3,0.3,1.1,-0.1,1.2000000000000002,,,,,,,,,,,,
634392,2021-04-21,2021,San Diego Padres,Milwaukee Brewers,Chris Paddack,Corbin Burnes,0,6,0,-196,178,-200.0,170.0,7.5,7.5,-1.5,0.648,0.352,4.0,0.0,0,0,0.9,0.5,0.6,-0.09999999999999998,0.0,1.9,-1.9,,,,,,,,,,,,
634398,2021-04-21,2021,Los Angeles Angels,Texas Rangers,Shohei Ohtani,Jordan Lyles,6,2,1,-172,161,-160.0,140.0,9.0,9.0,-1.5,0.6227,0.3773,-12.0,0.0,0,0,0.94,0.4,0.5,-0.09999999999999998,-0.2,0.0,-0.2,,,,,,,,,,,,
634459,2021-04-21,2021,Boston Red Sox,Toronto Blue Jays,Garrett Richards,Trent Thornton,3,6,0,-128,118,-126.0,106.0,9.5,10.0,-1.5,0.5503,0.4497,-2.0,-0.5,0,0,1.14,0.7,0.5,0.19999999999999996,1.8,1.5,0.30000000000000004,,,,,,,,,,,,
634424,2021-04-21,2021,Colorado Rockies,Houston Astros,Austin Gomber,José Urquidy,6,3,1,130,-140,115.0,-135.0,10.0,10.5,1.5,0.427,0.573,15.0,-0.5,0,0,1.38,0.1,0.2,-0.1,-1.6,-2.2,0.6000000000000001,,,,,,,,,,,,
634453,2021-04-21,2021,Chicago Cubs,New York Mets,Zach Davies,David Peterson,16,4,1,113,-123,115.0,-135.0,7.5,7.5,1.5,0.4598,0.5402,-2.0,0.0,0,0,1.06,0.4,0.6,-0.19999999999999996,-2.0,0.3,-2.3,,,,,,,,,,,,
634419,2021-04-22,2021,Chicago Cubs,New York Mets,Trevor Williams,Joey Lucchesi,4,3,1,-110,100,122.0,-135.0,9.5,9.5,-1.5,0.5116,0.4884,-232.0,0.0,0,0,1.06,0.4,0.6,-0.19999999999999996,-1.0,-0.6,-0.4,,,,,,,,,,,,
634508,2021-04-22,2021,Boston Red Sox,Seattle Mariners,Nick Pivetta,Justin Dunn,3,7,0,-164,154,-170.0,153.0,9.5,9.5,-1.5,0.6121,0.3879,6.0,0.0,0,0,1.14,0.6,0.8,-0.20000000000000007,1.0,1.0,0.0,,,,,,,,,,,,
634514,2021-04-22,2021,Cincinnati Reds,Arizona Diamondbacks,Jeff Hoffman,Taylor Widener,11,14,0,-142,132,-150.0,135.0,8.5,8.5,-1.5,0.5765,0.4235,8.0,0.0,0,0,1.18,0.3,0.6,-0.3,-1.2,1.3,-2.5,,,,,,,,,,,,
634492,2021-04-22,2021,Detroit Tigers,Pittsburgh Pirates,José Ureña,Mitch Keller,2,4,0,-115,105,-124.0,104.0,8.5,8.5,-1.5,0.523,0.477,9.0,0.0,0,0,1.0,0.4,0.6,-0.19999999999999996,-0.3,0.2,-0.5,,,,,,,,,,,,
634413,2021-04-23,2021,Tampa Bay Rays,Toronto Blue Jays,Tyler Glasnow,Steven Matz,3,5,0,-161,151,-150.0,130.0,7.0,7.0,-1.5,0.6076,0.3924,-11.0,0.0,0,0,0.91,0.6,0.5,0.09999999999999998,1.0,0.4,0.6,,,,,,,,,,,,
634438,2021-04-23,2021,Houston Astros,Los Angeles Angels,Cristian Javier,Alex Cobb,8,2,1,-160,150,-130.0,110.0,8.0,8.5,-1.5,0.6061,0.3939,-30.0,-0.5,0,0,1.0,0.1,0.4,-0.30000000000000004,-3.2,0.7,-3.9000000000000004,,,,,,,,,,,,
634420,2021-04-23,2021,Los Angeles Dodgers,San Diego Padres,Walker Buehler,Ryan Weathers,2,3,0,-146,136,-160.0,140.0,6.5,7.0,-1.5,0.5834,0.4166,14.0,-0.5,1,0,0.93,0.8,0.3,0.5,2.2,-1.3,3.5,,,,,,,,,,,,
634426,2021-04-23,2021,Chicago Cubs,Milwaukee Brewers,Kyle Hendricks,Brett Anderson,15,2,1,-158,148,-142.0,122.0,9.0,10.0,-1.5,0.603,0.397,-16.0,-1.0,0,0,1.06,0.5,0.7,-0.19999999999999996,-0.3,2.5,-2.8,,,,,,,,,,,,
634389,2021-04-23,2021,Baltimore Orioles,Oakland Athletics,Jorge López,Cole Irvin,1,3,0,117,-127,110.0,-130.0,9.0,9.0,1.5,0.4517,0.5483,7.0,0.0,0,0,1.08,0.3,0.9,-0.6000000000000001,-0.2,3.3,-3.5,,,,,,,,,,,,
634412,2021-04-23,2021,Detroit Tigers,Kansas City Royals,Casey Mize,Mike Minor,2,6,0,100,-110,120.0,-140.0,8.5,8.5,1.5,0.4884,0.5116,-20.0,0.0,0,1,1.0,0.4,0.5,-0.09999999999999998,-0.2,-1.0,0.8,,,,,,,,,,,,
634429,2021-04-23,2021,New York Mets,Washington Nationals,Jacob deGrom,Erick Fedde,6,0,1,-300,260,-271.0,223.0,7.0,7.0,-1.5,0.7297,0.2703,-29.0,0.0,0,0,0.97,0.5,0.6,-0.09999999999999998,-0.8,-1.0,0.19999999999999996,,,,,,,,,,,,
634386,2021-04-23,2021,Boston Red Sox,Seattle Mariners,Martín Pérez,Yusei Kikuchi,6,5,1,-141,131,-130.0,110.0,9.0,9.0,-1.5,0.5747,0.4253,-11.0,0.0,0,0,1.14,0.5,0.8,-0.30000000000000004,0.6,1.2,-0.6,,,,,,,,,,,,
634415,2021-04-23,2021,Atlanta Braves,Arizona Diamondbacks,Huascar Ynoa,Luke Weaver,5,4,1,-155,145,-125.0,105.0,8.5,8.5,-1.5,0.5983,0.4017,-30.0,0.0,0,0,1.05,0.4,0.6,-0.19999999999999996,-0.5,1.1,-1.6,,,,,,,,,,,,
634416,2021-04-24,2021,Chicago Cubs,Milwaukee Brewers,Adbert Alzolay,Freddy Peralta,3,4,0,-105,-105,105.0,-125.0,7.5,8.0,-1.5,0.5,0.5,-210.0,-0.5,0,1,1.06,0.6,0.6,0.0,1.6,0.6,1.0,,,,,,,,,,,,
634443,2021-04-24,2021,New York Mets,Washington Nationals,Marcus Stroman,Joe Ross,1,7,0,-186,171,-190.0,163.0,8.0,8.0,-1.5,0.638,0.362,4.0,0.0,0,0,0.97,0.6,0.5,0.09999999999999998,-0.2,-1.9,1.7,,,,,,,,,,,,
634378,2021-04-24,2021,St. Louis Cardinals,Cincinnati Reds,Kwang Hyun Kim,Sonny Gray,5,4,1,-110,100,-101.0,-119.0,8.5,8.5,-1.5,0.5116,0.4884,-9.0,0.0,0,0,0.98,0.3,0.3,0.0,-0.3,-0.8,0.5,,,,,,,,,,,,
634358,2021-04-24,2021,Tampa Bay Rays,Toronto Blue Jays,Brent Honeywell,Robbie Ray,5,3,1,-137,127,-115.0,-105.0,8.5,8.5,-1.5,0.5675,0.4325,-22.0,0.0,0,0,0.91,0.5,0.6,-0.09999999999999998,0.7,0.6,0.09999999999999998,,,,,,,,,,,,
634395,2021-04-24,2021,St. Louis Cardinals,Cincinnati Reds,John Gant,Wade Miley,2,0,1,-110,100,-101.0,-119.0,8.5,8.5,-1.5,0.5116,0.4884,-9.0,0.0,0,0,0.98,0.3,0.3,0.0,-0.3,-0.8,0.5,,,,,,,,,,,,
634366,2021-04-24,2021,Houston Astros,Los Angeles Angels,Jake Odorizzi,Griffin Canning,16,2,1,-147,137,-145.0,125.0,8.5,9.0,-1.5,0.5851,0.4149,-2.0,-0.5,0,0,1.0,0.2,0.3,-0.09999999999999998,-2.2,0.1,-2.3000000000000003,,,,,,,,,,,,
634467,2021-04-24,2021,Minnesota Twins,Pittsburgh Pirates,Michael Pineda,Trevor Cahill,2,6,0,-210,190,-200.0,170.0,8.0,8.0,-1.5,0.6627,0.3373,-10.0,0.0,0,0,1.02,0.4,0.6,-0.19999999999999996,-1.7,-0.2,-1.5,,,,,,,,,,,,
634435,2021-04-24,2021,Chicago White Sox,Texas Rangers,Dylan Cease,Dane Dunning,9,7,1,-170,160,-165.0,144.0,7.5,8.0,-1.5,0.6208,0.3792,-5.0,-0.5,0,0,0.95,0.6,0.6,0.0,-0.1,0.4,-0.5,,,,,,,,,,,,
634375,2021-04-24,2021,Detroit Tigers,Kansas City Royals,Matthew Boyd,Brady Singer,1,2,0,104,-114,-105.0,-115.0,8.0,7.5,1.5,0.4792,0.5208,209.0,0.5,0,0,1.0,0.3,0.6,-0.3,-1.0,0.1,-1.1,,,,,,,,,,,,
634370,2021-04-24,2021,Los Angeles Dodgers,San Diego Padres,Clayton Kershaw,Yu Darvish,1,6,0,-146,136,-160.0,140.0,7.0,7.0,-1.5,0.5834,0.4166,14.0,0.0,1,0,0.93,0.7,0.3,0.39999999999999997,1.8,-1.6,3.4000000000000004,,,,,,,,,,,,
634401,2021-04-24,2021,Colorado Rockies,Philadelphia Phillies,Germán Márquez,Vince Velasquez,5,4,1,162,-174,135.0,-155.0,10.0,10.0,1.5,0.3754,0.6246,27.0,0.0,0,0,1.38,0.2,0.5,-0.3,-1.1,-0.5,-0.6000000000000001,,,,,,,,,,,,
634367,2021-04-24,2021,Baltimore Orioles,Oakland Athletics,Wade LeBlanc,Chris Bassitt,2,7,0,148,-158,130.0,-150.0,9.0,10.0,1.5,0.397,0.603,18.0,-1.0,0,0,1.08,0.3,0.9,-0.6000000000000001,0.1,3.1,-3.0,,,,,,,,,,,,
634434,2021-04-24,2021,Minnesota Twins,Pittsburgh Pirates,J.A. Happ,JT Brubaker,2,0,1,-210,190,-200.0,170.0,8.0,8.0,-1.5,0.6627,0.3373,-10.0,0.0,0,0,1.02,0.4,0.6,-0.19999999999999996,-1.7,-0.2,-1.5,,,,,,,,,,,,
634383,2021-04-24,2021,Houston Astros,Los Angeles Angels,Zack Greinke,Andrew Heaney,5,4,1,-147,137,-145.0,125.0,8.5,9.0,-1.5,0.5851,0.4149,-2.0,-0.5,0,0,1.0,0.2,0.3,-0.09999999999999998,-2.2,0.1,-2.3000000000000003,,,,,,,,,,,,
634373,2021-04-24,2021,Boston Red Sox,Seattle Mariners,Nathan Eovaldi,Chris Flexen,2,8,0,-194,177,-190.0,163.0,9.0,9.0,-1.5,0.6464,0.3536,-4.0,0.0,0,0,1.14,0.5,0.7,-0.19999999999999996,0.5,1.1,-0.6000000000000001,,,,,,,,,,,,
634384,2021-04-24,2021,Chicago White Sox,Texas Rangers,Dallas Keuchel,Kyle Gibson,2,1,1,-170,160,-165.0,144.0,7.5,8.0,-1.5,0.6208,0.3792,-5.0,-0.5,0,0,0.95,0.6,0.6,0.0,-0.1,0.4,-0.5,,,,,,,,,,,,
634393,2021-04-25,2021,Chicago White Sox,Texas Rangers,Michael Kopech,Kohei Arihara,8,4,1,-180,165,-210.0,175.0,7.5,7.5,-1.5,0.6301,0.3699,30.0,0.0,1,0,0.95,0.7,0.5,0.19999999999999996,0.3,-0.3,0.6,,,,,,,,,,,,
634456,2021-04-25,2021,St. Louis Cardinals,Cincinnati Reds,Jack Flaherty,Luis Castillo,5,2,1,-125,115,-120.0,100.0,7.0,8.0,-1.5,0.5443,0.4557,-5.0,-1.0,0,0,0.98,0.5,0.2,0.3,0.9,-0.9,1.8,,,,,,,,,,,,
634349,2021-04-25,2021,Minnesota Twins,Pittsburgh Pirates,Matt Shoemaker,Wil Crowe,2,6,0,-185,170,-210.0,175.0,8.5,8.0,-1.5,0.6367,0.3633,25.0,0.5,1,0,1.02,0.5,0.6,-0.09999999999999998,-1.7,0.0,-1.7,,,,,,,,,,,,
634388,2021-04-25,2021,Colorado Rockies,Philadelphia Phillies,Jon Gray,Chase Anderson,12,2,1,-110,100,-115.0,-105.0,11.5,10.5,-1.5,0.5116,0.4884,5.0,1.0,0,0,1.38,0.3,0.4,-0.10000000000000003,-0.9,-0.6,-0.30000000000000004,,,,,,,,,,,,
634356,2021-04-25,2021,Los Angeles Dodgers,San Diego Padres,Dustin May,Joe Musgrove,7,8,0,-124,114,-130.0,110.0,7.0,7.5,-1.5,0.5423,0.4577,6.0,-0.5,0,0,0.93,0.6,0.4,0.19999999999999996,0.9,-0.7,1.6,,,,,,,,,,,,
634400,2021-04-25,2021,Chicago Cubs,Milwaukee Brewers,Jake Arrieta,Brandon Woodruff,0,6,0,122,-132,120.0,-140.0,6.5,6.5,1.5,0.4419,0.5581,2.0,0.0,0,0,1.06,0.6,0.6,0.0,1.8,0.4,1.4,,,,,,,,,,,,
634403,2021-04-25,2021,Houston Astros,Los Angeles Angels,Lance McCullers Jr.,Dylan Bundy,2,4,0,-138,128,-135.0,115.0,8.0,8.0,-1.5,0.5693,0.4307,-3.0,0.0,0,0,1.0,0.4,0.2,0.2,0.1,-1.6,1.7000000000000002,,,,,,,,,,,,
634355,2021-04-25,2021,Boston Red Sox,Seattle Mariners,Eduardo Rodriguez,Nick Margevicius,5,3,1,-190,175,-210.0,175.0,8.5,9.0,-1.5,0.6431,0.3569,20.0,-0.5,1,0,1.14,0.4,0.7,-0.29999999999999993,-0.2,1.6,-1.8,,,,,,,,,,,,
634376,2021-04-25,2021,Tampa Bay Rays,Toronto Blue Jays,Luis Patiño,Hyun Jin Ryu,0,1,0,106,-116,110.0,-130.0,7.5,7.5,1.5,0.4748,0.5252,-4.0,0.0,0,0,0.91,0.6,0.6,0.0,1.4,0.6,0.7999999999999999,,,,,,,,,,,,
634404,2021-04-25,2021,Atlanta Braves,Arizona Diamondbacks,Bryse Wilson,Zac Gallen,0,5,0,-129,119,-135.0,115.0,6.5,7.0,-1.5,0.5523,0.4477,6.0,-0.5,0,0,1.05,0.5,0.6,-0.09999999999999998,-0.1,0.5,-0.6,,,,,,,,,,,,
634344,2021-04-25,2021,New York Mets,Washington Nationals,Taijuan Walker,Patrick Corbin,4,0,1,-145,135,-160.0,135.0,7.5,8.5,-1.5,0.5817,0.4183,15.0,-1.0,1,0,0.97,0.5,0.6,-0.09999999999999998,-0.9,-0.2,-0.7,,,,,,,,,,,,
634448,2021-04-25,2021,Detroit Tigers,Kansas City Royals,Michael Fulmer,Danny Duffy,0,4,0,105,-115,115.0,-135.0,8.5,8.0,1.5,0.477,0.523,-10.0,0.5,0,0,1.0,0.2,0.6,-0.39999999999999997,-1.3,-0.3,-1.0,,,,,,,,,,,,
634454,2021-04-25,2021,Baltimore Orioles,Oakland Athletics,John Means,Jesús Luzardo,8,1,1,113,-123,120.0,-140.0,8.0,8.0,1.5,0.4598,0.5402,-7.0,0.0,0,0,1.08,0.3,0.9,-0.6000000000000001,-0.4,3.4,-3.8,,,,,,,,,,,,
634361,2021-04-25,2021,Los Angeles Dodgers,San Diego Padres,Trevor Bauer,Blake Snell,5,4,1,-124,114,-130.0,110.0,7.0,7.5,-1.5,0.5423,0.4577,6.0,-0.5,0,0,0.93,0.6,0.4,0.19999999999999996,0.9,-0.7,1.6,,,,,,,,,,,,
634418,2021-04-25,2021,Colorado Rockies,Philadelphia Phillies,Antonio Senzatela,Aaron Nola,5,7,0,-110,100,-115.0,-105.0,11.5,10.5,-1.5,0.5116,0.4884,5.0,1.0,0,0,1.38,0.3,0.4,-0.10000000000000003,-0.9,-0.6,-0.30000000000000004,,,,,,,,,,,,
634345,2021-04-26,2021,St. Louis Cardinals,Philadelphia Phillies,Adam Wainwright,Zack Wheeler,1,2,0,-103,-107,-110.0,-110.0,8.0,8.0,1.5,0.4954,0.5046,7.0,0.0,0,0,0.98,0.5,0.5,0.0,0.1,-0.9,1.0,,,,,,,,,,,,
634461,2021-04-26,2021,Milwaukee Brewers,Miami Marlins,Corbin Burnes,Trevor Rogers,0,8,0,-163,153,-180.0,150.0,6.5,6.5,-1.5,0.6106,0.3894,17.0,0.0,1,0,1.03,0.7,0.4,0.29999999999999993,1.1,0.0,1.1,,,,,,,,,,,,
634402,2021-04-26,2021,Atlanta Braves,Chicago Cubs,Charlie Morton,Zach Davies,8,7,1,-198,179,-165.0,140.0,8.5,8.5,-1.5,0.6496,0.3504,-33.0,0.0,0,0,1.05,0.5,0.5,0.0,0.0,1.1,-1.1,,,,,,,,,,,,
634433,2021-04-26,2021,Baltimore Orioles,New York Yankees,Matt Harvey,Deivi García,4,2,1,150,-160,150.0,-180.0,9.0,9.0,1.5,0.3939,0.6061,0.0,0.0,0,0,1.08,0.4,0.4,0.0,0.4,-1.1,1.5,,,,,,,,,,,,
634451,2021-04-26,2021,Detroit Tigers,Kansas City Royals,Spencer Turnbull,Brad Keller,2,3,0,-105,-105,-110.0,-110.0,8.5,7.5,1.5,0.5,0.5,5.0,1.0,0,0,1.0,0.1,0.6,-0.5,-2.3,0.0,-2.3,,,,,,,,,,,,
634343,2021-04-26,2021,Tampa Bay Rays,Oakland Athletics,Rich Hill,Sean Manaea,1,2,0,-102,-108,100.0,-120.0,8.5,8.5,1.5,0.493,0.507,-202.0,0.0,0,1,0.91,0.6,0.8,-0.20000000000000007,1.7,2.3,-0.5999999999999999,,,,,,,,,,,,
634368,2021-04-27,2021,Tampa Bay Rays,Oakland Athletics,Michael Wacha,Frankie Montas,4,3,1,-112,102,105.0,-125.0,8.5,8.5,-1.5,0.5162,0.4838,-217.0,0.0,0,0,0.91,0.6,0.8,-0.20000000000000007,1.8,2.0,-0.19999999999999996,,,,,,,,,,,,
634318,2021-04-27,2021,St. Louis Cardinals,Philadelphia Phillies,Carlos Martinez,Zach Eflin,5,2,1,-101,-109,-110.0,-110.0,8.0,8.5,1.5,0.4907,0.5093,9.0,-0.5,0,0,0.98,0.5,0.5,0.0,0.6,-0.8,1.4,,,,,,,,,,,,
634320,2021-04-27,2021,Milwaukee Brewers,Miami Marlins,Adrian Houser,Daniel Castano,5,4,1,-145,135,-165.0,140.0,8.0,8.0,-1.5,0.5817,0.4183,20.0,0.0,1,0,1.03,0.6,0.5,0.09999999999999998,-0.4,0.9,-1.3,,,,,,,,,,,,
634351,2021-04-27,2021,Atlanta Braves,Chicago Cubs,Ian Anderson,Trevor Williams,5,0,1,-160,150,-170.0,145.0,8.5,8.5,-1.5,0.6061,0.3939,10.0,0.0,0,0,1.05,0.6,0.5,0.09999999999999998,0.2,1.7,-1.5,,,,,,,,,,,,
634410,2021-04-27,2021,New York Mets,Boston Red Sox,David Peterson,Garrett Richards,1,2,0,-146,136,-150.0,130.0,8.5,8.5,-1.5,0.5834,0.4166,4.0,0.0,0,0,0.97,0.5,0.5,0.0,-0.9,0.1,-1.0,,,,,,,,,,,,
634382,2021-04-27,2021,Houston Astros,Seattle Mariners,José Urquidy,Justus Sheffield,5,2,1,-190,175,-180.0,150.0,8.5,8.5,-1.5,0.6431,0.3569,-10.0,0.0,0,0,1.0,0.4,0.6,-0.19999999999999996,0.5,1.4,-0.8999999999999999,,,,,,,,,,,,
634387,2021-04-27,2021,Baltimore Orioles,New York Yankees,Bruce Zimmermann,Corey Kluber,1,5,0,163,-176,145.0,-170.0,9.0,10.0,1.5,0.3735,0.6265,18.0,-1.0,0,0,1.08,0.5,0.4,0.09999999999999998,0.6,-1.2,1.7999999999999998,,,,,,,,,,,,
634331,2021-04-27,2021,Pittsburgh Pirates,Kansas City Royals,Tyler Anderson,Jakob Junis,2,1,1,-113,103,-105.0,-115.0,8.0,8.0,-1.5,0.5185,0.4815,-8.0,0.0,0,0,0.96,0.6,0.6,0.0,0.0,-0.1,0.1,,,,,,,,,,,,
634363,2021-04-27,2021,Los Angeles Dodgers,Cincinnati Reds,Julio Urías,Tyler Mahle,3,5,0,-260,230,-225.0,185.0,7.5,7.5,-1.5,0.7044,0.2956,-35.0,0.0,0,0,0.93,0.5,0.2,0.3,0.0,-1.1,1.1,,,,,,,,,,,,
634377,2021-04-27,2021,Texas Rangers,Los Angeles Angels,Jordan Lyles,Shohei Ohtani,4,9,0,142,-152,135.0,-160.0,9.0,9.0,1.5,0.4066,0.5934,7.0,0.0,0,0,1.1,0.4,0.3,0.10000000000000003,-1.1,-1.3,0.19999999999999996,,,,,,,,,,,,
634335,2021-04-27,2021,Toronto Blue Jays,Washington Nationals,Trent Thornton,Max Scherzer,9,5,1,107,-117,130.0,-150.0,8.5,8.5,1.5,0.4726,0.5274,-23.0,0.0,0,1,1.04,0.6,0.5,0.09999999999999998,0.3,-1.2,1.5,,,,,,,,,,,,
634362,2021-04-28,2021,Baltimore Orioles,New York Yankees,Dean Kremer,Domingo Germán,0,7,0,137,-147,150.0,-180.0,10.0,9.5,1.5,0.4149,0.5851,-13.0,0.5,0,1,1.08,0.5,0.5,0.0,0.4,-0.2,0.6000000000000001,,,,,,,,,,,,
634314,2021-04-28,2021,St. Louis Cardinals,Philadelphia Phillies,Johan Oviedo,Vince Velasquez,3,5,0,-105,-105,-120.0,100.0,8.5,8.5,-1.5,0.5,0.5,15.0,0.0,1,0,0.98,0.6,0.4,0.19999999999999996,1.6,-1.8,3.4000000000000004,,,,,,,,,,,,
634414,2021-04-28,2021,Atlanta Braves,Chicago Cubs,Huascar Ynoa,Kyle Hendricks,10,0,1,-133,123,-135.0,115.0,9.0,8.5,-1.5,0.56,0.44,2.0,0.5,0,0,1.05,0.6,0.5,0.09999999999999998,0.6,1.5,-0.9,,,,,,,,,,,,
634308,2021-04-28,2021,Tampa Bay Rays,Oakland Athletics,Tyler Glasnow,Cole Irvin,2,0,1,-170,160,-170.0,145.0,7.5,7.5,-1.5,0.6208,0.3792,0.0,0.0,0,0,0.91,0.6,0.7,-0.09999999999999998,1.3,1.6,-0.30000000000000004,,,,,,,,,,,,
634348,2021-04-28,2021,Toronto Blue Jays,Washington Nationals,Steven Matz,Erick Fedde,2,8,0,-176,163,-165.0,140.0,9.5,9.5,-1.5,0.6265,0.3735,-11.0,0.0,0,0,1.04,0.6,0.5,0.09999999999999998,0.6,-1.1,1.7000000000000002,,,,,,,,,,,,
634315,2021-04-28,2021,Pittsburgh Pirates,Kansas City Royals,Mitch Keller,Mike Minor,6,9,0,115,-125,110.0,-130.0,8.0,8.0,1.5,0.4557,0.5443,5.0,0.0,0,0,0.96,0.7,0.6,0.09999999999999998,0.6,-0.2,0.8,,,,,,,,,,,,
634310,2021-04-28,2021,New York Mets,Boston Red Sox,Jacob deGrom,Nick Pivetta,0,1,0,-270,240,-250.0,200.0,7.0,7.0,-1.5,0.7127,0.2873,-20.0,0.0,0,0,0.97,0.5,0.6,-0.09999999999999998,-1.0,0.2,-1.2,,,,,,,,,,,,
634317,2021-04-28,2021,Milwaukee Brewers,Miami Marlins,Zack Godley,Sandy Alcantara,2,6,0,103,-113,-110.0,-110.0,8.0,7.5,1.5,0.4815,0.5185,213.0,0.5,0,0,1.03,0.7,0.4,0.29999999999999993,0.2,0.5,-0.3,,,,,,,,,,,,
634379,2021-04-28,2021,Los Angeles Dodgers,Cincinnati Reds,Walker Buehler,Jeff Hoffman,5,6,0,-210,190,-200.0,170.0,7.5,7.5,-1.5,0.6627,0.3373,-10.0,0.0,0,0,0.93,0.4,0.3,0.10000000000000003,-0.4,-0.6,0.19999999999999996,,,,,,,,,,,,
634364,2021-04-28,2021,Arizona Diamondbacks,San Diego Padres,Merrill Kelly,Chris Paddack,5,1,1,146,-156,135.0,-160.0,9.0,9.0,1.5,0.4002,0.5998,11.0,0.0,0,0,0.92,0.7,0.4,0.29999999999999993,1.4,-0.8,2.2,,,,,,,,,,,,
634333,2021-04-28,2021,Houston Astros,Seattle Mariners,Cristian Javier,Marco Gonzales,2,0,1,-210,190,-220.0,180.0,8.5,8.5,-1.5,0.6627,0.3373,10.0,0.0,0,0,1.0,0.5,0.5,0.0,1.0,0.9,0.09999999999999998,,,,,,,,,,,,
634359,2021-04-28,2021,Texas Rangers,Los Angeles Angels,Mike Foltynewicz,Jose Quintana,6,1,1,115,-125,110.0,-130.0,9.0,8.5,1.5,0.4557,0.5443,5.0,0.5,0,0,1.1,0.3,0.3,0.0,-1.8,-1.5,-0.30000000000000004,,,,,,,,,,,,
634365,2021-04-28,2021,Los Angeles Dodgers,Cincinnati Reds,Clayton Kershaw,Sonny Gray,8,0,1,-210,190,-200.0,170.0,7.5,7.5,-1.5,0.6627,0.3373,-10.0,0.0,0,0,0.93,0.4,0.3,0.10000000000000003,-0.4,-0.6,0.19999999999999996,,,,,,,,,,,,
634347,2021-04-29,2021,Atlanta Braves,Chicago Cubs,Bryse Wilson,Adbert Alzolay,3,9,0,-130,120,-145.0,125.0,9.5,9.0,-1.5,0.5543,0.4457,15.0,0.5,1,0,1.05,0.6,0.4,0.19999999999999996,1.3,-0.4,1.7000000000000002,,,,,,,,,,,,
634346,2021-04-29,2021,Milwaukee Brewers,Los Angeles Dodgers,Eric Lauer,Trevor Bauer,2,1,1,180,-200,135.0,-160.0,7.5,7.5,1.5,0.3488,0.6512,45.0,0.0,0,0,1.03,0.6,0.3,0.3,-0.8,-0.4,-0.4,,,,,,,,,,,,
634330,2021-04-29,2021,Chicago White Sox,Detroit Tigers,Carlos Rodón,Casey Mize,3,1,1,-200,180,-210.0,175.0,6.0,6.0,-1.5,0.6512,0.3488,10.0,0.0,0,0,0.95,0.7,0.2,0.49999999999999994,-0.2,-1.0,0.8,,,,,,,,,,,,
634353,2021-04-29,2021,Houston Astros,Seattle Mariners,Luis Garcia,Yusei Kikuchi,0,1,0,-160,150,-160.0,135.0,9.0,9.0,-1.5,0.6061,0.3939,0.0,0.0,0,0,1.0,0.6,0.4,0.19999999999999996,1.3,0.6,0.7000000000000001,,,,,,,,,,,,
634296,2021-04-29,2021,Tampa Bay Rays,Oakland Athletics,Shane McClanahan,Chris Bassitt,2,3,0,-112,102,-110.0,-110.0,7.5,8.0,1.5,0.5162,0.4838,-2.0,-0.5,0,0,0.91,0.6,0.6,0.0,1.2,0.7,0.5,,,,,,,,,,,,
634300,2021-04-29,2021,Baltimore Orioles,New York Yankees,Jorge López,Jordan Montgomery,4,3,1,165,-180,145.0,-170.0,9.5,9.0,1.5,0.3699,0.6301,20.0,0.5,0,0,1.08,0.4,0.6,-0.19999999999999996,-0.8,0.8,-1.6,,,,,,,,,,,,
634357,2021-04-29,2021,Chicago White Sox,Detroit Tigers,Carlos Rodón,Casey Mize,0,0,0,-200,180,-210.0,175.0,6.0,6.0,-1.5,0.6512,0.3488,10.0,0.0,0,0,0.95,0.7,0.2,0.49999999999999994,-0.2,-1.0,0.8,,,,,,,,,,,,
634360,2021-04-29,2021,Houston Astros,Seattle Mariners,Zack Greinke,Justin Dunn,7,5,1,-160,150,-160.0,135.0,9.0,9.0,-1.5,0.6061,0.3939,0.0,0.0,0,0,1.0,0.6,0.4,0.19999999999999996,1.3,0.6,0.7000000000000001,,,,,,,,,,,,
634352,2021-04-29,2021,St. Louis Cardinals,Philadelphia Phillies,Kwang Hyun Kim,Aaron Nola,4,3,1,107,-117,115.0,-135.0,7.0,7.0,1.5,0.4726,0.5274,-8.0,0.0,0,0,0.98,0.5,0.5,0.0,0.9,-1.1,2.0,,,,,,,,,,,,
634305,2021-04-30,2021,Cincinnati Reds,Chicago Cubs,Wade Miley,Jake Arrieta,8,6,1,-120,110,-125.0,105.0,8.5,9.0,-1.5,0.5339,0.4661,5.0,-0.5,0,0,1.18,0.2,0.5,-0.3,-2.1,1.1,-3.2,,,,,,,,,,,,
634280,2021-04-30,2021,Toronto Blue Jays,Atlanta Braves,Robbie Ray,Drew Smyly,13,5,1,-120,110,-115.0,-105.0,9.5,10.5,-1.5,0.5339,0.4661,-5.0,-1.0,0,0,1.04,0.6,0.6,0.0,0.2,1.6,-1.4000000000000001,,,,,,,,,,,,
634275,2021-04-30,2021,Tampa Bay Rays,Houston Astros,Ryan Yarbrough,Lance McCullers Jr.,2,9,0,116,-126,105.0,-125.0,8.0,7.5,1.5,0.4537,0.5463,11.0,0.5,0,0,0.91,0.5,0.6,-0.09999999999999998,0.9,1.8,-0.9,,,,,,,,,,,,
634327,2021-04-30,2021,New York Yankees,Detroit Tigers,Gerrit Cole,Tarik Skubal,10,0,1,-400,330,-350.0,280.0,7.5,7.5,-1.5,0.7748,0.2252,-50.0,0.0,0,0,1.12,0.6,0.3,0.3,0.9,-0.8,1.7000000000000002,,,,,,,,,,,,
634289,2021-04-30,2021,Texas Rangers,Boston Red Sox,Kyle Gibson,Martín Pérez,4,1,1,145,-155,145.0,-170.0,8.5,8.5,1.5,0.4017,0.5983,0.0,0.0,0,0,1.1,0.4,0.6,-0.19999999999999996,-0.6,0.0,-0.6,,,,,,,,,,,,
634336,2021-04-30,2021,Philadelphia Phillies,New York Mets,Chase Anderson,Marcus Stroman,2,1,1,150,-160,125.0,-145.0,8.5,8.5,1.5,0.3939,0.6061,25.0,0.0,0,0,1.07,0.4,0.4,0.0,-1.4,-1.1,-0.2999999999999998,,,,,,,,,,,,
634325,2021-04-30,2021,Pittsburgh Pirates,St. Louis Cardinals,JT Brubaker,John Gant,3,7,0,-116,106,100.0,-120.0,8.0,7.5,-1.5,0.5252,0.4748,-216.0,0.5,0,0,0.96,0.7,0.6,0.09999999999999998,0.9,1.2,-0.29999999999999993,,,,,,,,,,,,
634385,2021-04-30,2021,Arizona Diamondbacks,Colorado Rockies,Luke Weaver,Antonio Senzatela,5,3,1,-125,115,-125.0,105.0,8.5,8.5,-1.5,0.5443,0.4557,0.0,0.0,0,0,0.92,0.7,0.5,0.19999999999999996,0.5,0.0,0.5,,,,,,,,,,,,
634274,2021-04-30,2021,Washington Nationals,Miami Marlins,Jon Lester,Pablo López,2,1,1,115,-125,-110.0,-110.0,8.5,8.0,1.5,0.4557,0.5443,225.0,0.5,0,0,0.95,0.5,0.4,0.09999999999999998,-0.6,0.8,-1.4,,,,,,,,,,,,
634276,2021-05-01,2021,Philadelphia Phillies,New York Mets,Zack Wheeler,Taijuan Walker,4,5,0,-107,-103,-120.0,100.0,8.0,7.5,-1.5,0.5046,0.4954,13.0,0.5,1,0,1.07,0.5,0.3,0.2,-1.1,-1.3,0.19999999999999996,,,,,,,,,,,,
634307,2021-05-01,2021,Tampa Bay Rays,Houston Astros,Josh Fleming,José Urquidy,1,3,0,-101,-109,-110.0,-110.0,7.5,8.0,1.5,0.4907,0.5093,9.0,-0.5,0,0,0.91,0.4,0.7,-0.29999999999999993,-0.1,2.9,-3.0,,,,,,,,,,,,
634284,2021-05-01,2021,Pittsburgh Pirates,St. Louis Cardinals,Trevor Cahill,Jack Flaherty,5,12,0,140,-150,115.0,-135.0,7.0,7.5,1.5,0.4098,0.5902,25.0,-0.5,0,0,0.96,0.6,0.6,0.0,0.0,0.9,-0.9,,,,,,,,,,,,
634273,2021-05-01,2021,Cincinnati Reds,Chicago Cubs,Luis Castillo,Zach Davies,2,3,0,-155,145,-160.0,135.0,8.5,9.0,-1.5,0.5983,0.4017,5.0,-0.5,0,0,1.18,0.3,0.4,-0.10000000000000003,-1.6,0.7,-2.3,,,,,,,,,,,,
634338,2021-05-01,2021,Milwaukee Brewers,Los Angeles Dodgers,Brandon Woodruff,Dustin May,6,5,1,115,-125,-105.0,-115.0,7.0,7.0,1.5,0.4557,0.5443,220.0,0.0,0,0,1.03,0.7,0.3,0.39999999999999997,-0.6,-0.2,-0.39999999999999997,,,,,,,,,,,,
634312,2021-05-01,2021,Toronto Blue Jays,Atlanta Braves,Travis Bergen,Charlie Morton,6,5,1,128,-138,120.0,-140.0,10.5,10.5,1.5,0.4307,0.5693,8.0,0.0,0,0,1.04,0.6,0.5,0.09999999999999998,1.0,-0.1,1.1,,,,,,,,,,,,
634271,2021-05-01,2021,Texas Rangers,Boston Red Sox,Jordan Lyles,Eduardo Rodriguez,8,6,1,162,-174,150.0,-180.0,8.5,8.5,1.5,0.3754,0.6246,12.0,0.0,0,0,1.1,0.4,0.6,-0.19999999999999996,-0.4,-0.2,-0.2,,,,,,,,,,,,
634319,2021-05-01,2021,Oakland Athletics,Baltimore Orioles,Jesús Luzardo,Matt Harvey,4,8,0,-185,170,-170.0,145.0,8.0,8.0,-1.5,0.6367,0.3633,-15.0,0.0,0,0,0.9,0.6,0.4,0.19999999999999996,0.7,-1.0,1.7,,,,,,,,,,,,
634381,2021-05-01,2021,Oakland Athletics,Baltimore Orioles,Mike Fiers,John Means,2,3,0,-185,170,-170.0,145.0,8.0,8.0,-1.5,0.6367,0.3633,-15.0,0.0,0,0,0.9,0.6,0.4,0.19999999999999996,0.7,-1.0,1.7,,,,,,,,,,,,
634295,2021-05-01,2021,New York Yankees,Detroit Tigers,Jameson Taillon,Spencer Turnbull,6,4,1,-215,195,-210.0,175.0,8.5,8.0,-1.5,0.6682,0.3318,-5.0,0.5,0,0,1.12,0.6,0.3,0.3,1.7,-1.8,3.5,,,,,,,,,,,,
634304,2021-05-01,2021,Washington Nationals,Miami Marlins,Patrick Corbin,Paul Campbell,7,2,1,-147,137,-125.0,105.0,7.5,8.5,-1.5,0.5851,0.4149,-22.0,-1.0,0,0,0.95,0.5,0.4,0.09999999999999998,-0.9,0.8,-1.7000000000000002,,,,,,,,,,,,
634287,2021-05-01,2021,Seattle Mariners,Los Angeles Angels,Chris Flexen,Andrew Heaney,7,4,1,126,-136,120.0,-140.0,8.5,8.5,1.5,0.4343,0.5657,6.0,0.0,0,0,0.89,0.4,0.4,0.0,0.1,-1.9,2.0,,,,,,,,,,,,
634329,2021-05-01,2021,Minnesota Twins,Kansas City Royals,Matt Shoemaker,Danny Duffy,3,11,0,-144,134,-115.0,-105.0,8.0,9.0,-1.5,0.58,0.42,-29.0,-1.0,0,0,1.02,0.4,0.7,-0.29999999999999993,-1.1,0.5,-1.6,,,,,,,,,,,,
634328,2021-05-01,2021,Arizona Diamondbacks,Colorado Rockies,Madison Bumgarner,Jon Gray,7,2,1,-172,161,-180.0,150.0,8.5,8.0,-1.5,0.6227,0.3773,8.0,0.5,0,0,0.92,0.8,0.5,0.30000000000000004,1.1,-0.1,1.2000000000000002,,,,,,,,,,,,
634290,2021-05-01,2021,Milwaukee Brewers,Los Angeles Dodgers,Freddy Peralta,Edwin Uceta,3,1,1,115,-125,-105.0,-115.0,7.0,7.0,1.5,0.4557,0.5443,220.0,0.0,0,0,1.03,0.7,0.3,0.39999999999999997,-0.6,-0.2,-0.39999999999999997,,,,,,,,,,,,
634391,2021-05-01,2021,Minnesota Twins,Kansas City Royals,Michael Pineda,Brady Singer,9,1,1,-144,134,-115.0,-105.0,8.0,9.0,-1.5,0.58,0.42,-29.0,-1.0,0,0,1.02,0.4,0.7,-0.29999999999999993,-1.1,0.5,-1.6,,,,,,,,,,,,
634337,2021-05-01,2021,Texas Rangers,Boston Red Sox,Kohei Arihara,Nathan Eovaldi,1,6,0,162,-174,150.0,-180.0,8.5,8.5,1.5,0.3754,0.6246,12.0,0.0,0,0,1.1,0.4,0.6,-0.19999999999999996,-0.4,-0.2,-0.2,,,,,,,,,,,,
634257,2021-05-02,2021,Philadelphia Phillies,New York Mets,Zach Eflin,David Peterson,7,8,0,-125,115,-115.0,-105.0,8.0,9.0,-1.5,0.5443,0.4557,-10.0,-1.0,0,0,1.07,0.5,0.3,0.2,-0.9,-1.3,0.4,,,,,,,,,,,,
634340,2021-05-02,2021,Seattle Mariners,Los Angeles Angels,Justus Sheffield,Dylan Bundy,2,0,1,144,-154,120.0,-140.0,8.5,8.0,1.5,0.4033,0.5967,24.0,0.5,0,0,0.89,0.5,0.4,0.09999999999999998,0.5,-2.0,2.5,,,,,,,,,,,,
634299,2021-05-02,2021,Arizona Diamondbacks,Colorado Rockies,Merrill Kelly,Chi Chi González,8,4,1,-142,132,-150.0,130.0,9.0,9.0,-1.5,0.5765,0.4235,8.0,0.0,0,0,0.92,0.8,0.5,0.30000000000000004,1.3,-0.5,1.8,,,,,,,,,,,,
634306,2021-05-02,2021,Oakland Athletics,Baltimore Orioles,Sean Manaea,Bruce Zimmermann,7,5,1,-200,180,-190.0,160.0,8.5,8.5,-1.5,0.6512,0.3488,-10.0,0.0,0,0,0.9,0.5,0.5,0.0,-0.5,-0.6,0.09999999999999998,,,,,,,,,,,,
634268,2021-05-02,2021,Texas Rangers,Boston Red Sox,Mike Foltynewicz,Garrett Richards,5,3,1,110,-120,125.0,-145.0,9.0,9.0,1.5,0.4661,0.5339,-15.0,0.0,0,1,1.1,0.4,0.5,-0.09999999999999998,-0.5,-0.8,0.30000000000000004,,,,,,,,,,,,
634282,2021-05-02,2021,Milwaukee Brewers,Los Angeles Dodgers,Alec Bettinger,Julio Urías,4,16,0,180,-200,160.0,-190.0,8.0,8.5,1.5,0.3488,0.6512,20.0,-0.5,0,0,1.03,0.7,0.2,0.49999999999999994,-1.1,-0.5,-0.6000000000000001,,,,,,,,,,,,
634341,2021-05-02,2021,Minnesota Twins,Kansas City Royals,José Berríos,Brad Keller,13,4,1,-210,190,-180.0,150.0,8.5,8.5,-1.5,0.6627,0.3373,-30.0,0.0,0,0,1.02,0.3,0.7,-0.39999999999999997,-1.1,0.6,-1.7000000000000002,,,,,,,,,,,,
634323,2021-05-02,2021,Tampa Bay Rays,Houston Astros,Rich Hill,Cristian Javier,5,4,1,115,-125,115.0,-135.0,8.0,8.0,1.5,0.4557,0.5443,0.0,0.0,0,0,0.91,0.3,0.8,-0.5,-1.0,3.4,-4.4,,,,,,,,,,,,
634298,2021-05-02,2021,Cincinnati Reds,Chicago Cubs,Tyler Mahle,Trevor Williams,13,12,1,-162,152,-160.0,135.0,9.0,8.5,-1.5,0.6091,0.3909,-2.0,0.5,0,0,1.18,0.3,0.4,-0.10000000000000003,-1.6,-0.4,-1.2000000000000002,,,,,,,,,,,,
634256,2021-05-02,2021,Toronto Blue Jays,Atlanta Braves,Ross Stripling,Ian Anderson,7,2,1,115,-125,120.0,-140.0,10.5,10.5,1.5,0.4557,0.5443,-5.0,0.0,0,0,1.04,0.6,0.5,0.09999999999999998,0.7,0.0,0.7,,,,,,,,,,,,
634311,2021-05-02,2021,New York Yankees,Detroit Tigers,Corey Kluber,José Ureña,2,0,1,-240,210,-250.0,200.0,8.0,9.0,-1.5,0.6863,0.3137,10.0,-1.0,0,0,1.12,0.7,0.2,0.49999999999999994,2.2,-2.3,4.5,,,,,,,,,,,,
634259,2021-05-02,2021,Washington Nationals,Miami Marlins,Max Scherzer,Trevor Rogers,3,1,1,-153,143,-145.0,125.0,7.0,7.0,-1.5,0.5951,0.4049,-8.0,0.0,0,0,0.95,0.6,0.4,0.19999999999999996,-0.1,0.5,-0.6,,,,,,,,,,,,
634260,2021-05-02,2021,Pittsburgh Pirates,St. Louis Cardinals,Wil Crowe,Carlos Martinez,0,3,0,120,-130,120.0,-140.0,8.0,8.5,1.5,0.4457,0.5543,0.0,-0.5,0,0,0.96,0.5,0.7,-0.19999999999999996,-0.8,1.7,-2.5,,,,,,,,,,,,
634272,2021-05-02,2021,Seattle Mariners,Los Angeles Angels,Ljay Newsome,Griffin Canning,5,10,0,144,-154,120.0,-140.0,8.5,8.0,1.5,0.4033,0.5967,24.0,0.5,0,0,0.89,0.5,0.4,0.09999999999999998,0.5,-2.0,2.5,,,,,,,,,,,,
634286,2021-05-02,2021,Arizona Diamondbacks,Colorado Rockies,Zac Gallen,Austin Gomber,6,14,0,-142,132,-150.0,130.0,9.0,9.0,-1.5,0.5765,0.4235,8.0,0.0,0,0,0.92,0.8,0.5,0.30000000000000004,1.3,-0.5,1.8,,,,,,,,,,,,
634244,2021-05-03,2021,Philadelphia Phillies,Milwaukee Brewers,Vince Velasquez,Adrian Houser,4,3,1,100,-110,-110.0,-110.0,9.0,8.5,-1.5,0.4884,0.5116,210.0,0.5,0,0,1.07,0.4,0.6,-0.19999999999999996,-1.1,-2.5,1.4,,,,,,,,,,,,
634285,2021-05-03,2021,Minnesota Twins,Texas Rangers,Kenta Maeda,Dane Dunning,6,5,1,-176,163,-185.0,155.0,8.5,8.5,-1.5,0.6265,0.3735,9.0,0.0,0,0,1.02,0.4,0.4,0.0,0.5,-0.6,1.1,,,,,,,,,,,,
634292,2021-05-03,2021,St. Louis Cardinals,New York Mets,Adam Wainwright,Joey Lucchesi,6,5,1,-130,120,-130.0,110.0,8.5,8.5,-1.5,0.5543,0.4457,0.0,0.0,0,0,0.98,0.8,0.4,0.4,2.1,-1.0,3.1,,,,,,,,,,,,
634241,2021-05-04,2021,Boston Red Sox,Detroit Tigers,Nick Pivetta,Michael Fulmer,11,7,1,-170,160,-190.0,160.0,9.0,8.5,-1.5,0.6208,0.3792,20.0,0.5,1,0,1.14,0.5,0.2,0.3,-0.7,-2.3,1.5999999999999999,,,,,,,,,,,,
634229,2021-05-04,2021,Minnesota Twins,Texas Rangers,J.A. Happ,Kyle Gibson,3,6,0,-155,145,-145.0,125.0,8.5,8.5,-1.5,0.5983,0.4017,-10.0,0.0,0,0,1.02,0.5,0.4,0.09999999999999998,0.7,-0.6,1.2999999999999998,,,,,,,,,,,,
634324,2021-05-04,2021,Philadelphia Phillies,Milwaukee Brewers,Aaron Nola,Eric Lauer,6,5,1,-165,155,-195.0,165.0,7.5,7.5,-1.5,0.6136,0.3864,30.0,0.0,1,0,1.07,0.5,0.6,-0.09999999999999998,-0.9,-1.3,0.4,,,,,,,,,,,,
634269,2021-05-04,2021,New York Yankees,Houston Astros,Domingo Germán,Zack Greinke,7,3,1,-115,105,-110.0,-110.0,8.5,8.5,-1.5,0.523,0.477,-5.0,0.0,0,0,1.12,0.7,0.7,0.0,2.1,2.7,-0.6000000000000001,,,,,,,,,,,,
634297,2021-05-04,2021,Washington Nationals,Atlanta Braves,Joe Ross,Huascar Ynoa,1,6,0,114,-124,110.0,-130.0,9.0,9.0,1.5,0.4577,0.5423,4.0,0.0,0,0,0.95,0.7,0.4,0.29999999999999993,0.8,-0.8,1.6,,,,,,,,,,,,
634245,2021-05-04,2021,Miami Marlins,Arizona Diamondbacks,Sandy Alcantara,Riley Smith,9,3,1,-145,135,-140.0,120.0,8.0,7.5,-1.5,0.5817,0.4183,-5.0,0.5,0,0,0.88,0.3,0.7,-0.39999999999999997,0.0,0.5,-0.5,,,,,,,,,,,,
634293,2021-05-04,2021,Oakland Athletics,Toronto Blue Jays,Frankie Montas,Steven Matz,5,4,1,-120,110,-115.0,-105.0,8.5,8.5,-1.5,0.5339,0.4661,-5.0,0.0,0,0,0.9,0.5,0.7,-0.19999999999999996,-0.4,1.4,-1.7999999999999998,,,,,,,,,,,,
634321,2021-05-04,2021,Chicago Cubs,Los Angeles Dodgers,Keegan Thompson,Trevor Bauer,4,3,1,160,-170,170.0,-200.0,5.0,5.5,1.5,0.3792,0.6208,-10.0,-0.5,0,0,1.06,0.2,0.4,-0.2,-1.9,1.3,-3.2,,,,,,,,,,,,
634242,2021-05-04,2021,Seattle Mariners,Baltimore Orioles,Erik Swanson,Dean Kremer,3,5,0,-121,111,-130.0,110.0,8.5,8.5,-1.5,0.536,0.464,9.0,0.0,0,0,0.89,0.4,0.5,-0.09999999999999998,-0.3,-0.5,0.2,,,,,,,,,,,,
634243,2021-05-04,2021,San Diego Padres,Pittsburgh Pirates,Miguel Díaz,Tyler Anderson,2,0,1,-245,215,-235.0,190.0,8.0,7.5,-1.5,0.6911,0.3089,-10.0,0.5,0,0,0.9,0.6,0.4,0.19999999999999996,0.8,-1.1,1.9000000000000001,,,,,,,,,,,,
634334,2021-05-04,2021,Los Angeles Angels,Tampa Bay Rays,Jose Quintana,Tyler Glasnow,3,7,0,-113,103,-115.0,-105.0,8.5,8.5,-1.5,0.5185,0.4815,2.0,0.0,0,0,0.94,0.4,0.4,0.0,-1.8,-0.8,-1.0,,,,,,,,,,,,
634251,2021-05-04,2021,Cincinnati Reds,Chicago White Sox,Jeff Hoffman,Dylan Cease,0,9,0,-111,101,105.0,-125.0,9.0,9.5,-1.5,0.5139,0.4861,-216.0,-0.5,0,0,1.18,0.4,0.6,-0.19999999999999996,-1.2,0.3,-1.5,,,,,,,,,,,,
634279,2021-05-05,2021,Minnesota Twins,Texas Rangers,Lewis Thorpe,Hyeon-Jong Yang,1,3,0,-176,163,-165.0,140.0,8.5,9.0,-1.5,0.6265,0.3735,-11.0,-0.5,0,0,1.02,0.4,0.5,-0.09999999999999998,0.2,-0.1,0.30000000000000004,,,,,,,,,,,,
634230,2021-05-05,2021,Chicago Cubs,Los Angeles Dodgers,Adbert Alzolay,Walker Buehler,6,5,1,149,-159,155.0,-185.0,7.5,7.5,1.5,0.3955,0.6045,-6.0,0.0,0,0,1.06,0.3,0.4,-0.10000000000000003,-1.7,1.3,-3.0,,,,,,,,,,,,
634228,2021-05-05,2021,Boston Red Sox,Detroit Tigers,Martín Pérez,Casey Mize,5,6,0,-178,164,-195.0,165.0,9.0,9.0,-1.5,0.6283,0.3717,17.0,0.0,1,0,1.14,0.6,0.2,0.39999999999999997,0.1,-2.3,2.4,,,,,,,,,,,,
634294,2021-05-05,2021,Philadelphia Phillies,Milwaukee Brewers,Chase Anderson,Freddy Peralta,5,4,1,122,-132,120.0,-140.0,7.5,8.5,1.5,0.4419,0.5581,2.0,-1.0,0,0,1.07,0.6,0.5,0.09999999999999998,0.2,-1.5,1.7,,,,,,,,,,,,
634217,2021-05-05,2021,New York Yankees,Houston Astros,Jordan Montgomery,Luis Garcia,6,3,1,-131,121,-135.0,115.0,9.5,9.0,-1.5,0.5562,0.4438,4.0,0.5,0,0,1.12,0.7,0.6,0.09999999999999998,2.3,2.2,0.09999999999999964,,,,,,,,,,,,
634266,2021-05-05,2021,Washington Nationals,Atlanta Braves,Erick Fedde,Max Fried,3,5,0,121,-131,115.0,-135.0,9.0,8.5,1.5,0.4438,0.5562,6.0,0.5,0,0,0.95,0.6,0.4,0.19999999999999996,0.2,-0.4,0.6000000000000001,,,,,,,,,,,,
634249,2021-05-05,2021,Miami Marlins,Arizona Diamondbacks,Ross Detwiler,Luke Weaver,8,0,1,-111,101,-150.0,130.0,8.0,7.5,-1.5,0.5139,0.4861,39.0,0.5,1,0,0.88,0.4,0.6,-0.19999999999999996,0.9,-0.4,1.3,,,,,,,,,,,,
634250,2021-05-05,2021,St. Louis Cardinals,New York Mets,Kwang Hyun Kim,Marcus Stroman,4,1,1,106,-116,-110.0,-110.0,6.0,6.0,1.5,0.4748,0.5252,216.0,0.0,0,0,0.98,0.7,0.5,0.19999999999999996,1.9,0.2,1.7,,,,,,,,,,,,
634270,2021-05-05,2021,Cincinnati Reds,Chicago White Sox,Sonny Gray,Dallas Keuchel,1,0,1,-126,116,-130.0,110.0,8.0,8.5,-1.5,0.5463,0.4537,4.0,-0.5,0,0,1.18,0.4,0.6,-0.19999999999999996,-1.8,1.2,-3.0,,,,,,,,,,,,
634265,2021-05-05,2021,Seattle Mariners,Baltimore Orioles,Justin Dunn,Jorge López,5,2,1,-112,102,-110.0,-110.0,7.5,7.5,-1.5,0.5162,0.4838,-2.0,0.0,0,0,0.89,0.4,0.6,-0.19999999999999996,-0.4,-0.1,-0.30000000000000004,,,,,,,,,,,,
634313,2021-05-05,2021,San Diego Padres,Pittsburgh Pirates,Dinelson Lamet,Mitch Keller,1,2,0,-222,202,-260.0,210.0,6.5,6.5,-1.5,0.6755,0.3245,38.0,0.0,1,0,0.9,0.7,0.4,0.29999999999999993,1.2,-1.0,2.2,,,,,,,,,,,,
634278,2021-05-05,2021,Oakland Athletics,Toronto Blue Jays,Cole Irvin,Anthony Kay,4,1,1,-132,122,-130.0,110.0,8.0,8.5,-1.5,0.5581,0.4419,-2.0,-0.5,0,0,0.9,0.5,0.7,-0.19999999999999996,-0.5,1.5,-2.0,,,,,,,,,,,,
634267,2021-05-05,2021,Los Angeles Angels,Tampa Bay Rays,Alex Cobb,Shane McClanahan,3,8,0,-106,-104,-125.0,105.0,8.5,8.5,-1.5,0.5023,0.4977,19.0,0.0,1,0,0.94,0.4,0.5,-0.09999999999999998,-1.6,-0.2,-1.4000000000000001,,,,,,,,,,,,
634220,2021-05-05,2021,Seattle Mariners,Baltimore Orioles,Yusei Kikuchi,John Means,0,6,0,-112,102,-110.0,-110.0,7.5,7.5,-1.5,0.5162,0.4838,-2.0,0.0,0,0,0.89,0.4,0.6,-0.19999999999999996,-0.4,-0.1,-0.30000000000000004,,,,,,,,,,,,
634223,2021-05-06,2021,St. Louis Cardinals,New York Mets,John Gant,Taijuan Walker,1,4,0,-102,-108,-105.0,-115.0,8.0,8.0,1.5,0.493,0.507,3.0,0.0,0,0,0.98,0.7,0.4,0.29999999999999993,1.9,-0.7,2.5999999999999996,,,,,,,,,,,,
634291,2021-05-06,2021,Miami Marlins,Arizona Diamondbacks,Pablo López,Madison Bumgarner,3,1,1,-137,127,-140.0,120.0,7.5,7.5,-1.5,0.5675,0.4325,3.0,0.0,0,0,0.88,0.5,0.6,-0.09999999999999998,1.9,-1.1,3.0,,,,,,,,,,,,
634231,2021-05-06,2021,Oakland Athletics,Toronto Blue Jays,Mike Fiers,Hyun Jin Ryu,4,10,0,120,-130,130.0,-150.0,8.5,8.0,1.5,0.4457,0.5543,-10.0,0.5,0,0,0.9,0.5,0.6,-0.09999999999999998,-0.7,0.9,-1.6,,,,,,,,,,,,
634261,2021-05-06,2021,Minnesota Twins,Texas Rangers,Michael Pineda,Jordan Lyles,3,4,0,-174,162,-200.0,170.0,8.5,8.5,-1.5,0.6246,0.3754,26.0,0.0,1,0,1.02,0.4,0.6,-0.19999999999999996,0.4,0.5,-0.09999999999999998,,,,,,,,,,,,
634232,2021-05-06,2021,Washington Nationals,Atlanta Braves,Jon Lester,Drew Smyly,2,3,0,103,-113,-125.0,105.0,9.0,9.5,1.5,0.4815,0.5185,228.0,-0.5,0,0,0.95,0.5,0.5,0.0,-0.1,-0.2,0.1,,,,,,,,,,,,
634283,2021-05-06,2021,Philadelphia Phillies,Milwaukee Brewers,Zack Wheeler,Brandon Woodruff,2,0,1,109,-119,100.0,-120.0,6.5,7.0,1.5,0.4682,0.5318,9.0,-0.5,0,0,1.07,0.6,0.4,0.19999999999999996,0.1,-2.2,2.3000000000000003,,,,,,,,,,,,
634281,2021-05-06,2021,Los Angeles Angels,Tampa Bay Rays,Shohei Ohtani,Andrew Kittredge,1,3,0,-144,134,-135.0,115.0,8.0,8.5,-1.5,0.58,0.42,-9.0,-0.5,0,0,0.94,0.4,0.5,-0.09999999999999998,-0.7,0.1,-0.7999999999999999,,,,,,,,,,,,
634255,2021-05-06,2021,Boston Red Sox,Detroit Tigers,Nathan Eovaldi,Spencer Turnbull,12,9,1,-194,177,-225.0,185.0,8.0,8.5,-1.5,0.6464,0.3536,31.0,-0.5,1,0,1.14,0.5,0.3,0.2,-0.1,-2.1,2.0,,,,,,,,,,,,
634224,2021-05-06,2021,New York Yankees,Houston Astros,Gerrit Cole,Lance McCullers Jr.,4,7,0,-190,175,-200.0,170.0,7.5,7.5,-1.5,0.6431,0.3569,10.0,0.0,0,0,1.12,0.7,0.5,0.19999999999999996,2.5,0.5,2.0,,,,,,,,,,,,
634248,2021-05-06,2021,Oakland Athletics,Toronto Blue Jays,Chris Bassitt,Robbie Ray,4,9,0,120,-130,130.0,-150.0,8.5,8.0,1.5,0.4457,0.5543,-10.0,0.5,0,0,0.9,0.5,0.6,-0.09999999999999998,-0.7,0.9,-1.6,,,,,,,,,,,,
634195,2021-05-07,2021,Miami Marlins,Milwaukee Brewers,Trevor Rogers,Brent Suter,6,1,1,-128,118,-140.0,120.0,6.5,7.0,-1.5,0.5503,0.4497,12.0,-0.5,1,0,0.88,0.6,0.4,0.19999999999999996,2.2,-1.6,3.8000000000000003,,,,,,,,,,,,
634204,2021-05-07,2021,Detroit Tigers,Minnesota Twins,Tarik Skubal,Matt Shoemaker,3,7,0,136,-146,125.0,-145.0,9.0,9.0,1.5,0.4166,0.5834,11.0,0.0,0,0,1.0,0.3,0.4,-0.10000000000000003,-2.0,0.7,-2.7,,,,,,,,,,,,
634252,2021-05-07,2021,New York Mets,Arizona Diamondbacks,David Peterson,Zac Gallen,5,4,1,-128,118,-135.0,115.0,7.0,8.0,-1.5,0.5503,0.4497,7.0,-1.0,0,0,0.97,0.5,0.5,0.0,0.2,-1.3,1.5,,,,,,,,,,,,
634219,2021-05-07,2021,Atlanta Braves,Philadelphia Phillies,Charlie Morton,Zach Eflin,2,12,0,-142,132,-150.0,130.0,8.0,8.5,-1.5,0.5765,0.4235,8.0,-0.5,0,0,1.05,0.6,0.6,0.0,0.4,0.2,0.2,,,,,,,,,,,,
634209,2021-05-07,2021,Baltimore Orioles,Boston Red Sox,Matt Harvey,Eduardo Rodriguez,2,6,0,142,-152,135.0,-160.0,8.5,9.0,1.5,0.4066,0.5934,7.0,-0.5,0,0,1.08,0.6,0.6,0.0,0.0,0.8,-0.8,,,,,,,,,,,,
634216,2021-05-07,2021,Chicago Cubs,Pittsburgh Pirates,Zach Davies,Trevor Cahill,3,2,1,-148,138,-140.0,120.0,7.5,7.5,-1.5,0.5868,0.4132,-8.0,0.0,0,0,1.06,0.4,0.4,0.0,-1.0,-1.1,0.10000000000000009,,,,,,,,,,,,
634234,2021-05-07,2021,New York Yankees,Washington Nationals,Jameson Taillon,Patrick Corbin,4,11,0,-170,160,-190.0,160.0,8.5,9.5,-1.5,0.6208,0.3792,20.0,-1.0,1,0,1.12,0.7,0.5,0.19999999999999996,2.6,0.4,2.2,,,,,,,,,,,,
634214,2021-05-08,2021,Detroit Tigers,Minnesota Twins,José Ureña,José Berríos,7,3,1,165,-180,150.0,-180.0,7.5,8.0,1.5,0.3699,0.6301,15.0,-0.5,0,0,1.0,0.3,0.5,-0.2,-2.3,1.3,-3.5999999999999996,,,,,,,,,,,,
634199,2021-05-08,2021,Atlanta Braves,Philadelphia Phillies,Ian Anderson,Vince Velasquez,8,7,1,-157,147,-180.0,150.0,9.0,8.5,-1.5,0.6014,0.3986,23.0,0.5,1,0,1.05,0.5,0.7,-0.19999999999999996,-0.7,1.5,-2.2,,,,,,,,,,,,
634197,2021-05-08,2021,Kansas City Royals,Chicago White Sox,Daniel Lynch IV,Lance Lynn,1,9,0,156,-166,155.0,-185.0,9.0,8.5,1.5,0.385,0.615,1.0,0.5,0,0,1.01,0.3,0.5,-0.2,-1.7,1.0,-2.7,,,,,,,,,,,,
634193,2021-05-08,2021,Houston Astros,Toronto Blue Jays,Cristian Javier,Steven Matz,4,8,0,-140,130,-145.0,125.0,9.0,9.0,-1.5,0.573,0.427,5.0,0.0,0,0,1.0,0.6,0.7,-0.09999999999999998,1.0,2.0,-1.0,,,,,,,,,,,,
634190,2021-05-08,2021,New York Mets,Arizona Diamondbacks,Tommy Hunter,Merrill Kelly,4,2,1,-145,135,-135.0,115.0,8.0,8.0,-1.5,0.5817,0.4183,-10.0,0.0,0,0,0.97,0.5,0.4,0.09999999999999998,-0.1,-1.9,1.7999999999999998,,,,,,,,,,,,
634171,2021-05-08,2021,Texas Rangers,Seattle Mariners,Kohei Arihara,Erik Swanson,9,8,1,-108,-102,-110.0,-110.0,9.5,9.0,-1.5,0.507,0.493,2.0,0.5,0,0,1.1,0.7,0.4,0.29999999999999993,1.1,-1.1,2.2,,,,,,,,,,,,
634196,2021-05-08,2021,Baltimore Orioles,Boston Red Sox,Zac Lowther,Garrett Richards,6,11,0,124,-134,125.0,-145.0,9.0,9.0,1.5,0.4381,0.5619,-1.0,0.0,0,0,1.08,0.5,0.6,-0.09999999999999998,-0.6,1.0,-1.6,,,,,,,,,,,,
634215,2021-05-08,2021,Miami Marlins,Milwaukee Brewers,Daniel Castano,Adrian Houser,2,6,0,105,-115,105.0,-125.0,8.0,8.0,1.5,0.477,0.523,0.0,0.0,0,0,0.88,0.6,0.3,0.3,2.4,-2.2,4.6,,,,,,,,,,,,
634236,2021-05-08,2021,Oakland Athletics,Tampa Bay Rays,Frankie Montas,Tyler Glasnow,6,3,1,115,-125,125.0,-145.0,7.5,7.5,1.5,0.4557,0.5443,-10.0,0.0,0,0,0.9,0.4,0.7,-0.29999999999999993,-1.2,1.0,-2.2,,,,,,,,,,,,
634165,2021-05-08,2021,St. Louis Cardinals,Colorado Rockies,Carlos Martinez,Chi Chi González,9,8,1,-185,170,-180.0,150.0,7.5,8.5,-1.5,0.6367,0.3633,-5.0,-1.0,0,0,0.98,0.7,0.3,0.39999999999999997,1.7,-2.4,4.1,,,,,,,,,,,,
634221,2021-05-08,2021,New York Yankees,Washington Nationals,Corey Kluber,Max Scherzer,4,3,1,-112,102,-125.0,105.0,8.0,8.0,-1.5,0.5162,0.4838,13.0,0.0,1,0,1.12,0.7,0.5,0.19999999999999996,2.1,0.5,1.6,,,,,,,,,,,,
634263,2021-05-08,2021,Oakland Athletics,Tampa Bay Rays,Sean Manaea,Rich Hill,2,1,1,115,-125,125.0,-145.0,7.5,7.5,1.5,0.4557,0.5443,-10.0,0.0,0,0,0.9,0.4,0.7,-0.29999999999999993,-1.2,1.0,-2.2,,,,,,,,,,,,
634213,2021-05-08,2021,Los Angeles Angels,Los Angeles Dodgers,Griffin Canning,Julio Urías,9,2,1,133,-143,135.0,-160.0,8.0,8.5,1.5,0.4217,0.5783,-2.0,-0.5,0,0,0.94,0.3,0.3,0.0,-1.5,1.1,-2.6,,,,,,,,,,,,
634200,2021-05-08,2021,St. Louis Cardinals,Colorado Rockies,Jack Flaherty,Austin Gomber,5,0,1,-185,170,-180.0,150.0,7.5,8.5,-1.5,0.6367,0.3633,-5.0,-1.0,0,0,0.98,0.7,0.3,0.39999999999999997,1.7,-2.4,4.1,,,,,,,,,,,,
634235,2021-05-08,2021,Kansas City Royals,Chicago White Sox,Brad Keller,Carlos Rodón,0,3,0,156,-166,155.0,-185.0,9.0,8.5,1.5,0.385,0.615,1.0,0.5,0,0,1.01,0.3,0.5,-0.2,-1.7,1.0,-2.7,,,,,,,,,,,,
634201,2021-05-08,2021,Houston Astros,Toronto Blue Jays,José Urquidy,Ross Stripling,10,4,1,-140,130,-145.0,125.0,9.0,9.0,-1.5,0.573,0.427,5.0,0.0,0,0,1.0,0.6,0.7,-0.09999999999999998,1.0,2.0,-1.0,,,,,,,,,,,,
634253,2021-05-08,2021,Texas Rangers,Seattle Mariners,Mike Foltynewicz,Chris Flexen,4,5,0,-108,-102,-110.0,-110.0,9.5,9.0,-1.5,0.507,0.493,2.0,0.5,0,0,1.1,0.7,0.4,0.29999999999999993,1.1,-1.1,2.2,,,,,,,,,,,,
634212,2021-05-08,2021,Chicago Cubs,Pittsburgh Pirates,Trevor Williams,Wil Crowe,3,2,1,-190,175,-180.0,150.0,8.0,8.0,-1.5,0.6431,0.3569,-10.0,0.0,0,0,1.06,0.5,0.3,0.2,-0.8,-1.6,0.8,,,,,,,,,,,,
634237,2021-05-09,2021,Chicago Cubs,Pittsburgh Pirates,Kyle Hendricks,Tyler Anderson,5,6,0,-159,149,-185.0,155.0,6.0,6.0,-1.5,0.6045,0.3955,26.0,0.0,1,0,1.06,0.6,0.2,0.39999999999999997,-0.2,-2.1,1.9000000000000001,,,,,,,,,,,,
634211,2021-05-09,2021,Oakland Athletics,Tampa Bay Rays,Cole Irvin,Shane McClanahan,3,4,0,-120,110,-115.0,-105.0,7.5,8.0,-1.5,0.5339,0.4661,-5.0,-0.5,0,0,0.9,0.6,0.5,0.09999999999999998,-0.5,0.3,-0.8,,,,,,,,,,,,
634205,2021-05-09,2021,Los Angeles Angels,Los Angeles Dodgers,Jose Quintana,Trevor Bauer,2,1,1,165,-180,155.0,-185.0,8.5,8.5,1.5,0.3699,0.6301,10.0,0.0,0,0,0.94,0.3,0.3,0.0,-1.3,0.6,-1.9,,,,,,,,,,,,
634175,2021-05-09,2021,Atlanta Braves,Philadelphia Phillies,Huascar Ynoa,Aaron Nola,6,1,1,-105,-105,-110.0,-110.0,7.5,8.0,1.5,0.5,0.5,5.0,-0.5,0,0,1.05,0.5,0.6,-0.09999999999999998,-1.1,1.2,-2.3,,,,,,,,,,,,
634182,2021-05-09,2021,Texas Rangers,Seattle Mariners,Dane Dunning,Justus Sheffield,10,2,1,-130,120,-130.0,110.0,8.0,8.5,-1.5,0.5543,0.4457,0.0,-0.5,0,0,1.1,0.7,0.5,0.19999999999999996,0.7,-0.6,1.2999999999999998,,,,,,,,,,,,
634194,2021-05-09,2021,St. Louis Cardinals,Colorado Rockies,Adam Wainwright,Germán Márquez,2,0,1,-146,136,-140.0,120.0,7.0,7.5,-1.5,0.5834,0.4166,-6.0,-0.5,0,0,0.98,0.8,0.2,0.6000000000000001,2.2,-2.0,4.2,,,,,,,,,,,,
634218,2021-05-09,2021,New York Yankees,Washington Nationals,Domingo Germán,Joe Ross,3,2,1,-150,140,-150.0,130.0,9.0,9.5,-1.5,0.5902,0.4098,0.0,-0.5,0,0,1.12,0.7,0.5,0.19999999999999996,1.8,0.8,1.0,,,,,,,,,,,,
634192,2021-05-09,2021,Houston Astros,Toronto Blue Jays,Zack Greinke,Nate Pearson,7,4,1,-150,140,-150.0,130.0,9.0,9.0,-1.5,0.5902,0.4098,0.0,0.0,0,0,1.0,0.5,0.6,-0.09999999999999998,0.7,1.3,-0.6000000000000001,,,,,,,,,,,,
634167,2021-05-09,2021,Kansas City Royals,Chicago White Sox,Mike Minor,Lucas Giolito,3,9,0,132,-142,135.0,-160.0,7.5,8.5,1.5,0.4235,0.5765,-3.0,-1.0,0,0,1.01,0.2,0.5,-0.3,-2.8,1.5,-4.3,,,,,,,,,,,,
634177,2021-05-09,2021,Baltimore Orioles,Boston Red Sox,Dean Kremer,Nick Pivetta,3,4,0,120,-130,125.0,-145.0,9.0,9.0,1.5,0.4457,0.5543,-5.0,0.0,0,0,1.08,0.5,0.6,-0.09999999999999998,-0.7,1.4,-2.0999999999999996,,,,,,,,,,,,
634262,2021-05-09,2021,Los Angeles Angels,Los Angeles Dodgers,Dylan Bundy,Clayton Kershaw,11,14,0,165,-180,155.0,-185.0,8.5,8.5,1.5,0.3699,0.6301,10.0,0.0,0,0,0.94,0.3,0.3,0.0,-1.3,0.6,-1.9,,,,,,,,,,,,
634184,2021-05-09,2021,New York Mets,Arizona Diamondbacks,Jacob deGrom,Riley Smith,4,2,1,-310,270,-340.0,270.0,7.0,6.5,-1.5,0.7367,0.2633,30.0,0.5,1,0,0.97,0.6,0.3,0.3,0.2,-2.5,2.7,,,,,,,,,,,,
634207,2021-05-09,2021,Miami Marlins,Milwaukee Brewers,Sandy Alcantara,Brett Anderson,1,2,0,-137,127,-130.0,110.0,7.0,7.5,-1.5,0.5675,0.4325,-7.0,-0.5,0,0,0.88,0.5,0.4,0.09999999999999998,1.2,-1.4,2.5999999999999996,,,,,,,,,,,,
634152,2021-05-10,2021,Pittsburgh Pirates,Cincinnati Reds,Mitch Keller,Tyler Mahle,1,14,0,145,-155,120.0,-140.0,7.5,8.0,1.5,0.4017,0.5983,25.0,-0.5,0,0,0.96,0.2,0.6,-0.39999999999999997,-2.1,-1.7,-0.40000000000000013,,,,,,,,,,,,
634176,2021-05-10,2021,Baltimore Orioles,Boston Red Sox,Jorge López,Martín Pérez,4,1,1,122,-132,125.0,-145.0,9.0,9.5,1.5,0.4419,0.5581,-3.0,-0.5,0,0,1.08,0.5,0.6,-0.09999999999999998,-0.1,1.4,-1.5,,,,,,,,,,,,
634170,2021-05-11,2021,New York Mets,Baltimore Orioles,Marcus Stroman,John Means,3,2,1,-156,146,-140.0,120.0,6.5,7.0,-1.5,0.5998,0.4002,-16.0,-0.5,0,0,0.97,0.7,0.5,0.19999999999999996,0.5,0.1,0.4,,,,,,,,,,,,
634159,2021-05-11,2021,Milwaukee Brewers,St. Louis Cardinals,Freddy Peralta,Kwang Hyun Kim,1,6,0,-125,115,-125.0,105.0,7.0,7.5,-1.5,0.5443,0.4557,0.0,-0.5,0,0,1.03,0.4,0.8,-0.4,-1.4,2.3,-3.6999999999999997,,,,,,,,,,,,
634163,2021-05-11,2021,Atlanta Braves,Toronto Blue Jays,Bryse Wilson,Robbie Ray,3,5,0,-103,-107,-150.0,130.0,9.5,8.5,1.5,0.4954,0.5046,47.0,1.0,1,0,1.05,0.5,0.6,-0.09999999999999998,-1.6,1.6,-3.2,,,,,,,,,,,,
634169,2021-05-11,2021,Tampa Bay Rays,New York Yankees,Luis Patiño,Jordan Montgomery,1,3,0,109,-119,105.0,-125.0,8.0,8.0,1.5,0.4682,0.5318,4.0,0.0,0,0,0.91,0.6,0.7,-0.09999999999999998,0.5,1.2,-0.7,,,,,,,,,,,,
634202,2021-05-11,2021,Boston Red Sox,Oakland Athletics,Nathan Eovaldi,Chris Bassitt,2,3,0,-120,110,-140.0,120.0,8.5,9.0,-1.5,0.5339,0.4661,20.0,-0.5,1,0,1.14,0.6,0.5,0.09999999999999998,1.4,-0.7,2.0999999999999996,,,,,,,,,,,,
634144,2021-05-11,2021,Washington Nationals,Philadelphia Phillies,Erick Fedde,Chase Anderson,2,6,0,-120,110,-115.0,-105.0,9.0,9.0,-1.5,0.5339,0.4661,-5.0,0.0,0,0,0.95,0.5,0.6,-0.09999999999999998,1.1,0.8,0.30000000000000004,,,,,,,,,,,,
634174,2021-05-11,2021,Pittsburgh Pirates,Cincinnati Reds,JT Brubaker,Jeff Hoffman,7,2,1,-118,108,-115.0,-105.0,7.5,8.0,-1.5,0.5296,0.4704,-3.0,-0.5,0,0,0.96,0.2,0.7,-0.49999999999999994,-3.1,0.4,-3.5,,,,,,,,,,,,
634155,2021-05-11,2021,Colorado Rockies,San Diego Padres,,,0,0,0,153,-163,160.0,-190.0,9.5,9.5,1.5,0.3894,0.6106,-7.0,0.0,0,0,1.38,0.2,0.6,-0.39999999999999997,-1.8,1.4,-3.2,,,,,,,,,,,,
634157,2021-05-11,2021,Arizona Diamondbacks,Miami Marlins,Luke Weaver,Jordan Holloway,5,2,1,-111,101,-110.0,-110.0,8.0,8.0,-1.5,0.5139,0.4861,-1.0,0.0,0,0,0.92,0.3,0.5,-0.2,-1.8,1.2,-3.0,,,,,,,,,,,,
634181,2021-05-11,2021,Houston Astros,Los Angeles Angels,Luis Garcia,Junior Guerra,4,5,0,-148,138,-135.0,115.0,8.5,8.5,-1.5,0.5868,0.4132,-13.0,0.0,0,0,1.0,0.5,0.3,0.2,0.8,-1.1,1.9000000000000001,,,,,,,,,,,,
634179,2021-05-11,2021,Detroit Tigers,Kansas City Royals,Matthew Boyd,Brady Singer,8,7,1,119,-129,110.0,-130.0,8.0,7.5,1.5,0.4477,0.5523,9.0,0.5,0,0,1.0,0.2,0.1,0.1,-2.2,-3.7,1.5,,,,,,,,,,,,
634198,2021-05-12,2021,Milwaukee Brewers,St. Louis Cardinals,Brandon Woodruff,John Gant,4,1,1,-177,164,-160.0,135.0,7.5,7.0,-1.5,0.6278,0.3722,-17.0,0.5,0,0,1.03,0.3,0.8,-0.5,-2.1,2.4,-4.5,,,,,,,,,,,,
634238,2021-05-12,2021,Atlanta Braves,Toronto Blue Jays,Max Fried,Hyun Jin Ryu,1,4,0,-110,100,100.0,-120.0,7.5,8.5,-1.5,0.5116,0.4884,-210.0,-1.0,0,0,1.05,0.5,0.6,-0.09999999999999998,-1.2,1.0,-2.2,,,,,,,,,,,,
634210,2021-05-12,2021,Tampa Bay Rays,New York Yankees,Collin McHugh,Gerrit Cole,0,1,0,175,-190,175.0,-210.0,7.0,7.5,1.5,0.3569,0.6431,0.0,-0.5,0,0,0.91,0.6,0.8,-0.20000000000000007,1.0,1.5,-0.5,,,,,,,,,,,,
634154,2021-05-12,2021,Boston Red Sox,Oakland Athletics,Eduardo Rodriguez,James Kaprielian,1,4,0,-146,136,-160.0,135.0,9.5,9.0,-1.5,0.5834,0.4166,14.0,0.5,1,0,1.14,0.5,0.6,-0.09999999999999998,0.8,-0.5,1.3,,,,,,,,,,,,
634186,2021-05-12,2021,Detroit Tigers,Kansas City Royals,Casey Mize,Danny Duffy,4,2,1,140,-150,115.0,-135.0,8.0,8.0,1.5,0.4098,0.5902,25.0,0.0,0,0,1.0,0.3,0.0,0.3,-1.9,-4.6,2.6999999999999997,,,,,,,,,,,,
634151,2021-05-12,2021,Washington Nationals,Philadelphia Phillies,Jon Lester,Zack Wheeler,2,5,0,116,-126,115.0,-135.0,8.5,8.5,1.5,0.4537,0.5463,1.0,0.0,0,0,0.95,0.4,0.6,-0.19999999999999996,0.1,1.1,-1.0,,,,,,,,,,,,
634208,2021-05-12,2021,Colorado Rockies,San Diego Padres,Jon Gray,Yu Darvish,3,5,0,138,-148,140.0,-165.0,6.5,7.0,1.5,0.4132,0.5868,-2.0,-0.5,0,0,1.38,0.2,0.6,-0.39999999999999997,-1.6,0.5,-2.1,,,,,,,,,,,,
634128,2021-05-12,2021,New York Mets,Baltimore Orioles,Taijuan Walker,Matt Harvey,7,1,1,-172,161,-185.0,155.0,7.0,8.0,-1.5,0.6227,0.3773,13.0,-1.0,1,0,0.97,0.8,0.4,0.4,0.7,-0.4,1.1,,,,,,,,,,,,
634142,2021-05-12,2021,Los Angeles Dodgers,Seattle Mariners,Walker Buehler,Yusei Kikuchi,6,4,1,-260,230,-250.0,200.0,8.0,8.0,-1.5,0.7044,0.2956,-10.0,0.0,0,0,0.93,0.3,0.5,-0.2,0.1,-1.2,1.3,,,,,,,,,,,,
634180,2021-05-12,2021,Arizona Diamondbacks,Miami Marlins,Madison Bumgarner,Pablo López,11,3,1,-125,115,-125.0,105.0,9.0,7.5,-1.5,0.5443,0.4557,0.0,1.5,0,0,0.92,0.3,0.4,-0.10000000000000003,-1.7,0.5,-2.2,,,,,,,,,,,,
634149,2021-05-12,2021,Colorado Rockies,San Diego Padres,Antonio Senzatela,Dinelson Lamet,1,8,0,138,-148,140.0,-165.0,6.5,7.0,1.5,0.4132,0.5868,-2.0,-0.5,0,0,1.38,0.2,0.6,-0.39999999999999997,-1.6,0.5,-2.1,,,,,,,,,,,,
634147,2021-05-12,2021,Chicago White Sox,Minnesota Twins,Dylan Cease,Kenta Maeda,9,3,1,-130,120,-130.0,110.0,8.0,8.5,-1.5,0.5543,0.4457,0.0,-0.5,0,0,0.95,0.6,0.5,0.09999999999999998,2.4,0.4,2.0,,,,,,,,,,,,
634156,2021-05-12,2021,Houston Astros,Los Angeles Angels,Lance McCullers Jr.,Shohei Ohtani,5,1,1,-160,150,-125.0,105.0,8.5,9.0,-1.5,0.6061,0.3939,-35.0,-0.5,0,0,1.0,0.5,0.4,0.09999999999999998,0.8,-0.7,1.5,,,,,,,,,,,,
634137,2021-05-12,2021,Pittsburgh Pirates,Cincinnati Reds,Trevor Cahill,Sonny Gray,1,5,0,157,-167,135.0,-160.0,7.0,7.5,1.5,0.3835,0.6165,22.0,-0.5,0,0,0.96,0.3,0.6,-0.3,-2.2,-0.2,-2.0,,,,,,,,,,,,
634150,2021-05-13,2021,Boston Red Sox,Oakland Athletics,Garrett Richards,Sean Manaea,8,1,1,-109,-101,-115.0,-105.0,9.0,9.0,-1.5,0.5093,0.4907,6.0,0.0,0,0,1.14,0.5,0.7,-0.19999999999999996,0.7,0.2,0.49999999999999994,,,,,,,,,,,,
634125,2021-05-13,2021,Chicago White Sox,Minnesota Twins,Lance Lynn,Michael Pineda,4,2,1,-126,116,-135.0,115.0,7.5,7.5,-1.5,0.5463,0.4537,9.0,0.0,0,0,0.95,0.7,0.4,0.29999999999999993,3.0,-1.0,4.0,,,,,,,,,,,,
634158,2021-05-13,2021,Milwaukee Brewers,St. Louis Cardinals,Corbin Burnes,Jack Flaherty,0,2,0,-135,125,-130.0,110.0,6.5,7.0,-1.5,0.5638,0.4362,-5.0,-0.5,0,0,1.03,0.3,0.7,-0.39999999999999997,-1.9,1.4,-3.3,,,,,,,,,,,,
634117,2021-05-13,2021,Detroit Tigers,Kansas City Royals,Spencer Turnbull,Daniel Lynch IV,4,3,1,-105,-105,-120.0,100.0,9.0,9.0,-1.5,0.5,0.5,15.0,0.0,1,0,1.0,0.4,0.0,0.4,-0.7,-4.0,3.3,,,,,,,,,,,,
634126,2021-05-13,2021,Tampa Bay Rays,New York Yankees,Rich Hill,Jameson Taillon,9,1,1,106,-116,120.0,-140.0,8.0,8.5,1.5,0.4748,0.5252,-14.0,-0.5,0,1,0.91,0.6,0.8,-0.20000000000000007,1.1,0.6,0.5000000000000001,,,,,,,,,,,,
634114,2021-05-13,2021,Atlanta Braves,Toronto Blue Jays,Charlie Morton,Ross Stripling,4,8,0,-155,145,-150.0,130.0,8.5,9.0,-1.5,0.5983,0.4017,-5.0,-0.5,0,0,1.05,0.5,0.6,-0.09999999999999998,-0.7,1.2,-1.9,,,,,,,,,,,,
634183,2021-05-13,2021,Arizona Diamondbacks,Miami Marlins,Matt Peacock,Cody Poteet,2,3,0,115,-125,100.0,-120.0,8.5,8.0,1.5,0.4557,0.5443,15.0,0.5,0,0,0.92,0.3,0.4,-0.10000000000000003,-1.4,-0.2,-1.2,,,,,,,,,,,,
634160,2021-05-13,2021,Chicago White Sox,Minnesota Twins,Dallas Keuchel,J.A. Happ,13,8,1,-126,116,-135.0,115.0,7.5,7.5,-1.5,0.5463,0.4537,9.0,0.0,0,0,0.95,0.7,0.4,0.29999999999999993,3.0,-1.0,4.0,,,,,,,,,,,,
634103,2021-05-13,2021,Washington Nationals,Philadelphia Phillies,Patrick Corbin,Zach Eflin,5,1,1,-110,100,100.0,-120.0,8.0,8.5,1.5,0.5116,0.4884,-210.0,-0.5,0,0,0.95,0.3,0.7,-0.39999999999999997,-0.3,1.5,-1.8,,,,,,,,,,,,
634119,2021-05-14,2021,Toronto Blue Jays,Philadelphia Phillies,Steven Matz,Vince Velasquez,1,5,0,-144,134,-140.0,120.0,11.0,10.5,-1.5,0.58,0.42,-4.0,0.5,0,0,1.04,0.6,0.7,-0.09999999999999998,1.1,1.2,-0.09999999999999987,,,,,,,,,,,,
634093,2021-05-14,2021,Tampa Bay Rays,New York Mets,Tyler Glasnow,David Peterson,3,2,1,-157,147,-160.0,135.0,6.5,7.0,-1.5,0.6014,0.3986,3.0,-0.5,0,0,0.91,0.6,0.8,-0.20000000000000007,1.8,1.2,0.6000000000000001,,,,,,,,,,,,
634138,2021-05-14,2021,Boston Red Sox,Los Angeles Angels,Nick Pivetta,Griffin Canning,4,3,1,-111,101,-125.0,105.0,9.5,9.5,-1.5,0.5139,0.4861,14.0,0.0,1,0,1.14,0.6,0.3,0.3,1.6,-2.2,3.8000000000000003,,,,,,,,,,,,
634206,2021-05-14,2021,Detroit Tigers,Chicago Cubs,Tarik Skubal,Jake Arrieta,2,4,0,136,-146,120.0,-140.0,9.0,8.5,1.5,0.4166,0.5834,16.0,0.5,0,0,1.0,0.5,0.5,0.0,-0.4,0.1,-0.5,,,,,,,,,,,,
634191,2021-05-14,2021,Colorado Rockies,Cincinnati Reds,Chi Chi González,Luis Castillo,13,8,1,-105,-105,-110.0,-110.0,10.5,10.0,-1.5,0.5,0.5,5.0,0.5,0,0,1.38,0.2,0.6,-0.39999999999999997,-1.6,0.0,-1.6,,,,,,,,,,,,
634141,2021-05-14,2021,Houston Astros,Texas Rangers,Cristian Javier,Mike Foltynewicz,4,3,1,-216,196,-210.0,175.0,9.0,9.0,-1.5,0.6692,0.3308,-6.0,0.0,0,0,1.0,0.5,0.6,-0.09999999999999998,1.1,1.1,0.0,,,,,,,,,,,,
634146,2021-05-14,2021,Baltimore Orioles,New York Yankees,Dean Kremer,Corey Kluber,4,5,0,158,-168,160.0,-190.0,8.5,9.0,1.5,0.3821,0.6179,-2.0,-0.5,0,0,1.08,0.3,0.7,-0.39999999999999997,-1.1,-0.4,-0.7000000000000001,,,,,,,,,,,,
634106,2021-05-15,2021,Milwaukee Brewers,Atlanta Braves,Brett Anderson,Ian Anderson,1,5,0,100,-110,100.0,-120.0,8.0,7.5,1.5,0.4884,0.5116,0.0,0.5,0,0,1.03,0.3,0.5,-0.2,-0.9,-1.0,0.09999999999999998,,,,,,,,,,,,
634139,2021-05-15,2021,Toronto Blue Jays,Philadelphia Phillies,Anthony Kay,Aaron Nola,4,0,1,133,-143,130.0,-150.0,10.0,9.5,1.5,0.4217,0.5783,3.0,0.5,0,0,1.04,0.6,0.7,-0.09999999999999998,0.8,1.5,-0.7,,,,,,,,,,,,
634127,2021-05-15,2021,Chicago White Sox,Kansas City Royals,Carlos Rodón,Mike Minor,1,5,0,-189,174,-190.0,160.0,8.0,8.5,-1.5,0.6418,0.3582,1.0,-0.5,0,0,0.95,0.8,0.0,0.8,3.7,-3.2,6.9,,,,,,,,,,,,
634161,2021-05-15,2021,Houston Astros,Texas Rangers,Luis Garcia,Dane Dunning,6,5,1,-155,145,-185.0,155.0,8.5,9.0,-1.5,0.5983,0.4017,30.0,-0.5,1,0,1.0,0.6,0.5,0.09999999999999998,1.3,0.8,0.5,,,,,,,,,,,,
634104,2021-05-15,2021,Baltimore Orioles,New York Yankees,Jorge López,Domingo Germán,2,8,0,144,-154,150.0,-180.0,8.5,9.0,1.5,0.4033,0.5967,-6.0,-0.5,0,0,1.08,0.3,0.7,-0.39999999999999997,-1.0,-0.5,-0.5,,,,,,,,,,,,
634111,2021-05-15,2021,Detroit Tigers,Chicago Cubs,José Ureña,Trevor Williams,9,8,1,142,-152,105.0,-125.0,9.0,8.5,1.5,0.4066,0.5934,37.0,0.5,0,0,1.0,0.5,0.5,0.0,-0.4,0.2,-0.6000000000000001,,,,,,,,,,,,
634095,2021-05-15,2021,Boston Red Sox,Los Angeles Angels,Martín Pérez,Dylan Bundy,9,0,1,103,-113,-110.0,-110.0,10.0,9.5,1.5,0.4815,0.5185,213.0,0.5,0,0,1.14,0.6,0.3,0.3,1.3,-1.9,3.2,,,,,,,,,,,,
634105,2021-05-15,2021,Tampa Bay Rays,New York Mets,Shane McClanahan,Drew Smith,12,5,1,-142,132,-125.0,105.0,7.5,8.0,-1.5,0.5765,0.4235,-17.0,-0.5,0,0,0.91,0.6,0.7,-0.09999999999999998,1.5,1.0,0.5,,,,,,,,,,,,
634080,2021-05-15,2021,Minnesota Twins,Oakland Athletics,José Berríos,Cole Irvin,5,4,1,-135,125,-140.0,120.0,8.5,8.5,-1.5,0.5638,0.4362,5.0,0.0,0,0,1.02,0.3,0.6,-0.3,-1.8,-0.7,-1.1,,,,,,,,,,,,
634132,2021-05-15,2021,San Diego Padres,St. Louis Cardinals,Joe Musgrove,Johan Oviedo,5,4,1,-117,107,-135.0,115.0,7.0,7.0,-1.5,0.5274,0.4726,18.0,0.0,1,0,0.9,0.7,0.7,0.0,1.9,1.3,0.5999999999999999,,,,,,,,,,,,
634162,2021-05-15,2021,Arizona Diamondbacks,Washington Nationals,Riley Smith,Max Scherzer,2,17,0,114,-124,100.0,-120.0,10.0,9.0,1.5,0.4577,0.5423,14.0,1.0,0,0,0.92,0.2,0.3,-0.09999999999999998,-1.5,-0.4,-1.1,,,,,,,,,,,,
634121,2021-05-15,2021,Colorado Rockies,Cincinnati Reds,Germán Márquez,Wade Miley,9,6,1,159,-169,150.0,-180.0,11.0,11.0,1.5,0.3806,0.6194,9.0,0.0,0,0,1.38,0.2,0.6,-0.39999999999999997,-1.9,-0.4,-1.5,,,,,,,,,,,,
634118,2021-05-15,2021,Milwaukee Brewers,Atlanta Braves,Adrian Houser,Drew Smyly,3,6,0,100,-110,100.0,-120.0,8.0,7.5,1.5,0.4884,0.5116,0.0,0.5,0,0,1.03,0.3,0.5,-0.2,-0.9,-1.0,0.09999999999999998,,,,,,,,,,,,
634131,2021-05-15,2021,Minnesota Twins,Oakland Athletics,Matt Shoemaker,Frankie Montas,1,6,0,-135,125,-140.0,120.0,8.5,8.5,-1.5,0.5638,0.4362,5.0,0.0,0,0,1.02,0.3,0.6,-0.3,-1.8,-0.7,-1.1,,,,,,,,,,,,
634123,2021-05-15,2021,Houston Astros,Texas Rangers,Zack Greinke,Wes Benjamin,10,4,1,-155,145,-185.0,155.0,8.5,9.0,-1.5,0.5983,0.4017,30.0,-0.5,1,0,1.0,0.6,0.5,0.09999999999999998,1.3,0.8,0.5,,,,,,,,,,,,
634166,2021-05-15,2021,Chicago White Sox,Kansas City Royals,Michael Kopech,Jakob Junis,3,1,1,-189,174,-190.0,160.0,8.0,8.5,-1.5,0.6418,0.3582,1.0,-0.5,0,0,0.95,0.8,0.0,0.8,3.7,-3.2,6.9,,,,,,,,,,,,
634145,2021-05-15,2021,Los Angeles Dodgers,Miami Marlins,Clayton Kershaw,Sandy Alcantara,9,6,1,-290,250,-320.0,260.0,7.5,7.5,-1.5,0.7224,0.2776,30.0,0.0,1,0,0.93,0.5,0.6,-0.09999999999999998,1.2,1.0,0.19999999999999996,,,,,,,,,,,,
634090,2021-05-16,2021,San Diego Padres,St. Louis Cardinals,Ryan Weathers,Kwang Hyun Kim,5,3,1,-110,100,-145.0,125.0,7.5,7.0,-1.5,0.5116,0.4884,35.0,0.5,1,0,0.9,0.7,0.6,0.09999999999999998,1.6,1.1,0.5,,,,,,,,,,,,
634122,2021-05-16,2021,Los Angeles Dodgers,Miami Marlins,Jimmy Nelson,Pablo López,2,3,0,-145,135,-170.0,145.0,7.5,8.0,-1.5,0.5817,0.4183,25.0,-0.5,1,0,0.93,0.6,0.5,0.09999999999999998,1.6,0.1,1.5,,,,,,,,,,,,
634130,2021-05-16,2021,Arizona Diamondbacks,Washington Nationals,Luke Weaver,Erick Fedde,0,3,0,-105,-105,100.0,-120.0,9.0,9.5,-1.5,0.5,0.5,-205.0,-0.5,0,1,0.92,0.2,0.3,-0.09999999999999998,-2.4,0.9,-3.3,,,,,,,,,,,,
634098,2021-05-16,2021,Colorado Rockies,Cincinnati Reds,Antonio Senzatela,Jeff Hoffman,6,7,0,-105,-105,105.0,-125.0,11.0,11.5,1.5,0.5,0.5,-210.0,-0.5,0,1,1.38,0.3,0.5,-0.2,-1.6,-0.8,-0.8,,,,,,,,,,,,
634134,2021-05-16,2021,Milwaukee Brewers,Atlanta Braves,Freddy Peralta,Huascar Ynoa,10,9,1,-130,120,-115.0,-105.0,7.0,7.0,-1.5,0.5543,0.4457,-15.0,0.0,0,0,1.03,0.3,0.6,-0.3,-1.4,-0.3,-1.0999999999999999,,,,,,,,,,,,
634124,2021-05-16,2021,Chicago White Sox,Kansas City Royals,Dylan Cease,Brady Singer,4,3,1,-170,160,-160.0,135.0,8.5,8.5,-1.5,0.6208,0.3792,-10.0,0.0,0,0,0.95,0.8,0.1,0.7000000000000001,3.6,-2.4,6.0,,,,,,,,,,,,
634188,2021-05-16,2021,Minnesota Twins,Oakland Athletics,Kenta Maeda,Chris Bassitt,6,7,0,-112,102,-110.0,-110.0,8.5,8.5,-1.5,0.5162,0.4838,-2.0,0.0,0,0,1.02,0.3,0.5,-0.2,-2.0,-0.7,-1.3,,,,,,,,,,,,
634068,2021-05-16,2021,Houston Astros,Texas Rangers,Lance McCullers Jr.,Kyle Gibson,6,2,1,-165,155,-185.0,155.0,7.5,8.0,-1.5,0.6136,0.3864,20.0,-0.5,1,0,1.0,0.8,0.4,0.4,2.7,-0.1,2.8000000000000003,,,,,,,,,,,,
634071,2021-05-16,2021,Tampa Bay Rays,New York Mets,Josh Fleming,Marcus Stroman,7,1,1,-105,-105,-105.0,-115.0,7.5,7.5,1.5,0.5,0.5,0.0,0.0,0,0,0.91,0.6,0.7,-0.09999999999999998,1.7,0.4,1.2999999999999998,,,,,,,,,,,,
634100,2021-05-16,2021,Boston Red Sox,Los Angeles Angels,Nathan Eovaldi,Jose Quintana,5,6,0,-154,144,-150.0,130.0,9.5,9.5,-1.5,0.5967,0.4033,-4.0,0.0,0,0,1.14,0.7,0.3,0.39999999999999997,2.3,-2.3,4.6,,,,,,,,,,,,
634069,2021-05-16,2021,Toronto Blue Jays,Philadelphia Phillies,Robbie Ray,Chase Anderson,10,8,1,-192,176,-150.0,130.0,10.0,10.5,-1.5,0.6447,0.3553,-42.0,-0.5,0,0,1.04,0.7,0.6,0.09999999999999998,1.5,1.0,0.5,,,,,,,,,,,,
634086,2021-05-16,2021,Baltimore Orioles,New York Yankees,Adam Plutko,Jordan Montgomery,10,6,1,150,-160,145.0,-170.0,9.0,9.0,1.5,0.3939,0.6061,5.0,0.0,0,0,1.08,0.2,0.7,-0.49999999999999994,-1.8,-0.3,-1.5,,,,,,,,,,,,
634096,2021-05-16,2021,Los Angeles Dodgers,Miami Marlins,Trevor Bauer,,7,0,1,-145,135,-170.0,145.0,7.5,8.0,-1.5,0.5817,0.4183,25.0,-0.5,1,0,0.93,0.6,0.5,0.09999999999999998,1.6,0.1,1.5,,,,,,,,,,,,
634143,2021-05-16,2021,San Diego Padres,St. Louis Cardinals,Chris Paddack,Adam Wainwright,13,3,1,-110,100,-145.0,125.0,7.5,7.0,-1.5,0.5116,0.4884,35.0,0.5,1,0,0.9,0.7,0.6,0.09999999999999998,1.6,1.1,0.5,,,,,,,,,,,,
634097,2021-05-16,2021,Arizona Diamondbacks,Washington Nationals,Seth Frankoff,Joe Ross,11,4,1,-105,-105,100.0,-120.0,9.0,9.5,-1.5,0.5,0.5,-205.0,-0.5,0,1,0.92,0.2,0.3,-0.09999999999999998,-2.4,0.9,-3.3,,,,,,,,,,,,
634148,2021-05-16,2021,Colorado Rockies,Cincinnati Reds,Jhoulys Chacín,Tyler Mahle,5,6,0,-105,-105,105.0,-125.0,11.0,11.5,1.5,0.5,0.5,-210.0,-0.5,0,1,1.38,0.3,0.5,-0.2,-1.6,-0.8,-0.8,,,,,,,,,,,,
634083,2021-05-16,2021,Detroit Tigers,Chicago Cubs,Matthew Boyd,Kyle Hendricks,1,5,0,132,-142,120.0,-140.0,8.0,8.0,1.5,0.4235,0.5765,12.0,0.0,0,0,1.0,0.6,0.5,0.09999999999999998,0.1,0.2,-0.1,,,,,,,,,,,,
634063,2021-05-17,2021,Atlanta Braves,New York Mets,Max Fried,Taijuan Walker,1,3,0,-158,148,-130.0,110.0,8.0,7.5,-1.5,0.603,0.397,-28.0,0.5,0,0,1.05,0.5,0.6,-0.09999999999999998,-0.6,-0.2,-0.39999999999999997,,,,,,,,,,,,
634076,2021-05-17,2021,Chicago Cubs,Washington Nationals,Adbert Alzolay,Jon Lester,7,3,1,-154,144,-130.0,110.0,8.0,8.0,-1.5,0.5967,0.4033,-24.0,0.0,0,0,1.06,0.6,0.4,0.19999999999999996,0.6,1.2,-0.6,,,,,,,,,,,,
634077,2021-05-17,2021,Minnesota Twins,Chicago White Sox,J.A. Happ,Dallas Keuchel,4,16,0,-110,100,-105.0,-115.0,9.5,8.5,-1.5,0.5116,0.4884,-5.0,1.0,0,0,1.02,0.3,0.8,-0.5,-1.9,2.8,-4.699999999999999,,,,,,,,,,,,
634133,2021-05-18,2021,Toronto Blue Jays,Boston Red Sox,Hyun Jin Ryu,Eduardo Rodriguez,8,0,1,-122,112,-145.0,125.0,9.0,9.5,-1.5,0.5381,0.4619,23.0,-0.5,1,0,1.04,0.7,0.6,0.09999999999999998,1.2,1.9,-0.7,,,,,,,,,,,,
634109,2021-05-18,2021,St. Louis Cardinals,Pittsburgh Pirates,John Gant,JT Brubaker,5,2,1,-120,110,-150.0,130.0,7.5,7.5,-1.5,0.5339,0.4661,30.0,0.0,1,0,0.98,0.5,0.4,0.09999999999999998,-0.4,-1.5,1.1,,,,,,,,,,,,
634073,2021-05-18,2021,Minnesota Twins,Chicago White Sox,Bailey Ober,Lance Lynn,5,4,1,135,-145,100.0,-120.0,8.5,8.0,1.5,0.4183,0.5817,35.0,0.5,0,0,1.02,0.3,0.9,-0.6000000000000001,-3.0,4.1,-7.1,,,,,,,,,,,,
634052,2021-05-18,2021,Chicago Cubs,Washington Nationals,Zach Davies,Patrick Corbin,6,3,1,-105,-105,-105.0,-115.0,9.0,8.5,1.5,0.5,0.5,0.0,0.5,0,0,1.06,0.6,0.4,0.19999999999999996,0.9,0.9,0.0,,,,,,,,,,,,
634107,2021-05-18,2021,Atlanta Braves,New York Mets,Tucker Davidson,Miguel Castro,3,4,0,-147,137,-145.0,125.0,8.5,8.5,-1.5,0.5851,0.4149,-2.0,0.0,0,0,1.05,0.4,0.7,-0.29999999999999993,-0.9,0.3,-1.2,,,,,,,,,,,,
634099,2021-05-18,2021,Texas Rangers,New York Yankees,Jordan Lyles,Gerrit Cole,5,2,1,133,-143,145.0,-170.0,8.5,9.5,1.5,0.4217,0.5783,-12.0,-1.0,0,1,1.1,0.3,0.6,-0.3,-0.7,-1.0,0.30000000000000004,,,,,,,,,,,,
634075,2021-05-18,2021,Baltimore Orioles,Tampa Bay Rays,Matt Harvey,Luis Patiño,6,13,0,140,-150,130.0,-150.0,9.0,8.5,1.5,0.4098,0.5902,10.0,0.5,0,0,1.08,0.3,0.6,-0.3,-1.1,2.1,-3.2,,,,,,,,,,,,
634082,2021-05-18,2021,Seattle Mariners,Detroit Tigers,Yusei Kikuchi,Casey Mize,1,4,0,-113,103,-125.0,105.0,8.0,8.0,-1.5,0.5185,0.4815,12.0,0.0,1,0,0.89,0.4,0.5,-0.09999999999999998,-1.5,-0.4,-1.1,,,,,,,,,,,,
634057,2021-05-18,2021,San Diego Padres,Colorado Rockies,Yu Darvish,Jon Gray,7,0,1,-210,190,-210.0,175.0,7.0,7.0,-1.5,0.6627,0.3373,0.0,0.0,0,0,0.9,0.8,0.2,0.6000000000000001,2.7,-1.1,3.8000000000000003,,,,,,,,,,,,
634091,2021-05-18,2021,Los Angeles Dodgers,Arizona Diamondbacks,Walker Buehler,Madison Bumgarner,3,1,1,-260,230,-250.0,200.0,7.5,7.5,-1.5,0.7044,0.2956,-10.0,0.0,0,0,0.93,0.5,0.3,0.2,1.0,-1.0,2.0,,,,,,,,,,,,
634051,2021-05-18,2021,Philadelphia Phillies,Miami Marlins,Zack Wheeler,Cody Poteet,8,3,1,-174,162,-185.0,155.0,7.5,7.5,-1.5,0.6246,0.3754,11.0,0.0,1,0,1.07,0.5,0.4,0.09999999999999998,0.7,-1.5,2.2,,,,,,,,,,,,
634026,2021-05-19,2021,St. Louis Cardinals,Pittsburgh Pirates,Jack Flaherty,Trevor Cahill,8,5,1,-220,200,-220.0,180.0,7.0,7.0,-1.5,0.6735,0.3265,0.0,0.0,0,0,0.98,0.6,0.4,0.19999999999999996,0.2,-1.7,1.9,,,,,,,,,,,,
634053,2021-05-19,2021,Chicago Cubs,Washington Nationals,Jake Arrieta,Max Scherzer,3,4,0,146,-156,120.0,-140.0,9.0,9.5,1.5,0.4002,0.5998,26.0,-0.5,0,0,1.06,0.6,0.3,0.3,1.1,-0.1,1.2000000000000002,,,,,,,,,,,,
634116,2021-05-19,2021,Toronto Blue Jays,Boston Red Sox,Ross Stripling,Garrett Richards,3,7,0,-113,103,-125.0,105.0,9.5,10.5,-1.5,0.5185,0.4815,12.0,-1.0,1,0,1.04,0.7,0.5,0.19999999999999996,1.4,0.7,0.7,,,,,,,,,,,,
634044,2021-05-19,2021,Philadelphia Phillies,Miami Marlins,Zach Eflin,Trevor Rogers,1,3,0,-119,109,-130.0,110.0,7.5,7.5,-1.5,0.5318,0.4682,11.0,0.0,1,0,1.07,0.5,0.3,0.2,1.0,-2.5,3.5,,,,,,,,,,,,
634055,2021-05-19,2021,Baltimore Orioles,Tampa Bay Rays,John Means,Ryan Yarbrough,7,9,0,-104,-106,-110.0,-110.0,8.0,8.0,1.5,0.4977,0.5023,6.0,0.0,0,0,1.08,0.2,0.6,-0.39999999999999997,-2.4,2.3,-4.699999999999999,,,,,,,,,,,,
634031,2021-05-19,2021,San Diego Padres,Colorado Rockies,Joe Musgrove,Chi Chi González,3,0,1,-300,260,-255.0,205.0,8.0,7.5,-1.5,0.7297,0.2703,-45.0,0.5,0,0,0.9,0.8,0.2,0.6000000000000001,3.2,-1.7,4.9,,,,,,,,,,,,
634066,2021-05-19,2021,Atlanta Braves,New York Mets,Charlie Morton,David Peterson,5,4,1,-194,177,-150.0,130.0,7.5,8.0,-1.5,0.6464,0.3536,-44.0,-0.5,0,0,1.05,0.4,0.7,-0.29999999999999993,0.0,0.1,-0.1,,,,,,,,,,,,
634115,2021-05-19,2021,Seattle Mariners,Detroit Tigers,Justin Dunn,Spencer Turnbull,0,5,0,-148,138,-130.0,110.0,8.0,8.5,-1.5,0.5868,0.4132,-18.0,-0.5,0,0,0.89,0.4,0.6,-0.19999999999999996,-1.2,0.2,-1.4,,,,,,,,,,,,
634065,2021-05-19,2021,San Diego Padres,Colorado Rockies,Blake Snell,Austin Gomber,2,1,1,-300,260,-255.0,205.0,8.0,7.5,-1.5,0.7297,0.2703,-45.0,0.5,0,0,0.9,0.8,0.2,0.6000000000000001,3.2,-1.7,4.9,,,,,,,,,,,,
634092,2021-05-19,2021,Los Angeles Dodgers,Arizona Diamondbacks,Julio Urías,Corbin Martin,9,1,1,-310,270,-315.0,255.0,7.5,7.5,-1.5,0.7367,0.2633,5.0,0.0,0,0,0.93,0.6,0.3,0.3,1.3,-1.1,2.4000000000000004,,,,,,,,,,,,
634050,2021-05-19,2021,Oakland Athletics,Houston Astros,Sean Manaea,Cristian Javier,6,5,1,111,-121,-110.0,-110.0,8.5,8.0,1.5,0.464,0.536,221.0,0.5,0,0,0.9,0.6,0.8,-0.20000000000000007,-0.1,2.8,-2.9,,,,,,,,,,,,
634043,2021-05-19,2021,Kansas City Royals,Milwaukee Brewers,Kris Bubic,Brandon Woodruff,2,0,1,178,-196,145.0,-170.0,7.5,7.5,1.5,0.352,0.648,33.0,0.0,0,0,1.01,0.1,0.4,-0.30000000000000004,-2.1,-1.2,-0.9000000000000001,,,,,,,,,,,,
634067,2021-05-19,2021,Texas Rangers,New York Yankees,Mike Foltynewicz,Jameson Taillon,4,7,0,158,-168,145.0,-170.0,9.0,9.0,1.5,0.3821,0.6179,13.0,0.0,0,0,1.1,0.3,0.6,-0.3,-0.5,-1.0,0.5,,,,,,,,,,,,
634030,2021-05-19,2021,Minnesota Twins,Chicago White Sox,Matt Shoemaker,Lucas Giolito,1,2,0,115,-125,125.0,-145.0,9.0,8.5,1.5,0.4557,0.5443,-10.0,0.5,0,0,1.02,0.3,0.8,-0.5,-3.3,3.2,-6.5,,,,,,,,,,,,
634018,2021-05-20,2021,Toronto Blue Jays,Boston Red Sox,Steven Matz,Nick Pivetta,7,8,0,-119,109,-135.0,115.0,10.0,10.0,-1.5,0.5318,0.4682,16.0,0.0,1,0,1.04,0.6,0.5,0.09999999999999998,0.6,0.6,0.0,,,,,,,,,,,,
634041,2021-05-20,2021,Atlanta Braves,Pittsburgh Pirates,Drew Smyly,Wil Crowe,4,6,0,-209,189,-195.0,165.0,9.0,8.5,-1.5,0.6616,0.3384,-14.0,0.5,0,0,1.05,0.4,0.4,0.0,0.0,-1.9,1.9,,,,,,,,,,,,
634039,2021-05-20,2021,Philadelphia Phillies,Miami Marlins,Vince Velasquez,Sandy Alcantara,0,6,0,-103,-107,-125.0,105.0,8.5,8.0,1.5,0.4954,0.5046,22.0,0.5,1,0,1.07,0.4,0.4,0.0,-0.2,-1.9,1.7,,,,,,,,,,,,
634045,2021-05-20,2021,Oakland Athletics,Houston Astros,Cole Irvin,Luis Garcia,4,8,0,107,-117,-105.0,-115.0,8.5,8.5,1.5,0.4726,0.5274,212.0,0.0,0,0,0.9,0.7,0.7,0.0,0.6,2.1,-1.5,,,,,,,,,,,,
634112,2021-05-20,2021,Chicago Cubs,Washington Nationals,Trevor Williams,Joe Ross,5,2,1,-108,-102,-130.0,110.0,10.5,10.5,-1.5,0.507,0.493,22.0,0.0,1,0,1.06,0.5,0.4,0.09999999999999998,0.9,0.1,0.8,,,,,,,,,,,,
634033,2021-05-20,2021,Los Angeles Dodgers,Arizona Diamondbacks,Clayton Kershaw,Matt Peacock,4,2,1,-200,180,-190.0,160.0,8.5,8.5,-1.5,0.6512,0.3488,-10.0,0.0,0,0,0.93,0.7,0.3,0.39999999999999997,2.2,-1.7,3.9000000000000004,,,,,,,,,,,,
634120,2021-05-20,2021,Baltimore Orioles,Tampa Bay Rays,Dean Kremer,Rich Hill,1,10,0,140,-150,135.0,-160.0,9.0,9.0,1.5,0.4098,0.5902,5.0,0.0,0,0,1.08,0.2,0.7,-0.49999999999999994,-2.2,2.8,-5.0,,,,,,,,,,,,
634034,2021-05-20,2021,Oakland Athletics,Houston Astros,Frankie Montas,Zack Greinke,1,8,0,107,-117,-105.0,-115.0,8.5,8.5,1.5,0.4726,0.5274,212.0,0.0,0,0,0.9,0.7,0.7,0.0,0.6,2.1,-1.5,,,,,,,,,,,,
634168,2021-05-20,2021,Texas Rangers,New York Yankees,Hyeon-Jong Yang,Corey Kluber,0,2,0,105,-115,115.0,-135.0,7.5,8.5,1.5,0.477,0.523,-10.0,-1.0,0,0,1.1,0.3,0.7,-0.39999999999999997,-0.7,0.0,-0.7,,,,,,,,,,,,
634047,2021-05-20,2021,Texas Rangers,New York Yankees,Dane Dunning,Domingo Germán,0,2,0,105,-115,115.0,-135.0,7.5,8.5,1.5,0.477,0.523,-10.0,-1.0,0,0,1.1,0.3,0.7,-0.39999999999999997,-0.7,0.0,-0.7,,,,,,,,,,,,
634036,2021-05-21,2021,Atlanta Braves,Pittsburgh Pirates,Ian Anderson,Tyler Anderson,20,1,1,-190,175,-190.0,160.0,8.0,8.0,-1.5,0.6431,0.3569,0.0,0.0,0,0,1.05,0.3,0.4,-0.10000000000000003,-0.7,-1.8,1.1,,,,,,,,,,,,
634078,2021-05-21,2021,Toronto Blue Jays,Tampa Bay Rays,Anthony Kay,Tyler Glasnow,7,9,0,144,-154,125.0,-145.0,9.0,9.0,1.5,0.4033,0.5967,19.0,0.0,0,0,1.04,0.6,0.8,-0.20000000000000007,1.1,3.8,-2.6999999999999997,,,,,,,,,,,,
634027,2021-05-21,2021,Cincinnati Reds,Milwaukee Brewers,Jeff Hoffman,Adrian Houser,9,4,1,119,-129,-105.0,-115.0,9.5,9.0,1.5,0.4477,0.5523,224.0,0.5,0,0,1.18,0.3,0.4,-0.10000000000000003,-3.1,-0.9,-2.2,,,,,,,,,,,,
634012,2021-05-21,2021,Washington Nationals,Baltimore Orioles,Stephen Strasburg,Jorge López,4,2,1,-192,176,-210.0,175.0,8.5,8.0,-1.5,0.6447,0.3553,18.0,0.5,1,0,0.95,0.4,0.2,0.2,-0.1,-2.6,2.5,,,,,,,,,,,,
634014,2021-05-21,2021,New York Yankees,Chicago White Sox,Jordan Montgomery,Carlos Rodón,2,1,1,-110,100,-110.0,-110.0,8.0,8.5,1.5,0.5116,0.4884,0.0,-0.5,0,0,1.12,0.7,0.8,-0.10000000000000009,0.2,3.0,-2.8,,,,,,,,,,,,
634054,2021-05-21,2021,Philadelphia Phillies,Boston Red Sox,Aaron Nola,Martín Pérez,3,11,0,-146,136,-170.0,145.0,8.5,8.0,-1.5,0.5834,0.4166,24.0,0.5,1,0,1.07,0.4,0.5,-0.09999999999999998,-0.7,0.6,-1.2999999999999998,,,,,,,,,,,,
634089,2021-05-21,2021,Miami Marlins,New York Mets,John Curtiss,Marcus Stroman,5,6,0,-105,-105,-130.0,110.0,7.0,7.5,-1.5,0.5,0.5,25.0,-0.5,1,0,0.88,0.5,0.6,-0.09999999999999998,-1.2,-0.1,-1.0999999999999999,,,,,,,,,,,,
634081,2021-05-22,2021,Toronto Blue Jays,Tampa Bay Rays,Robbie Ray,Shane McClanahan,1,3,0,-115,105,-120.0,100.0,9.5,9.5,-1.5,0.523,0.477,5.0,0.0,0,0,1.04,0.6,0.8,-0.20000000000000007,1.2,3.9,-2.7,,,,,,,,,,,,
633984,2021-05-22,2021,Philadelphia Phillies,Boston Red Sox,Spencer Howard,Nathan Eovaldi,3,4,0,120,-130,120.0,-140.0,9.0,9.0,1.5,0.4457,0.5543,0.0,0.0,0,0,1.07,0.4,0.6,-0.19999999999999996,-1.0,1.7,-2.7,,,,,,,,,,,,
634032,2021-05-22,2021,St. Louis Cardinals,Chicago Cubs,Miles Mikolas,Adbert Alzolay,2,1,1,111,-121,-110.0,-110.0,8.5,8.5,1.5,0.464,0.536,221.0,0.0,0,0,0.98,0.6,0.5,0.09999999999999998,0.0,1.1,-1.1,,,,,,,,,,,,
634017,2021-05-22,2021,Cincinnati Reds,Milwaukee Brewers,Sonny Gray,Brett Anderson,3,4,0,-154,144,-145.0,125.0,9.0,8.5,-1.5,0.5967,0.4033,-9.0,0.5,0,0,1.18,0.4,0.3,0.10000000000000003,-2.1,-1.8,-0.30000000000000004,,,,,,,,,,,,
633999,2021-05-22,2021,Miami Marlins,New York Mets,Pablo López,Joey Lucchesi,3,1,1,-151,141,-185.0,155.0,7.0,7.5,-1.5,0.5918,0.4082,34.0,-0.5,1,0,0.88,0.5,0.6,-0.09999999999999998,-1.0,-0.2,-0.8,,,,,,,,,,,,
634049,2021-05-22,2021,Atlanta Braves,Pittsburgh Pirates,Bryse Wilson,Mitch Keller,6,1,1,-200,180,-200.0,170.0,9.5,9.5,-1.5,0.6512,0.3488,0.0,0.0,0,0,1.05,0.4,0.4,0.0,1.4,-2.4,3.8,,,,,,,,,,,,
634079,2021-05-22,2021,Texas Rangers,Houston Astros,Jordan Lyles,Lance McCullers Jr.,8,4,1,160,-170,155.0,-185.0,9.0,8.5,1.5,0.3792,0.6208,5.0,0.5,0,0,1.1,0.1,0.8,-0.7000000000000001,-2.0,3.3,-5.3,,,,,,,,,,,,
634062,2021-05-22,2021,Washington Nationals,Baltimore Orioles,Jon Lester,Bruce Zimmermann,12,9,1,-147,137,-160.0,135.0,9.0,9.5,-1.5,0.5851,0.4149,13.0,-0.5,1,0,0.95,0.5,0.2,0.3,0.5,-2.7,3.2,,,,,,,,,,,,
634001,2021-05-22,2021,Kansas City Royals,Detroit Tigers,Brady Singer,Matthew Boyd,7,5,1,-145,135,-145.0,125.0,8.5,8.0,-1.5,0.5817,0.4183,0.0,0.5,0,0,1.01,0.3,0.7,-0.39999999999999997,-1.3,1.1,-2.4000000000000004,,,,,,,,,,,,
634035,2021-05-22,2021,New York Yankees,Chicago White Sox,Gerrit Cole,Dylan Cease,7,0,1,-200,180,-200.0,170.0,8.0,7.0,-1.5,0.6512,0.3488,0.0,1.0,0,0,1.12,0.7,0.7,0.0,0.1,2.3,-2.1999999999999997,,,,,,,,,,,,
634019,2021-05-22,2021,San Diego Padres,Seattle Mariners,Chris Paddack,Chris Flexen,16,1,1,-194,177,-220.0,180.0,7.5,8.0,-1.5,0.6464,0.3536,26.0,-0.5,1,0,0.9,1.0,0.3,0.7,4.3,-2.1,6.4,,,,,,,,,,,,
634028,2021-05-22,2021,Los Angeles Angels,Oakland Athletics,Jose Quintana,James Kaprielian,4,8,0,124,-134,130.0,-150.0,9.0,9.0,1.5,0.4381,0.5619,-6.0,0.0,0,0,0.94,0.4,0.5,-0.09999999999999998,-1.8,-0.9,-0.9,,,,,,,,,,,,
634016,2021-05-22,2021,Colorado Rockies,Arizona Diamondbacks,Germán Márquez,Seth Frankoff,7,1,1,102,-112,-110.0,-110.0,11.0,10.5,1.5,0.4838,0.5162,212.0,0.5,0,0,1.38,0.2,0.2,0.0,-1.4,-2.1,0.7000000000000002,,,,,,,,,,,,
634022,2021-05-22,2021,St. Louis Cardinals,Chicago Cubs,Carlos Martinez,Kyle Hendricks,3,12,0,111,-121,-110.0,-110.0,8.5,8.5,1.5,0.464,0.536,221.0,0.0,0,0,0.98,0.6,0.5,0.09999999999999998,0.0,1.1,-1.1,,,,,,,,,,,,
634088,2021-05-22,2021,Kansas City Royals,Detroit Tigers,Mike Minor,José Ureña,5,7,0,-145,135,-145.0,125.0,8.5,8.0,-1.5,0.5817,0.4183,0.0,0.5,0,0,1.01,0.3,0.7,-0.39999999999999997,-1.3,1.1,-2.4000000000000004,,,,,,,,,,,,
634008,2021-05-22,2021,Texas Rangers,Houston Astros,Kyle Gibson,Tyler Ivey,7,5,1,160,-170,155.0,-185.0,9.0,8.5,1.5,0.3792,0.6208,5.0,0.5,0,0,1.1,0.1,0.8,-0.7000000000000001,-2.0,3.3,-5.3,,,,,,,,,,,,
634010,2021-05-22,2021,Colorado Rockies,Arizona Diamondbacks,Antonio Senzatela,Madison Bumgarner,7,6,1,102,-112,-110.0,-110.0,11.0,10.5,1.5,0.4838,0.5162,212.0,0.5,0,0,1.38,0.2,0.2,0.0,-1.4,-2.1,0.7000000000000002,,,,,,,,,,,,
634002,2021-05-23,2021,Kansas City Royals,Detroit Tigers,Kris Bubic,Casey Mize,3,2,1,-142,132,-160.0,135.0,9.0,8.5,-1.5,0.5765,0.4235,18.0,0.5,1,0,1.01,0.4,0.7,-0.29999999999999993,0.1,1.0,-0.9,,,,,,,,,,,,
633973,2021-05-23,2021,St. Louis Cardinals,Chicago Cubs,Adam Wainwright,Zach Davies,1,2,0,-129,119,-130.0,110.0,9.0,8.5,-1.5,0.5523,0.4477,1.0,0.5,0,0,0.98,0.5,0.6,-0.09999999999999998,-1.1,2.1,-3.2,,,,,,,,,,,,
633996,2021-05-23,2021,San Diego Padres,Seattle Mariners,Yu Darvish,Justin Dunn,9,2,1,-280,245,-235.0,190.0,7.0,7.5,-1.5,0.7177,0.2823,-45.0,-0.5,0,0,0.9,1.0,0.3,0.7,4.8,-2.8,7.6,,,,,,,,,,,,
633985,2021-05-23,2021,Los Angeles Angels,Oakland Athletics,Dylan Bundy,Sean Manaea,6,5,1,110,-120,-105.0,-115.0,8.5,8.5,1.5,0.4661,0.5339,215.0,0.0,0,0,0.94,0.3,0.6,-0.3,-2.3,-0.4,-1.9,,,,,,,,,,,,
633995,2021-05-23,2021,Colorado Rockies,Arizona Diamondbacks,Jon Gray,Taylor Widener,4,3,1,-130,120,-150.0,130.0,12.0,11.0,-1.5,0.5543,0.4457,20.0,1.0,1,0,1.38,0.4,0.1,0.30000000000000004,-0.5,-3.5,3.0,,,,,,,,,,,,
634025,2021-05-23,2021,Texas Rangers,Houston Astros,Mike Foltynewicz,Cristian Javier,3,2,1,132,-142,145.0,-170.0,9.0,9.0,1.5,0.4235,0.5765,-13.0,0.0,0,1,1.1,0.3,0.7,-0.39999999999999997,-1.0,2.4,-3.4,,,,,,,,,,,,
634060,2021-05-23,2021,Atlanta Braves,Pittsburgh Pirates,Max Fried,JT Brubaker,7,1,1,-210,190,-180.0,150.0,8.0,8.5,-1.5,0.6627,0.3373,-30.0,-0.5,0,0,1.05,0.5,0.3,0.2,2.2,-3.4,5.6,,,,,,,,,,,,
633998,2021-05-23,2021,Miami Marlins,New York Mets,Cody Poteet,Jordan Yamamoto,5,1,1,-146,136,-145.0,125.0,7.0,7.5,-1.5,0.5834,0.4166,-1.0,-0.5,0,0,0.88,0.6,0.5,0.09999999999999998,0.0,-0.6,0.6,,,,,,,,,,,,
633975,2021-05-23,2021,Toronto Blue Jays,Tampa Bay Rays,Hyun Jin Ryu,Michael Wacha,4,6,0,-166,156,-190.0,160.0,9.0,9.0,-1.5,0.615,0.385,24.0,0.0,1,0,1.04,0.5,0.9,-0.4,0.8,4.3,-3.5,,,,,,,,,,,,
634009,2021-05-23,2021,New York Yankees,Chicago White Sox,Jameson Taillon,Dallas Keuchel,5,4,1,-149,139,-125.0,105.0,9.5,9.0,-1.5,0.5885,0.4115,-24.0,0.5,0,0,1.12,0.7,0.6,0.09999999999999998,0.7,1.0,-0.30000000000000004,,,,,,,,,,,,
634004,2021-05-23,2021,Philadelphia Phillies,Boston Red Sox,Zack Wheeler,Eduardo Rodriguez,6,2,1,-125,115,-125.0,105.0,7.5,8.0,-1.5,0.5443,0.4557,0.0,-0.5,0,0,1.07,0.3,0.7,-0.39999999999999997,-1.5,1.9,-3.4,,,,,,,,,,,,
633977,2021-05-23,2021,Washington Nationals,Baltimore Orioles,Patrick Corbin,Matt Harvey,6,5,1,-180,165,-180.0,150.0,9.5,9.0,-1.5,0.6301,0.3699,0.0,0.5,0,0,0.95,0.6,0.1,0.5,1.1,-3.3,4.4,,,,,,,,,,,,
634000,2021-05-23,2021,Los Angeles Angels,Oakland Athletics,Patrick Sandoval,Chris Bassitt,2,6,0,110,-120,-105.0,-115.0,8.5,8.5,1.5,0.4661,0.5339,215.0,0.0,0,0,0.94,0.3,0.6,-0.3,-2.3,-0.4,-1.9,,,,,,,,,,,,
633991,2021-05-23,2021,San Diego Padres,Seattle Mariners,Ryan Weathers,Justus Sheffield,6,4,1,-280,245,-235.0,190.0,7.0,7.5,-1.5,0.7177,0.2823,-45.0,-0.5,0,0,0.9,1.0,0.3,0.7,4.8,-2.8,7.6,,,,,,,,,,,,
633989,2021-05-23,2021,Cincinnati Reds,Milwaukee Brewers,Luis Castillo,Freddy Peralta,4,9,0,105,-115,105.0,-125.0,8.0,8.5,1.5,0.477,0.523,0.0,-0.5,0,0,1.18,0.3,0.3,0.0,-2.6,-1.8,-0.8,,,,,,,,,,,,
633976,2021-05-24,2021,Miami Marlins,Philadelphia Phillies,Trevor Rogers,Zach Eflin,9,6,1,-135,125,-125.0,105.0,7.0,7.0,-1.5,0.5638,0.4362,-10.0,0.0,0,0,0.88,0.6,0.3,0.3,0.3,-1.4,1.7,,,,,,,,,,,,
633963,2021-05-24,2021,Toronto Blue Jays,Tampa Bay Rays,Trent Thornton,Ryan Yarbrough,8,14,0,-102,-108,-110.0,-110.0,10.5,10.5,1.5,0.493,0.507,8.0,0.0,0,0,1.04,0.4,1.0,-0.6,0.3,4.6,-4.3,,,,,,,,,,,,
634056,2021-05-24,2021,New York Mets,Colorado Rockies,David Peterson,Austin Gomber,2,3,0,-137,127,-130.0,110.0,6.5,7.5,-1.5,0.5675,0.4325,-7.0,-1.0,0,0,0.97,0.4,0.5,-0.09999999999999998,-1.1,0.3,-1.4000000000000001,,,,,,,,,,,,
633982,2021-05-24,2021,Minnesota Twins,Baltimore Orioles,Matt Shoemaker,John Means,8,3,1,-104,-106,-110.0,-110.0,9.0,8.5,-1.5,0.4977,0.5023,6.0,0.5,0,0,1.02,0.4,0.1,0.30000000000000004,-1.1,-3.3,2.1999999999999997,,,,,,,,,,,,
633992,2021-05-24,2021,Milwaukee Brewers,San Diego Padres,Brandon Woodruff,Blake Snell,5,3,1,-115,105,-115.0,-105.0,7.0,7.0,-1.5,0.523,0.477,0.0,0.0,0,0,1.03,0.4,1.0,-0.6,-0.8,5.0,-5.8,,,,,,,,,,,,
633958,2021-05-25,2021,Boston Red Sox,Atlanta Braves,Garrett Richards,Charlie Morton,1,3,0,-102,-108,-105.0,-115.0,10.0,9.5,1.5,0.493,0.507,3.0,0.5,0,0,1.14,0.7,0.6,0.09999999999999998,1.8,3.2,-1.4000000000000001,,,,,,,,,,,,
633941,2021-05-25,2021,Pittsburgh Pirates,Chicago Cubs,Cody Ponce,Jake Arrieta,3,4,0,124,-134,130.0,-150.0,9.0,8.5,1.5,0.4381,0.5619,-6.0,0.5,0,0,0.96,0.3,0.7,-0.39999999999999997,-3.6,2.3,-5.9,,,,,,,,,,,,
633962,2021-05-25,2021,Milwaukee Brewers,San Diego Padres,Corbin Burnes,Joe Musgrove,1,7,0,-125,115,-125.0,105.0,7.0,7.0,-1.5,0.5443,0.4557,0.0,0.0,0,0,1.03,0.4,0.9,-0.5,-0.9,4.6,-5.5,,,,,,,,,,,,
633990,2021-05-25,2021,Tampa Bay Rays,Kansas City Royals,Rich Hill,Brad Keller,1,2,0,-185,170,-170.0,145.0,8.5,8.5,-1.5,0.6367,0.3633,-15.0,0.0,0,0,0.91,1.0,0.5,0.5,4.4,0.3,4.1000000000000005,,,,,,,,,,,,
634048,2021-05-25,2021,Minnesota Twins,Baltimore Orioles,José Berríos,Dean Kremer,7,4,1,-186,171,-210.0,175.0,9.5,9.0,-1.5,0.638,0.362,24.0,0.5,1,0,1.02,0.5,0.1,0.4,-0.1,-3.2,3.1,,,,,,,,,,,,
634023,2021-05-25,2021,New York Mets,Colorado Rockies,Jacob deGrom,Kyle Freeland,3,1,1,-240,210,-260.0,210.0,6.0,6.5,-1.5,0.6863,0.3137,20.0,-0.5,1,0,0.97,0.3,0.5,-0.2,-1.8,-0.1,-1.7,,,,,,,,,,,,
633994,2021-05-25,2021,Chicago White Sox,St. Louis Cardinals,Lance Lynn,Kwang Hyun Kim,5,1,1,-128,118,-140.0,120.0,8.0,8.0,-1.5,0.5503,0.4497,12.0,0.0,1,0,0.95,0.5,0.4,0.09999999999999998,0.4,-1.7,2.1,,,,,,,,,,,,
633965,2021-05-25,2021,Washington Nationals,Cincinnati Reds,Max Scherzer,Tyler Mahle,1,2,0,-205,185,-170.0,145.0,7.5,7.5,-1.5,0.657,0.343,-35.0,0.0,0,0,0.95,0.6,0.3,0.3,0.8,-2.6,3.4000000000000004,,,,,,,,,,,,
633969,2021-05-25,2021,Miami Marlins,Philadelphia Phillies,Sandy Alcantara,Vince Velasquez,0,2,0,-143,133,-130.0,110.0,7.0,7.0,-1.5,0.5783,0.4217,-13.0,0.0,0,0,0.88,0.6,0.3,0.3,0.2,-1.3,1.5,,,,,,,,,,,,
633955,2021-05-25,2021,Oakland Athletics,Seattle Mariners,Frankie Montas,Yusei Kikuchi,2,4,0,-166,156,-170.0,145.0,8.5,8.5,-1.5,0.615,0.385,4.0,0.0,0,0,0.9,0.5,0.3,0.2,-0.5,-2.9,2.4,,,,,,,,,,,,
633956,2021-05-25,2021,New York Yankees,Toronto Blue Jays,Corey Kluber,Steven Matz,2,6,0,-163,153,-165.0,140.0,9.0,9.0,-1.5,0.6106,0.3894,2.0,0.0,0,0,1.12,0.8,0.3,0.5,1.6,-0.7,2.3,,,,,,,,,,,,
633901,2021-05-26,2021,Miami Marlins,Philadelphia Phillies,Nick Neidert,Aaron Nola,4,2,1,148,-158,145.0,-170.0,7.0,7.0,1.5,0.397,0.603,3.0,0.0,0,0,0.88,0.6,0.3,0.3,0.3,-1.5,1.8,,,,,,,,,,,,
634064,2021-05-26,2021,Tampa Bay Rays,Kansas City Royals,Tyler Glasnow,Mike Minor,2,1,1,-200,180,-210.0,175.0,7.0,7.5,-1.5,0.6512,0.3488,10.0,-0.5,0,0,0.91,0.9,0.6,0.30000000000000004,4.2,0.6,3.6,,,,,,,,,,,,
633971,2021-05-26,2021,Chicago White Sox,St. Louis Cardinals,Carlos Rodón,John Gant,0,4,0,-215,195,-185.0,155.0,8.5,8.5,-1.5,0.6682,0.3318,-30.0,0.0,0,0,0.95,0.5,0.4,0.09999999999999998,0.6,-1.8,2.4,,,,,,,,,,,,
634021,2021-05-26,2021,Houston Astros,Los Angeles Dodgers,Luis Garcia,Trevor Bauer,5,2,1,146,-156,130.0,-150.0,8.5,8.5,1.5,0.4002,0.5998,16.0,0.0,0,0,1.0,0.6,0.9,-0.30000000000000004,1.5,3.2,-1.7000000000000002,,,,,,,,,,,,
633927,2021-05-26,2021,Milwaukee Brewers,San Diego Padres,Eric Lauer,Chris Paddack,1,2,0,107,-117,110.0,-130.0,8.0,8.0,1.5,0.4726,0.5274,-3.0,0.0,0,0,1.03,0.4,0.9,-0.5,-1.3,5.1,-6.3999999999999995,,,,,,,,,,,,
633993,2021-05-26,2021,Boston Red Sox,Atlanta Braves,Nick Pivetta,Drew Smyly,9,5,1,-137,127,-115.0,-105.0,11.0,9.5,-1.5,0.5675,0.4325,-22.0,1.5,0,0,1.14,0.6,0.6,0.0,0.9,3.0,-2.1,,,,,,,,,,,,
633967,2021-05-26,2021,Pittsburgh Pirates,Chicago Cubs,Wil Crowe,Trevor Williams,1,4,0,114,-124,130.0,-150.0,8.5,8.5,1.5,0.4577,0.5423,-16.0,0.0,0,1,0.96,0.3,0.7,-0.39999999999999997,-3.5,2.2,-5.7,,,,,,,,,,,,
633945,2021-05-26,2021,Oakland Athletics,Seattle Mariners,Cole Irvin,Logan Gilbert,3,4,0,-174,162,-180.0,150.0,8.5,9.0,-1.5,0.6246,0.3754,6.0,-0.5,0,0,0.9,0.5,0.4,0.09999999999999998,0.0,-2.5,2.5,,,,,,,,,,,,
634074,2021-05-26,2021,Oakland Athletics,Seattle Mariners,James Kaprielian,Robert Dugger,6,3,1,-174,162,-180.0,150.0,8.5,9.0,-1.5,0.6246,0.3754,6.0,-0.5,0,0,0.9,0.5,0.4,0.09999999999999998,0.0,-2.5,2.5,,,,,,,,,,,,
633928,2021-05-26,2021,Minnesota Twins,Baltimore Orioles,Michael Pineda,Jorge López,3,2,1,-190,175,-200.0,170.0,8.5,9.5,-1.5,0.6431,0.3569,10.0,-1.0,0,0,1.02,0.5,0.1,0.4,0.1,-3.4,3.5,,,,,,,,,,,,
633972,2021-05-26,2021,Los Angeles Angels,Texas Rangers,Andrew Heaney,Hyeon-Jong Yang,11,5,1,102,-112,-130.0,110.0,9.0,8.5,-1.5,0.4838,0.5162,232.0,0.5,0,0,0.94,0.3,0.4,-0.10000000000000003,-2.3,-0.8,-1.4999999999999998,,,,,,,,,,,,
633951,2021-05-26,2021,Chicago White Sox,St. Louis Cardinals,Lucas Giolito,Jack Flaherty,8,3,1,-215,195,-185.0,155.0,8.5,8.5,-1.5,0.6682,0.3318,-30.0,0.0,0,0,0.95,0.5,0.4,0.09999999999999998,0.6,-1.8,2.4,,,,,,,,,,,,
633953,2021-05-26,2021,Houston Astros,Los Angeles Dodgers,Zack Greinke,Clayton Kershaw,2,9,0,146,-156,130.0,-150.0,8.5,8.5,1.5,0.4002,0.5998,16.0,0.0,0,0,1.0,0.6,0.9,-0.30000000000000004,1.5,3.2,-1.7000000000000002,,,,,,,,,,,,
633940,2021-05-26,2021,Los Angeles Angels,Texas Rangers,Griffin Canning,Dane Dunning,9,8,1,102,-112,-130.0,110.0,9.0,8.5,-1.5,0.4838,0.5162,232.0,0.5,0,0,0.94,0.3,0.4,-0.10000000000000003,-2.3,-0.8,-1.4999999999999998,,,,,,,,,,,,
634003,2021-05-27,2021,Washington Nationals,Cincinnati Reds,Stephen Strasburg,Sonny Gray,0,3,0,-126,116,-150.0,130.0,6.5,6.0,-1.5,0.5463,0.4537,24.0,0.5,1,0,0.95,0.6,0.3,0.3,0.1,-2.5,2.6,,,,,,,,,,,,
633974,2021-05-27,2021,New York Yankees,Toronto Blue Jays,Domingo Germán,Alek Manoah,0,2,0,-120,110,-150.0,130.0,7.0,7.0,-1.5,0.5339,0.4661,30.0,0.0,1,0,1.12,0.6,0.4,0.19999999999999996,0.5,-0.3,0.8,,,,,,,,,,,,
633937,2021-05-27,2021,Milwaukee Brewers,San Diego Padres,Adrian Houser,Ryan Weathers,6,5,1,105,-115,120.0,-140.0,8.0,8.0,1.5,0.477,0.523,-15.0,0.0,0,1,1.03,0.4,0.9,-0.5,-1.0,5.0,-6.0,,,,,,,,,,,,
633915,2021-05-27,2021,Tampa Bay Rays,Kansas City Royals,Shane McClanahan,Brady Singer,7,2,1,-162,152,-180.0,150.0,7.5,7.5,-1.5,0.6091,0.3909,18.0,0.0,1,0,0.91,0.9,0.6,0.30000000000000004,3.6,0.6,3.0,,,,,,,,,,,,
633957,2021-05-27,2021,Miami Marlins,Philadelphia Phillies,Pablo López,Spencer Howard,2,3,0,-140,130,-140.0,120.0,7.0,7.0,-1.5,0.573,0.427,0.0,0.0,0,0,0.88,0.7,0.3,0.39999999999999997,1.2,-1.3,2.5,,,,,,,,,,,,
633922,2021-05-27,2021,New York Mets,Colorado Rockies,Marcus Stroman,Germán Márquez,1,0,1,-125,115,-140.0,120.0,5.0,5.0,-1.5,0.5443,0.4557,15.0,0.0,1,0,0.97,0.4,0.5,-0.09999999999999998,-0.8,-0.5,-0.30000000000000004,,,,,,,,,,,,
633888,2021-05-27,2021,Pittsburgh Pirates,Chicago Cubs,Tyler Anderson,Kyle Hendricks,3,5,0,132,-142,120.0,-140.0,7.5,8.0,1.5,0.4235,0.5765,12.0,-0.5,0,0,0.96,0.2,0.8,-0.6000000000000001,-3.9,2.6,-6.5,,,,,,,,,,,,
633964,2021-05-28,2021,Oakland Athletics,Los Angeles Angels,Chris Bassitt,Patrick Sandoval,5,0,1,-145,135,-145.0,125.0,7.5,8.0,-1.5,0.5817,0.4183,0.0,-0.5,0,0,0.9,0.5,0.5,0.0,-0.2,-0.7,0.49999999999999994,,,,,,,,,,,,
633914,2021-05-28,2021,Arizona Diamondbacks,St. Louis Cardinals,Jon Duplantier,Carlos Martinez,4,5,0,-127,117,-110.0,-110.0,9.5,9.0,-1.5,0.5483,0.4517,-17.0,0.5,0,0,0.92,0.0,0.4,-0.4,-3.3,-2.0,-1.2999999999999998,,,,,,,,,,,,
633934,2021-05-28,2021,Seattle Mariners,Texas Rangers,Chris Flexen,Kolby Allard,5,0,1,-116,106,-125.0,105.0,8.5,9.0,-1.5,0.5252,0.4748,9.0,-0.5,0,0,0.89,0.3,0.4,-0.10000000000000003,-3.5,-0.8,-2.7,,,,,,,,,,,,
634024,2021-05-28,2021,Chicago Cubs,Cincinnati Reds,Adbert Alzolay,Vladimir Gutierrez,1,0,1,-180,165,-145.0,125.0,6.5,6.5,-1.5,0.6301,0.3699,-35.0,0.0,0,0,1.06,0.8,0.3,0.5,2.4,-2.3,4.699999999999999,,,,,,,,,,,,
634040,2021-05-28,2021,Boston Red Sox,Miami Marlins,Martín Pérez,Cody Poteet,5,2,1,-158,148,-145.0,125.0,8.5,9.0,-1.5,0.603,0.397,-13.0,-0.5,0,0,1.14,0.6,0.6,0.0,1.2,1.0,0.19999999999999996,,,,,,,,,,,,
633961,2021-05-28,2021,Detroit Tigers,New York Yankees,Casey Mize,Gerrit Cole,3,2,1,245,-280,200.0,-250.0,7.0,7.0,1.5,0.2823,0.7177,45.0,0.0,0,0,1.0,0.5,0.6,-0.09999999999999998,0.5,0.7,-0.19999999999999996,,,,,,,,,,,,
633929,2021-05-29,2021,Oakland Athletics,Los Angeles Angels,Frankie Montas,Alex Cobb,0,4,0,-130,120,-160.0,135.0,8.0,8.5,-1.5,0.5543,0.4457,30.0,-0.5,1,0,0.9,0.5,0.5,0.0,0.2,-0.3,0.5,,,,,,,,,,,,
633875,2021-05-29,2021,Chicago Cubs,Cincinnati Reds,Zach Davies,Luis Castillo,10,2,1,-109,-101,-115.0,-105.0,7.0,6.5,-1.5,0.5093,0.4907,6.0,0.5,0,0,1.06,0.8,0.3,0.5,2.1,-2.1,4.2,,,,,,,,,,,,
633874,2021-05-29,2021,Houston Astros,San Diego Padres,Jake Odorizzi,Yu Darvish,8,11,0,138,-148,130.0,-150.0,8.0,8.0,1.5,0.4132,0.5868,8.0,0.0,0,0,1.0,0.5,0.8,-0.30000000000000004,0.9,3.9,-3.0,,,,,,,,,,,,
633960,2021-05-29,2021,Chicago White Sox,Baltimore Orioles,Dallas Keuchel,Matt Harvey,7,4,1,-210,190,-245.0,195.0,6.5,6.5,-1.5,0.6627,0.3373,35.0,0.0,1,0,0.95,0.5,0.0,0.5,1.2,-3.7,4.9,,,,,,,,,,,,
633949,2021-05-29,2021,Detroit Tigers,New York Yankees,Spencer Turnbull,Deivi García,6,1,1,115,-125,135.0,-160.0,8.5,8.5,1.5,0.4557,0.5443,-20.0,0.0,0,1,1.0,0.5,0.6,-0.09999999999999998,0.3,0.9,-0.6000000000000001,,,,,,,,,,,,
633959,2021-05-29,2021,New York Mets,Atlanta Braves,Taijuan Walker,Ian Anderson,13,2,1,135,-145,140.0,-165.0,6.5,6.5,1.5,0.4183,0.5817,-5.0,0.0,0,0,0.97,0.4,0.6,-0.19999999999999996,-0.3,2.4,-2.6999999999999997,,,,,,,,,,,,
633903,2021-05-29,2021,Boston Red Sox,Miami Marlins,Nathan Eovaldi,Trevor Rogers,3,1,1,-163,153,-145.0,125.0,7.5,8.5,-1.5,0.6106,0.3894,-18.0,-1.0,0,0,1.14,0.6,0.6,0.0,0.6,1.2,-0.6,,,,,,,,,,,,
633944,2021-05-29,2021,Minnesota Twins,Kansas City Royals,J.A. Happ,Ervin Santana,6,5,1,-153,143,-180.0,150.0,9.5,9.0,-1.5,0.5951,0.4049,27.0,0.5,1,0,1.02,0.6,0.5,0.09999999999999998,0.7,-0.3,1.0,,,,,,,,,,,,
633950,2021-05-29,2021,Washington Nationals,Milwaukee Brewers,Jon Lester,Brett Anderson,2,6,0,111,-121,-115.0,-105.0,5.5,6.0,1.5,0.464,0.536,226.0,-0.5,0,0,0.95,0.5,0.5,0.0,-0.1,-0.7,0.6,,,,,,,,,,,,
633894,2021-05-29,2021,Tampa Bay Rays,Philadelphia Phillies,Ryan Yarbrough,Zack Wheeler,5,3,1,-116,106,100.0,-120.0,7.0,7.0,-1.5,0.5252,0.4748,-216.0,0.0,0,0,0.91,0.9,0.4,0.5,3.5,-1.0,4.5,,,,,,,,,,,,
633936,2021-05-29,2021,Pittsburgh Pirates,Colorado Rockies,Mitch Keller,Austin Gomber,4,0,1,-134,124,-120.0,100.0,5.0,5.0,-1.5,0.5619,0.4381,-14.0,0.0,0,0,0.96,0.1,0.6,-0.5,-4.0,0.2,-4.2,,,,,,,,,,,,
633887,2021-05-29,2021,Chicago White Sox,Baltimore Orioles,Dallas Keuchel,Matt Harvey,0,0,0,-210,190,-245.0,195.0,6.5,6.5,-1.5,0.6627,0.3373,35.0,0.0,1,0,0.95,0.5,0.0,0.5,1.2,-3.7,4.9,,,,,,,,,,,,
633997,2021-05-29,2021,Seattle Mariners,Texas Rangers,Justus Sheffield,Jordan Lyles,3,2,1,-104,-106,-120.0,100.0,8.5,8.5,1.5,0.4977,0.5023,16.0,0.0,1,0,0.89,0.3,0.4,-0.10000000000000003,-3.1,-0.9,-2.2,,,,,,,,,,,,
633987,2021-05-29,2021,Arizona Diamondbacks,St. Louis Cardinals,Madison Bumgarner,Johan Oviedo,6,8,0,133,-143,130.0,-150.0,10.0,10.0,1.5,0.4217,0.5783,3.0,0.0,0,0,0.92,0.0,0.5,-0.5,-3.1,-0.9,-2.2,,,,,,,,,,,,
634006,2021-05-29,2021,Oakland Athletics,Los Angeles Angels,Sean Manaea,Shohei Ohtani,3,1,1,-130,120,-160.0,135.0,8.0,8.5,-1.5,0.5543,0.4457,30.0,-0.5,1,0,0.9,0.5,0.5,0.0,0.2,-0.3,0.5,,,,,,,,,,,,
633932,2021-05-29,2021,Minnesota Twins,Kansas City Royals,Randy Dobnak,Kris Bubic,3,8,0,-153,143,-180.0,150.0,9.5,9.0,-1.5,0.5951,0.4049,27.0,0.5,1,0,1.02,0.6,0.5,0.09999999999999998,0.7,-0.3,1.0,,,,,,,,,,,,
633918,2021-05-29,2021,Houston Astros,San Diego Padres,Framber Valdez,Dinelson Lamet,3,10,0,138,-148,130.0,-150.0,8.0,8.0,1.5,0.4132,0.5868,8.0,0.0,0,0,1.0,0.5,0.8,-0.30000000000000004,0.9,3.9,-3.0,,,,,,,,,,,,
633968,2021-05-30,2021,Seattle Mariners,Texas Rangers,Yusei Kikuchi,Hyeon-Jong Yang,4,2,1,-140,130,-165.0,140.0,8.0,8.5,-1.5,0.573,0.427,25.0,-0.5,1,0,0.89,0.4,0.3,0.10000000000000003,-2.7,-1.3,-1.4000000000000001,,,,,,,,,,,,
633946,2021-05-30,2021,Arizona Diamondbacks,St. Louis Cardinals,Matt Peacock,Kwang Hyun Kim,9,2,1,-112,102,100.0,-120.0,9.0,10.0,1.5,0.5162,0.4838,-212.0,-1.0,0,0,0.92,0.0,0.6,-0.6,-3.1,-0.5,-2.6,,,,,,,,,,,,
633889,2021-05-30,2021,Oakland Athletics,Los Angeles Angels,Cole Irvin,Jose Quintana,2,4,0,-136,126,-150.0,130.0,9.0,9.0,-1.5,0.5657,0.4343,14.0,0.0,1,0,0.9,0.5,0.4,0.09999999999999998,0.6,-0.5,1.1,,,,,,,,,,,,
633931,2021-05-30,2021,Chicago Cubs,Cincinnati Reds,Jake Arrieta,Tyler Mahle,1,5,0,-113,103,105.0,-125.0,8.0,8.5,-1.5,0.5185,0.4815,-218.0,-0.5,0,0,1.06,0.8,0.3,0.5,2.6,-2.7,5.300000000000001,,,,,,,,,,,,
633881,2021-05-30,2021,Minnesota Twins,Kansas City Royals,Matt Shoemaker,Brad Keller,3,6,0,-128,118,-140.0,120.0,9.0,9.5,-1.5,0.5503,0.4497,12.0,-0.5,1,0,1.02,0.7,0.6,0.09999999999999998,1.6,0.4,1.2000000000000002,,,,,,,,,,,,
633942,2021-05-30,2021,Houston Astros,San Diego Padres,Zack Greinke,Blake Snell,7,4,1,-115,105,-110.0,-110.0,8.5,8.5,-1.5,0.523,0.477,-5.0,0.0,0,0,1.0,0.3,0.8,-0.5,-1.1,3.9,-5.0,,,,,,,,,,,,
633872,2021-05-30,2021,Chicago White Sox,Baltimore Orioles,Lucas Giolito,Keegan Akin,3,1,1,-205,185,-270.0,220.0,8.0,9.0,-1.5,0.657,0.343,65.0,-1.0,1,0,0.95,0.5,0.1,0.4,0.4,-3.1,3.5,,,,,,,,,,,,
633892,2021-05-30,2021,Tampa Bay Rays,Philadelphia Phillies,Collin McHugh,Zach Eflin,6,2,1,-140,130,-105.0,-115.0,7.5,8.0,-1.5,0.573,0.427,-35.0,-0.5,0,0,0.91,0.9,0.3,0.6000000000000001,3.0,-1.7,4.7,,,,,,,,,,,,
633933,2021-05-30,2021,Washington Nationals,Milwaukee Brewers,Max Scherzer,Brandon Woodruff,0,3,0,-112,102,-125.0,105.0,6.0,6.5,-1.5,0.5162,0.4838,13.0,-0.5,1,0,0.95,0.5,0.6,-0.09999999999999998,-0.2,-0.1,-0.1,,,,,,,,,,,,
633978,2021-05-30,2021,Pittsburgh Pirates,Colorado Rockies,Chase De Jong,Kyle Freeland,3,4,0,-118,108,-110.0,-110.0,7.5,7.5,-1.5,0.5296,0.4704,-8.0,0.0,0,0,0.96,0.2,0.6,-0.39999999999999997,-3.3,-0.1,-3.1999999999999997,,,,,,,,,,,,
633947,2021-05-30,2021,Seattle Mariners,Texas Rangers,Justin Dunn,Mike Foltynewicz,3,2,1,-140,130,-165.0,140.0,8.0,8.5,-1.5,0.573,0.427,25.0,-0.5,1,0,0.89,0.4,0.3,0.10000000000000003,-2.7,-1.3,-1.4000000000000001,,,,,,,,,,,,
633913,2021-05-30,2021,Arizona Diamondbacks,St. Louis Cardinals,Seth Frankoff,Adam Wainwright,4,7,0,-112,102,100.0,-120.0,9.0,10.0,1.5,0.5162,0.4838,-212.0,-1.0,0,0,0.92,0.0,0.6,-0.6,-3.1,-0.5,-2.6,,,,,,,,,,,,
633854,2021-05-30,2021,Detroit Tigers,New York Yankees,Tarik Skubal,Michael King,6,2,1,170,-185,135.0,-160.0,9.0,9.0,1.5,0.3633,0.6367,35.0,0.0,0,0,1.0,0.5,0.5,0.0,0.3,0.1,0.19999999999999998,,,,,,,,,,,,
633917,2021-05-31,2021,Atlanta Braves,Washington Nationals,Charlie Morton,Joe Ross,5,3,1,-190,175,-170.0,145.0,8.5,9.0,-1.5,0.6431,0.3569,-20.0,-0.5,0,0,1.05,0.7,0.4,0.29999999999999993,1.6,-0.6,2.2,,,,,,,,,,,,
633849,2021-05-31,2021,Seattle Mariners,Oakland Athletics,Logan Gilbert,James Kaprielian,6,5,1,124,-134,115.0,-135.0,8.5,8.5,1.5,0.4381,0.5619,9.0,0.0,0,0,0.89,0.6,0.5,0.09999999999999998,-1.5,0.8,-2.3,,,,,,,,,,,,
633896,2021-05-31,2021,Houston Astros,Boston Red Sox,José Urquidy,Eduardo Rodriguez,11,2,1,-102,-108,-120.0,100.0,9.0,8.5,1.5,0.493,0.507,18.0,0.5,1,0,1.0,0.4,0.7,-0.29999999999999993,-0.7,1.7,-2.4,,,,,,,,,,,,
633870,2021-05-31,2021,Chicago Cubs,San Diego Padres,Kohl Stewart,Chris Paddack,7,2,1,127,-137,140.0,-165.0,10.0,10.0,1.5,0.4325,0.5675,-13.0,0.0,0,1,1.06,0.8,0.7,0.10000000000000009,2.3,3.5,-1.2000000000000002,,,,,,,,,,,,
633983,2021-05-31,2021,Cincinnati Reds,Philadelphia Phillies,Wade Miley,Vince Velasquez,11,1,1,-108,-102,-125.0,105.0,8.5,8.5,-1.5,0.507,0.493,17.0,0.0,1,0,1.18,0.4,0.3,0.10000000000000003,-1.9,-1.9,0.0,,,,,,,,,,,,
633898,2021-05-31,2021,New York Yankees,Tampa Bay Rays,Jameson Taillon,Rich Hill,1,3,0,-131,121,-120.0,100.0,8.5,9.0,-1.5,0.5562,0.4438,-11.0,-0.5,0,0,1.12,0.4,0.9,-0.5,-0.5,3.2,-3.7,,,,,,,,,,,,
633919,2021-05-31,2021,Baltimore Orioles,Minnesota Twins,Jorge López,José Berríos,2,3,0,144,-154,150.0,-180.0,8.5,9.0,1.5,0.4033,0.5967,-6.0,-0.5,0,0,1.08,0.1,0.6,-0.5,-2.4,1.2,-3.5999999999999996,,,,,,,,,,,,
633948,2021-05-31,2021,Milwaukee Brewers,Detroit Tigers,Corbin Burnes,Tyler Alexander,3,2,1,-290,250,-235.0,190.0,7.0,7.5,-1.5,0.7224,0.2776,-55.0,-0.5,0,0,1.03,0.7,0.5,0.19999999999999996,0.4,0.3,0.10000000000000003,,,,,,,,,,,,
633868,2021-06-01,2021,Cincinnati Reds,Philadelphia Phillies,Sonny Gray,Aaron Nola,3,17,0,-111,101,-110.0,-110.0,7.5,7.0,-1.5,0.5139,0.4861,-1.0,0.5,0,0,1.18,0.5,0.3,0.2,0.6,-2.3,2.9,,,,,,,,,,,,
633878,2021-06-01,2021,Milwaukee Brewers,Detroit Tigers,Eric Lauer,Matthew Boyd,7,10,0,-162,152,-150.0,130.0,7.5,8.0,-1.5,0.6091,0.3909,-12.0,-0.5,0,0,1.03,0.8,0.4,0.4,1.0,0.0,1.0,,,,,,,,,,,,
633863,2021-06-01,2021,Atlanta Braves,Washington Nationals,Max Fried,Stephen Strasburg,6,11,0,-137,127,-145.0,125.0,8.5,8.0,-1.5,0.5675,0.4325,8.0,0.5,0,0,1.05,0.7,0.4,0.29999999999999993,1.7,-0.5,2.2,,,,,,,,,,,,
633857,2021-06-01,2021,Toronto Blue Jays,Miami Marlins,Robbie Ray,Sandy Alcantara,5,1,1,-152,142,-165.0,140.0,8.5,8.5,-1.5,0.5934,0.4066,13.0,0.0,1,0,1.04,0.6,0.5,0.09999999999999998,0.6,0.2,0.39999999999999997,,,,,,,,,,,,
633926,2021-06-01,2021,Arizona Diamondbacks,New York Mets,Merrill Kelly,Jacob deGrom,2,6,0,104,-114,105.0,-125.0,9.0,9.0,1.5,0.4792,0.5208,-1.0,0.0,0,0,0.92,0.1,0.4,-0.30000000000000004,-1.7,0.8,-2.5,,,,,,,,,,,,
633856,2021-06-01,2021,Baltimore Orioles,Minnesota Twins,Bruce Zimmermann,Michael Pineda,7,4,1,156,-166,145.0,-170.0,9.0,9.0,1.5,0.385,0.615,11.0,0.0,0,0,1.08,0.1,0.7,-0.6,-2.3,1.4,-3.6999999999999997,,,,,,,,,,,,
633851,2021-06-01,2021,Los Angeles Dodgers,St. Louis Cardinals,Trevor Bauer,Jack Flaherty,9,4,1,-192,176,-180.0,150.0,8.5,8.0,-1.5,0.6447,0.3553,-12.0,0.5,0,0,0.93,0.6,0.5,0.09999999999999998,0.7,-1.5,2.2,,,,,,,,,,,,
633900,2021-06-01,2021,Kansas City Royals,Pittsburgh Pirates,Mike Minor,Chad Kuhl,7,3,1,-162,152,-185.0,155.0,8.5,8.0,-1.5,0.6091,0.3909,23.0,0.5,1,0,1.01,0.6,0.2,0.39999999999999997,0.5,-3.1,3.6,,,,,,,,,,,,
633861,2021-06-01,2021,New York Yankees,Tampa Bay Rays,Domingo Germán,Tyler Glasnow,5,3,1,122,-132,110.0,-130.0,7.5,7.5,1.5,0.4419,0.5581,12.0,0.0,0,0,1.12,0.3,0.9,-0.6000000000000001,-0.9,2.5,-3.4,,,,,,,,,,,,
633883,2021-06-02,2021,Atlanta Braves,Washington Nationals,Drew Smyly,Jon Lester,3,5,0,-151,141,-165.0,140.0,9.5,9.5,-1.5,0.5918,0.4082,14.0,0.0,1,0,1.05,0.7,0.4,0.29999999999999993,1.4,-0.2,1.5999999999999999,,,,,,,,,,,,
633882,2021-06-02,2021,New York Yankees,Tampa Bay Rays,Jordan Montgomery,Shane McClanahan,4,3,1,-130,120,-125.0,105.0,8.5,8.5,-1.5,0.5543,0.4457,-5.0,0.0,0,0,1.12,0.3,0.8,-0.5,-0.8,2.1,-2.9000000000000004,,,,,,,,,,,,
633853,2021-06-02,2021,Baltimore Orioles,Minnesota Twins,Matt Harvey,Randy Dobnak,6,3,1,121,-131,135.0,-160.0,9.5,9.5,1.5,0.4438,0.5562,-14.0,0.0,0,1,1.08,0.2,0.6,-0.39999999999999997,-1.7,0.1,-1.8,,,,,,,,,,,,
633834,2021-06-02,2021,Arizona Diamondbacks,New York Mets,Madison Bumgarner,David Peterson,6,7,0,-113,103,105.0,-125.0,8.5,8.5,-1.5,0.5185,0.4815,-218.0,0.0,0,0,0.92,0.1,0.4,-0.30000000000000004,-2.0,1.1,-3.1,,,,,,,,,,,,
633855,2021-06-02,2021,Chicago Cubs,San Diego Padres,Adbert Alzolay,Dinelson Lamet,6,1,1,-118,108,-115.0,-105.0,7.0,7.5,-1.5,0.5296,0.4704,-3.0,-0.5,0,0,1.06,0.8,0.6,0.20000000000000007,2.5,1.5,1.0,,,,,,,,,,,,
633844,2021-06-02,2021,Toronto Blue Jays,Miami Marlins,Alek Manoah,Pablo López,6,5,1,-162,152,-150.0,130.0,8.0,8.5,-1.5,0.6091,0.3909,-12.0,-0.5,0,0,1.04,0.7,0.5,0.19999999999999996,1.2,-0.1,1.3,,,,,,,,,,,,
633871,2021-06-02,2021,Seattle Mariners,Oakland Athletics,Marco Gonzales,Chris Bassitt,6,12,0,145,-155,125.0,-145.0,8.0,8.0,1.5,0.4017,0.5983,20.0,0.0,0,0,0.89,0.7,0.4,0.29999999999999993,0.1,0.3,-0.19999999999999998,,,,,,,,,,,,
633885,2021-06-02,2021,Arizona Diamondbacks,New York Mets,Caleb Smith,Marcus Stroman,6,5,1,-113,103,105.0,-125.0,8.5,8.5,-1.5,0.5185,0.4815,-218.0,0.0,0,0,0.92,0.1,0.4,-0.30000000000000004,-2.0,1.1,-3.1,,,,,,,,,,,,
633895,2021-06-02,2021,Colorado Rockies,Texas Rangers,Germán Márquez,Dane Dunning,3,2,1,100,-110,-125.0,105.0,11.0,10.5,1.5,0.4884,0.5116,225.0,0.5,0,0,1.38,0.7,0.3,0.39999999999999997,0.3,-1.1,1.4000000000000001,,,,,,,,,,,,
633873,2021-06-02,2021,Houston Astros,Boston Red Sox,Luis Garcia,Garrett Richards,5,1,1,-132,122,-140.0,120.0,9.0,9.0,-1.5,0.5581,0.4419,8.0,0.0,0,0,1.0,0.4,0.6,-0.19999999999999996,-0.2,0.4,-0.6000000000000001,,,,,,,,,,,,
633880,2021-06-02,2021,Chicago Cubs,San Diego Padres,Kyle Hendricks,Ryan Weathers,4,3,1,-118,108,-115.0,-105.0,7.0,7.5,-1.5,0.5296,0.4704,-3.0,-0.5,0,0,1.06,0.8,0.6,0.20000000000000007,2.5,1.5,1.0,,,,,,,,,,,,
633879,2021-06-02,2021,Los Angeles Dodgers,St. Louis Cardinals,David Price,John Gant,2,3,0,-230,205,-235.0,190.0,8.0,8.0,-1.5,0.6801,0.3199,5.0,0.0,0,0,0.93,0.6,0.5,0.09999999999999998,1.1,-1.1,2.2,,,,,,,,,,,,
633876,2021-06-03,2021,Milwaukee Brewers,Arizona Diamondbacks,Brett Anderson,Jon Duplantier,7,4,1,-172,161,-180.0,150.0,9.5,8.5,-1.5,0.6227,0.3773,8.0,1.0,0,0,1.03,0.7,0.2,0.49999999999999994,0.6,-1.3,1.9,,,,,,,,,,,,
633835,2021-06-03,2021,Pittsburgh Pirates,Miami Marlins,Tyler Anderson,Elieser Hernández,5,3,1,-105,-105,100.0,-120.0,7.5,8.0,1.5,0.5,0.5,-205.0,-0.5,0,1,0.96,0.1,0.4,-0.30000000000000004,-2.3,-0.4,-1.9,,,,,,,,,,,,
633860,2021-06-03,2021,Colorado Rockies,Texas Rangers,Austin Gomber,Mike Foltynewicz,11,6,1,-130,120,-105.0,-115.0,10.5,10.5,-1.5,0.5543,0.4457,-25.0,0.0,0,0,1.38,0.7,0.3,0.39999999999999997,0.3,-1.0,1.3,,,,,,,,,,,,
633831,2021-06-03,2021,Houston Astros,Boston Red Sox,Jake Odorizzi,Martín Pérez,1,5,0,-113,103,-140.0,120.0,9.0,9.0,-1.5,0.5185,0.4815,27.0,0.0,1,0,1.0,0.4,0.5,-0.09999999999999998,-0.5,-0.1,-0.4,,,,,,,,,,,,
633819,2021-06-03,2021,New York Yankees,Tampa Bay Rays,Gerrit Cole,Ryan Yarbrough,2,9,0,-196,178,-225.0,185.0,7.5,7.5,-1.5,0.648,0.352,29.0,0.0,1,0,1.12,0.3,0.7,-0.39999999999999997,-1.4,1.8,-3.2,,,,,,,,,,,,
633848,2021-06-03,2021,Colorado Rockies,Texas Rangers,Antonio Senzatela,Jordan Lyles,6,3,1,-130,120,-105.0,-115.0,10.5,10.5,-1.5,0.5543,0.4457,-25.0,0.0,0,0,1.38,0.7,0.3,0.39999999999999997,0.3,-1.0,1.3,,,,,,,,,,,,
633842,2021-06-03,2021,Houston Astros,Boston Red Sox,Framber Valdez,Nick Pivetta,2,1,1,-113,103,-140.0,120.0,9.0,9.0,-1.5,0.5185,0.4815,27.0,0.0,1,0,1.0,0.4,0.5,-0.09999999999999998,-0.5,-0.1,-0.4,,,,,,,,,,,,
633836,2021-06-03,2021,Atlanta Braves,Washington Nationals,Tucker Davidson,Patrick Corbin,5,1,1,-130,120,-150.0,130.0,10.0,9.0,-1.5,0.5543,0.4457,20.0,1.0,1,0,1.05,0.6,0.4,0.19999999999999996,-0.7,-0.3,-0.39999999999999997,,,,,,,,,,,,
633858,2021-06-04,2021,Pittsburgh Pirates,Miami Marlins,Mitch Keller,Cody Poteet,9,2,1,-104,-106,100.0,-120.0,8.0,7.5,1.5,0.4977,0.5023,-204.0,0.5,0,1,0.96,0.2,0.3,-0.09999999999999998,-1.6,-1.0,-0.6000000000000001,,,,,,,,,,,,
633820,2021-06-04,2021,Atlanta Braves,Los Angeles Dodgers,Ian Anderson,Julio Urías,5,9,0,126,-136,105.0,-125.0,8.5,9.0,1.5,0.4343,0.5657,21.0,-0.5,0,0,1.05,0.6,0.5,0.09999999999999998,-0.8,1.7,-2.5,,,,,,,,,,,,
633815,2021-06-04,2021,Toronto Blue Jays,Houston Astros,Hyun Jin Ryu,Zack Greinke,1,13,0,-132,122,-130.0,110.0,8.5,8.5,-1.5,0.5581,0.4419,-2.0,0.0,0,0,1.04,0.8,0.5,0.30000000000000004,1.5,-0.2,1.7,,,,,,,,,,,,
633824,2021-06-04,2021,New York Yankees,Boston Red Sox,Michael King,Nathan Eovaldi,2,5,0,-103,-107,-110.0,-110.0,9.0,10.0,1.5,0.4954,0.5046,7.0,-1.0,0,0,1.12,0.2,0.4,-0.2,-2.2,-0.7,-1.5000000000000002,,,,,,,,,,,,
633862,2021-06-04,2021,Philadelphia Phillies,Washington Nationals,Zack Wheeler,Max Scherzer,1,2,0,-103,-107,-110.0,-110.0,7.0,6.5,1.5,0.4954,0.5046,7.0,0.5,0,0,1.07,0.5,0.3,0.2,0.0,-0.8,0.8,,,,,,,,,,,,
633859,2021-06-04,2021,Chicago White Sox,Detroit Tigers,Lance Lynn,Casey Mize,4,1,1,-153,143,-170.0,145.0,8.5,8.5,-1.5,0.5951,0.4049,17.0,0.0,1,0,0.95,0.7,0.5,0.19999999999999996,1.5,0.5,1.0,,,,,,,,,,,,
633832,2021-06-04,2021,Los Angeles Angels,Seattle Mariners,Griffin Canning,Justus Sheffield,2,6,0,-165,155,-185.0,155.0,9.0,9.0,-1.5,0.6136,0.3864,20.0,0.0,1,0,0.94,0.6,0.7,-0.09999999999999998,0.5,-0.2,0.7,,,,,,,,,,,,
633809,2021-06-04,2021,St. Louis Cardinals,Cincinnati Reds,Adam Wainwright,Vladimir Gutierrez,2,4,0,-128,118,-130.0,110.0,8.5,8.0,-1.5,0.5503,0.4497,2.0,0.5,0,0,0.98,0.5,0.4,0.09999999999999998,-2.1,-1.2,-0.9000000000000001,,,,,,,,,,,,
633841,2021-06-04,2021,San Diego Padres,New York Mets,Yu Darvish,Taijuan Walker,4,3,1,-180,165,-185.0,155.0,7.5,7.5,-1.5,0.6301,0.3699,5.0,0.0,0,0,0.9,0.4,0.5,-0.09999999999999998,0.0,1.7,-1.7,,,,,,,,,,,,
633833,2021-06-04,2021,Kansas City Royals,Minnesota Twins,Kris Bubic,J.A. Happ,6,5,1,-127,117,-125.0,105.0,9.5,9.5,-1.5,0.5483,0.4517,-2.0,0.0,0,0,1.01,0.6,0.6,0.0,1.0,0.0,1.0,,,,,,,,,,,,
633852,2021-06-05,2021,New York Yankees,Boston Red Sox,Jameson Taillon,Eduardo Rodriguez,3,7,0,-136,126,-125.0,105.0,9.5,9.0,-1.5,0.5657,0.4343,-11.0,0.5,0,0,1.12,0.2,0.5,-0.3,-2.1,0.0,-2.1,,,,,,,,,,,,
633828,2021-06-05,2021,Atlanta Braves,Los Angeles Dodgers,Charlie Morton,Clayton Kershaw,6,4,1,119,-129,130.0,-150.0,8.0,8.5,1.5,0.4477,0.5523,-11.0,-0.5,0,1,1.05,0.5,0.5,0.0,-1.8,1.5,-3.3,,,,,,,,,,,,
633827,2021-06-05,2021,Milwaukee Brewers,Arizona Diamondbacks,Brandon Woodruff,Merrill Kelly,7,5,1,-230,205,-235.0,190.0,7.5,7.5,-1.5,0.6801,0.3199,5.0,0.0,0,0,1.03,0.7,0.2,0.49999999999999994,0.4,-1.5,1.9,,,,,,,,,,,,
633799,2021-06-05,2021,Kansas City Royals,Minnesota Twins,Mike Minor,José Berríos,4,5,0,-109,-101,105.0,-125.0,8.5,8.5,1.5,0.5093,0.4907,-214.0,0.0,0,1,1.01,0.7,0.5,0.19999999999999996,1.3,-0.4,1.7000000000000002,,,,,,,,,,,,
633787,2021-06-05,2021,Pittsburgh Pirates,Miami Marlins,Chase De Jong,Trevor Rogers,8,7,1,110,-120,125.0,-145.0,7.5,7.0,1.5,0.4661,0.5339,-15.0,0.5,0,1,0.96,0.3,0.2,0.09999999999999998,-0.3,-2.0,1.7,,,,,,,,,,,,
633795,2021-06-05,2021,Philadelphia Phillies,Washington Nationals,Spencer Howard,Joe Ross,5,2,1,-115,105,-135.0,115.0,10.0,9.0,-1.5,0.523,0.477,20.0,1.0,1,0,1.07,0.4,0.4,0.0,-0.5,-0.6,0.09999999999999998,,,,,,,,,,,,
633839,2021-06-05,2021,Texas Rangers,Tampa Bay Rays,Kolby Allard,Rich Hill,0,3,0,135,-145,130.0,-150.0,8.0,8.5,1.5,0.4183,0.5817,5.0,-0.5,0,0,1.1,0.1,0.7,-0.6,-2.4,2.3,-4.699999999999999,,,,,,,,,,,,
633797,2021-06-05,2021,St. Louis Cardinals,Cincinnati Reds,Johan Oviedo,Tyler Mahle,2,5,0,104,-114,125.0,-145.0,9.0,9.0,1.5,0.4792,0.5208,-21.0,0.0,0,1,0.98,0.5,0.5,0.0,-1.9,-0.5,-1.4,,,,,,,,,,,,
633800,2021-06-05,2021,Toronto Blue Jays,Houston Astros,Ross Stripling,José Urquidy,6,2,1,-103,-107,100.0,-120.0,10.0,9.5,-1.5,0.4954,0.5046,-203.0,0.5,0,1,1.04,0.8,0.6,0.20000000000000007,0.5,1.1,-0.6000000000000001,,,,,,,,,,,,
633816,2021-06-05,2021,San Diego Padres,New York Mets,Blake Snell,Joey Lucchesi,2,0,1,109,-119,110.0,-130.0,5.5,6.0,1.5,0.4682,0.5318,-1.0,-0.5,0,0,0.9,0.5,0.5,0.0,0.3,1.7,-1.4,,,,,,,,,,,,
633920,2021-06-05,2021,Chicago White Sox,Detroit Tigers,Lucas Giolito,Tarik Skubal,3,4,0,-230,205,-235.0,190.0,8.0,8.5,-1.5,0.6801,0.3199,5.0,-0.5,0,0,0.95,0.7,0.5,0.19999999999999996,1.4,0.3,1.0999999999999999,,,,,,,,,,,,
633838,2021-06-05,2021,Kansas City Royals,Minnesota Twins,Brad Keller,Matt Shoemaker,14,5,1,-109,-101,105.0,-125.0,8.5,8.5,1.5,0.5093,0.4907,-214.0,0.0,0,1,1.01,0.7,0.5,0.19999999999999996,1.3,-0.4,1.7000000000000002,,,,,,,,,,,,
633840,2021-06-05,2021,Chicago White Sox,Detroit Tigers,Dallas Keuchel,Spencer Turnbull,9,8,1,-230,205,-235.0,190.0,8.0,8.5,-1.5,0.6801,0.3199,5.0,-0.5,0,0,0.95,0.7,0.5,0.19999999999999996,1.4,0.3,1.0999999999999999,,,,,,,,,,,,
633846,2021-06-05,2021,Milwaukee Brewers,Arizona Diamondbacks,Freddy Peralta,Matt Peacock,5,1,1,-230,205,-235.0,190.0,7.5,7.5,-1.5,0.6801,0.3199,5.0,0.0,0,0,1.03,0.7,0.2,0.49999999999999994,0.4,-1.5,1.9,,,,,,,,,,,,
633830,2021-06-05,2021,Texas Rangers,Tampa Bay Rays,Kyle Gibson,Josh Fleming,5,4,1,135,-145,130.0,-150.0,8.0,8.5,1.5,0.4183,0.5817,5.0,-0.5,0,0,1.1,0.1,0.7,-0.6,-2.4,2.3,-4.699999999999999,,,,,,,,,,,,
633865,2021-06-05,2021,Colorado Rockies,Oakland Athletics,Jon Gray,Frankie Montas,5,9,0,115,-125,110.0,-130.0,12.0,11.5,1.5,0.4557,0.5443,5.0,0.5,0,0,1.38,0.7,0.5,0.19999999999999996,0.4,1.2,-0.7999999999999999,,,,,,,,,,,,
633837,2021-06-05,2021,Los Angeles Angels,Seattle Mariners,Shohei Ohtani,Robert Dugger,3,2,1,-150,140,-130.0,110.0,8.0,8.0,-1.5,0.5902,0.4098,-20.0,0.0,0,0,0.94,0.5,0.7,-0.19999999999999996,0.0,0.0,0.0,,,,,,,,,,,,
633825,2021-06-05,2021,St. Louis Cardinals,Cincinnati Reds,Kwang Hyun Kim,Luis Castillo,4,6,0,104,-114,125.0,-145.0,9.0,9.0,1.5,0.4792,0.5208,-21.0,0.0,0,1,0.98,0.5,0.5,0.0,-1.9,-0.5,-1.4,,,,,,,,,,,,
633798,2021-06-06,2021,Milwaukee Brewers,Arizona Diamondbacks,Corbin Burnes,Caleb Smith,2,0,1,-250,220,-245.0,195.0,8.0,7.5,-1.5,0.6957,0.3043,-5.0,0.5,0,0,1.03,0.8,0.2,0.6000000000000001,1.4,-1.2,2.5999999999999996,,,,,,,,,,,,
633806,2021-06-06,2021,San Diego Padres,New York Mets,Chris Paddack,Marcus Stroman,2,6,0,-148,138,-140.0,120.0,7.0,8.0,-1.5,0.5868,0.4132,-8.0,-1.0,0,0,0.9,0.5,0.4,0.09999999999999998,-0.1,1.3,-1.4000000000000001,,,,,,,,,,,,
633843,2021-06-06,2021,Los Angeles Angels,Seattle Mariners,Patrick Sandoval,Logan Gilbert,5,9,0,-150,140,-150.0,130.0,9.0,8.5,-1.5,0.5902,0.4098,0.0,0.5,0,0,0.94,0.6,0.7,-0.09999999999999998,0.5,0.2,0.3,,,,,,,,,,,,
633847,2021-06-06,2021,Colorado Rockies,Oakland Athletics,Germán Márquez,James Kaprielian,3,1,1,-105,-105,100.0,-120.0,11.0,11.5,-1.5,0.5,0.5,-205.0,-0.5,0,1,1.38,0.6,0.6,0.0,-0.1,1.8,-1.9000000000000001,,,,,,,,,,,,
633802,2021-06-06,2021,Texas Rangers,Tampa Bay Rays,Dane Dunning,Michael Wacha,1,7,0,117,-127,105.0,-125.0,8.0,8.0,1.5,0.4517,0.5483,12.0,0.0,0,0,1.1,0.1,0.7,-0.6,-2.1,2.0,-4.1,,,,,,,,,,,,
633808,2021-06-06,2021,St. Louis Cardinals,Cincinnati Reds,John Gant,Wade Miley,7,8,0,-120,110,-130.0,110.0,8.5,9.0,-1.5,0.5339,0.4661,10.0,-0.5,0,0,0.98,0.4,0.6,-0.19999999999999996,-2.3,0.1,-2.4,,,,,,,,,,,,
633812,2021-06-06,2021,New York Yankees,Boston Red Sox,Domingo Germán,Garrett Richards,5,6,0,-145,135,-145.0,125.0,9.5,9.0,-1.5,0.5817,0.4183,0.0,0.5,0,0,1.12,0.2,0.6,-0.39999999999999997,-2.5,0.6,-3.1,,,,,,,,,,,,
633774,2021-06-06,2021,Chicago White Sox,Detroit Tigers,Dylan Cease,José Ureña,3,0,1,-205,185,-225.0,185.0,9.0,8.5,-1.5,0.657,0.343,20.0,0.5,1,0,0.95,0.7,0.6,0.09999999999999998,1.3,0.7,0.6000000000000001,,,,,,,,,,,,
633780,2021-06-06,2021,Toronto Blue Jays,Houston Astros,Steven Matz,Luis Garcia,3,6,0,-108,-102,-120.0,100.0,9.5,10.0,-1.5,0.507,0.493,12.0,-0.5,1,0,1.04,0.9,0.6,0.30000000000000004,1.5,1.4,0.10000000000000009,,,,,,,,,,,,
633810,2021-06-06,2021,Atlanta Braves,Los Angeles Dodgers,Max Fried,Trevor Bauer,4,2,1,125,-135,120.0,-140.0,8.5,8.0,1.5,0.4362,0.5638,5.0,0.5,0,0,1.05,0.5,0.5,0.0,-1.8,1.6,-3.4000000000000004,,,,,,,,,,,,
633794,2021-06-06,2021,Pittsburgh Pirates,Miami Marlins,Chad Kuhl,Sandy Alcantara,1,3,0,112,-122,120.0,-140.0,8.0,8.0,1.5,0.4619,0.5381,-8.0,0.0,0,0,0.96,0.4,0.2,0.2,-0.1,-1.9,1.7999999999999998,,,,,,,,,,,,
633786,2021-06-06,2021,Philadelphia Phillies,Washington Nationals,Vince Velasquez,Austin Voth,12,6,1,-122,112,-125.0,105.0,9.5,9.5,-1.5,0.5381,0.4619,3.0,0.0,0,0,1.07,0.5,0.3,0.2,0.1,-1.1,1.2000000000000002,,,,,,,,,,,,
633821,2021-06-06,2021,San Diego Padres,New York Mets,Joe Musgrove,Jacob deGrom,0,4,0,-148,138,-140.0,120.0,7.0,8.0,-1.5,0.5868,0.4132,-8.0,-1.0,0,0,0.9,0.5,0.4,0.09999999999999998,-0.1,1.3,-1.4000000000000001,,,,,,,,,,,,
633845,2021-06-06,2021,Los Angeles Angels,Seattle Mariners,Alex Cobb,Yusei Kikuchi,12,5,1,-150,140,-150.0,130.0,9.0,8.5,-1.5,0.5902,0.4098,0.0,0.5,0,0,0.94,0.6,0.7,-0.09999999999999998,0.5,0.2,0.3,,,,,,,,,,,,
633850,2021-06-06,2021,Colorado Rockies,Oakland Athletics,Kyle Freeland,Cole Irvin,3,6,0,-105,-105,100.0,-120.0,11.0,11.5,-1.5,0.5,0.5,-205.0,-0.5,0,1,1.38,0.6,0.6,0.0,-0.1,1.8,-1.9000000000000001,,,,,,,,,,,,
633893,2021-06-06,2021,Kansas City Royals,Minnesota Twins,Brady Singer,Bailey Ober,1,2,0,-135,125,-130.0,110.0,9.0,9.5,-1.5,0.5638,0.4362,-5.0,-0.5,0,0,1.01,0.6,0.4,0.19999999999999996,1.9,-2.0,3.9,,,,,,,,,,,,
633801,2021-06-08,2021,Cincinnati Reds,Milwaukee Brewers,Sonny Gray,Adrian Houser,1,5,0,-141,131,-135.0,115.0,8.5,8.5,-1.5,0.5747,0.4253,-6.0,0.0,0,0,1.18,0.6,0.9,-0.30000000000000004,-0.1,1.7,-1.8,,,,,,,,,,,,
633813,2021-06-08,2021,Miami Marlins,Colorado Rockies,Pablo López,Antonio Senzatela,6,2,1,-185,170,-165.0,140.0,7.0,7.5,-1.5,0.6367,0.3633,-20.0,-0.5,0,0,0.88,0.2,0.6,-0.39999999999999997,-1.9,0.0,-1.9,,,,,,,,,,,,
633766,2021-06-08,2021,Tampa Bay Rays,Washington Nationals,Tyler Glasnow,Jon Lester,3,1,1,-230,205,-200.0,170.0,7.5,7.5,-1.5,0.6801,0.3199,-30.0,0.0,0,0,0.91,0.7,0.3,0.39999999999999997,2.5,-1.4,3.9,,,,,,,,,,,,
633822,2021-06-08,2021,Detroit Tigers,Seattle Mariners,Matthew Boyd,Marco Gonzales,5,3,1,-130,120,-115.0,-105.0,8.5,8.5,-1.5,0.5543,0.4457,-15.0,0.0,0,0,1.0,0.5,0.6,-0.09999999999999998,0.3,-0.7,1.0,,,,,,,,,,,,
633793,2021-06-08,2021,Boston Red Sox,Houston Astros,Martín Pérez,Framber Valdez,1,7,0,111,-121,-105.0,-115.0,10.0,9.5,1.5,0.464,0.536,216.0,0.5,0,0,1.14,0.6,0.6,0.0,0.3,1.4,-1.0999999999999999,,,,,,,,,,,,
633785,2021-06-08,2021,Philadelphia Phillies,Atlanta Braves,Aaron Nola,Drew Smyly,5,9,0,-156,146,-160.0,135.0,9.0,8.5,-1.5,0.5998,0.4002,4.0,0.5,0,0,1.07,0.5,0.6,-0.09999999999999998,0.5,-1.2,1.7,,,,,,,,,,,,
633773,2021-06-08,2021,Baltimore Orioles,New York Mets,Bruce Zimmermann,David Peterson,10,3,1,102,-112,115.0,-135.0,9.5,9.5,1.5,0.4838,0.5162,-13.0,0.0,0,1,1.08,0.5,0.5,0.0,0.5,2.0,-1.5,,,,,,,,,,,,
633779,2021-06-08,2021,San Diego Padres,Chicago Cubs,Ryan Weathers,Adbert Alzolay,9,4,1,-183,168,-170.0,145.0,8.0,7.5,-1.5,0.6341,0.3659,-13.0,0.5,0,0,0.9,0.4,0.6,-0.19999999999999996,-0.9,0.8,-1.7000000000000002,,,,,,,,,,,,
633796,2021-06-08,2021,Los Angeles Angels,Kansas City Royals,Dylan Bundy,Jackson Kowar,8,3,1,-159,149,-145.0,125.0,8.5,9.0,-1.5,0.6045,0.3955,-14.0,-0.5,0,0,0.94,0.5,0.6,-0.09999999999999998,0.1,1.9,-1.7999999999999998,,,,,,,,,,,,
633772,2021-06-08,2021,Pittsburgh Pirates,Los Angeles Dodgers,JT Brubaker,Walker Buehler,3,5,0,172,-187,165.0,-195.0,8.5,7.5,1.5,0.3607,0.6393,7.0,1.0,0,0,0.96,0.4,0.4,0.0,0.0,0.7,-0.7,,,,,,,,,,,,
633753,2021-06-09,2021,Pittsburgh Pirates,Los Angeles Dodgers,Tyler Anderson,Tony Gonsolin,1,2,0,164,-178,140.0,-165.0,9.0,9.0,1.5,0.3717,0.6283,24.0,0.0,0,0,0.96,0.4,0.4,0.0,0.0,0.8,-0.8,,,,,,,,,,,,
633738,2021-06-09,2021,Miami Marlins,Colorado Rockies,Braxton Garrett,Austin Gomber,3,4,0,-113,103,-115.0,-105.0,7.5,8.0,-1.5,0.5185,0.4815,2.0,-0.5,0,0,0.88,0.3,0.6,-0.3,-1.4,-0.3,-1.0999999999999999,,,,,,,,,,,,
633767,2021-06-09,2021,Tampa Bay Rays,Washington Nationals,Shane McClanahan,Patrick Corbin,7,9,0,-167,157,-150.0,130.0,7.5,8.0,-1.5,0.6165,0.3835,-17.0,-0.5,0,0,0.91,0.7,0.3,0.39999999999999997,2.2,-1.6,3.8000000000000003,,,,,,,,,,,,
633759,2021-06-09,2021,Detroit Tigers,Seattle Mariners,Casey Mize,Chris Flexen,6,9,0,-125,115,-130.0,110.0,9.0,8.5,-1.5,0.5443,0.4557,5.0,0.5,0,0,1.0,0.6,0.5,0.09999999999999998,0.8,-1.0,1.8,,,,,,,,,,,,
633803,2021-06-09,2021,Boston Red Sox,Houston Astros,Nathan Eovaldi,Jake Odorizzi,3,8,0,-131,121,-130.0,110.0,10.0,10.0,-1.5,0.5562,0.4438,-1.0,0.0,0,0,1.14,0.5,0.7,-0.19999999999999996,-0.6,2.7,-3.3000000000000003,,,,,,,,,,,,
633764,2021-06-09,2021,Philadelphia Phillies,Atlanta Braves,Zach Eflin,Tucker Davidson,2,1,1,-128,118,-130.0,110.0,9.0,9.0,-1.5,0.5503,0.4497,2.0,0.0,0,0,1.07,0.5,0.6,-0.09999999999999998,0.3,-0.8,1.1,,,,,,,,,,,,
633811,2021-06-09,2021,Baltimore Orioles,New York Mets,Matt Harvey,Taijuan Walker,1,14,0,117,-127,130.0,-150.0,9.5,9.0,1.5,0.4517,0.5483,-13.0,0.5,0,1,1.08,0.6,0.5,0.09999999999999998,1.6,1.3,0.30000000000000004,,,,,,,,,,,,
633791,2021-06-09,2021,Cincinnati Reds,Milwaukee Brewers,Vladimir Gutierrez,Brett Anderson,7,3,1,-117,107,-110.0,-110.0,10.0,9.5,-1.5,0.5274,0.4726,-7.0,0.5,0,0,1.18,0.6,0.9,-0.30000000000000004,-0.4,2.0,-2.4,,,,,,,,,,,,
633784,2021-06-09,2021,Oakland Athletics,Arizona Diamondbacks,Sean Manaea,Matt Peacock,4,0,1,-190,175,-210.0,175.0,8.5,8.5,-1.5,0.6431,0.3569,20.0,0.0,1,0,0.9,0.6,0.2,0.39999999999999997,1.7,-1.3,3.0,,,,,,,,,,,,
633788,2021-06-09,2021,Chicago White Sox,Toronto Blue Jays,Carlos Rodón,Robbie Ray,6,1,1,-149,139,-145.0,125.0,8.0,8.5,-1.5,0.5885,0.4115,-4.0,-0.5,0,0,0.95,0.7,0.8,-0.10000000000000009,1.2,0.8,0.3999999999999999,,,,,,,,,,,,
633804,2021-06-09,2021,Minnesota Twins,New York Yankees,Michael Pineda,Jordan Montgomery,4,8,0,169,-184,150.0,-180.0,8.5,8.0,1.5,0.3646,0.6354,19.0,0.5,0,0,1.02,0.4,0.2,0.2,-2.0,-2.4,0.3999999999999999,,,,,,,,,,,,
633739,2021-06-09,2021,San Diego Padres,Chicago Cubs,Yu Darvish,Jake Arrieta,1,3,0,-260,230,-200.0,170.0,8.0,8.0,-1.5,0.7044,0.2956,-60.0,0.0,0,0,0.9,0.4,0.5,-0.09999999999999998,-0.7,0.2,-0.8999999999999999,,,,,,,,,,,,
633765,2021-06-09,2021,Oakland Athletics,Arizona Diamondbacks,Chris Bassitt,Jon Duplantier,5,2,1,-190,175,-210.0,175.0,8.5,8.5,-1.5,0.6431,0.3569,20.0,0.0,1,0,0.9,0.6,0.2,0.39999999999999997,1.7,-1.3,3.0,,,,,,,,,,,,
633777,2021-06-09,2021,San Diego Padres,Chicago Cubs,Dinelson Lamet,Zach Davies,1,7,0,-260,230,-200.0,170.0,8.0,8.0,-1.5,0.7044,0.2956,-60.0,0.0,0,0,0.9,0.4,0.5,-0.09999999999999998,-0.7,0.2,-0.8999999999999999,,,,,,,,,,,,
633826,2021-06-09,2021,Los Angeles Angels,Kansas City Royals,Andrew Heaney,Kris Bubic,8,1,1,-149,139,-130.0,110.0,9.0,9.0,-1.5,0.5885,0.4115,-19.0,0.0,0,0,0.94,0.6,0.6,0.0,1.1,1.9,-0.7999999999999998,,,,,,,,,,,,
633783,2021-06-10,2021,Chicago White Sox,Toronto Blue Jays,Lance Lynn,Alek Manoah,2,6,0,102,-112,100.0,-120.0,9.0,8.0,1.5,0.4838,0.5162,2.0,1.0,0,0,0.95,0.7,0.7,0.0,1.4,0.3,1.0999999999999999,,,,,,,,,,,,
633792,2021-06-10,2021,Minnesota Twins,New York Yankees,Randy Dobnak,Gerrit Cole,6,9,0,128,-138,115.0,-135.0,10.5,10.5,1.5,0.4307,0.5693,13.0,0.0,0,0,1.02,0.4,0.3,0.10000000000000003,-1.9,-1.9,0.0,,,,,,,,,,,,
633744,2021-06-10,2021,Pittsburgh Pirates,Los Angeles Dodgers,Mitch Keller,Julio Urías,3,6,0,205,-230,180.0,-220.0,8.0,9.0,1.5,0.3199,0.6801,25.0,-1.0,0,0,0.96,0.4,0.5,-0.09999999999999998,-0.1,1.2,-1.3,,,,,,,,,,,,
633757,2021-06-10,2021,Cincinnati Reds,Milwaukee Brewers,Luis Castillo,Freddy Peralta,2,7,0,-102,-108,100.0,-120.0,8.0,8.5,1.5,0.493,0.507,-202.0,-0.5,0,1,1.18,0.7,0.8,-0.10000000000000009,0.8,1.6,-0.8,,,,,,,,,,,,
633762,2021-06-10,2021,Philadelphia Phillies,Atlanta Braves,Zack Wheeler,Ian Anderson,4,3,1,-132,122,-135.0,115.0,7.5,8.0,-1.5,0.5581,0.4419,3.0,-0.5,0,0,1.07,0.5,0.6,-0.09999999999999998,0.3,0.2,0.09999999999999998,,,,,,,,,,,,
633754,2021-06-10,2021,Detroit Tigers,Seattle Mariners,Tyler Alexander,Justus Sheffield,8,3,1,-117,107,-110.0,-110.0,9.5,9.0,-1.5,0.5274,0.4726,-7.0,0.5,0,0,1.0,0.5,0.5,0.0,0.4,-0.9,1.3,,,,,,,,,,,,
633758,2021-06-10,2021,Boston Red Sox,Houston Astros,Eduardo Rodriguez,Zack Greinke,12,8,1,-104,-106,-115.0,-105.0,9.0,9.0,1.5,0.4977,0.5023,11.0,0.0,1,0,1.14,0.4,0.8,-0.4,-1.3,3.5,-4.8,,,,,,,,,,,,
633748,2021-06-10,2021,Miami Marlins,Colorado Rockies,Trevor Rogers,Chi Chi González,11,4,1,-203,183,-180.0,150.0,7.5,7.5,-1.5,0.6547,0.3453,-23.0,0.0,0,0,0.88,0.3,0.6,-0.3,-1.2,-0.2,-1.0,,,,,,,,,,,,
633782,2021-06-11,2021,Miami Marlins,Atlanta Braves,Sandy Alcantara,Charlie Morton,4,3,1,106,-116,110.0,-130.0,7.0,7.5,1.5,0.4748,0.5252,-4.0,-0.5,0,0,0.88,0.4,0.5,-0.09999999999999998,-0.3,0.1,-0.4,,,,,,,,,,,,
633789,2021-06-11,2021,Detroit Tigers,Chicago White Sox,Tarik Skubal,Lucas Giolito,4,5,0,136,-146,145.0,-170.0,8.5,8.0,1.5,0.4166,0.5834,-9.0,0.5,0,0,1.0,0.5,0.7,-0.19999999999999996,0.4,1.0,-0.6,,,,,,,,,,,,
633735,2021-06-11,2021,Boston Red Sox,Toronto Blue Jays,Garrett Richards,Ross Stripling,6,5,1,-110,100,-130.0,110.0,9.5,9.5,-1.5,0.5116,0.4884,20.0,0.0,1,0,1.14,0.5,0.7,-0.19999999999999996,-0.9,0.5,-1.4,,,,,,,,,,,,
633781,2021-06-11,2021,Tampa Bay Rays,Baltimore Orioles,Ryan Yarbrough,Keegan Akin,4,2,1,-178,164,-160.0,135.0,8.0,8.0,-1.5,0.6283,0.3717,-18.0,0.0,0,0,0.91,0.6,0.6,0.0,1.8,0.6,1.2000000000000002,,,,,,,,,,,,
633742,2021-06-11,2021,Chicago Cubs,St. Louis Cardinals,Kohl Stewart,Johan Oviedo,8,5,1,-147,137,-135.0,115.0,9.5,9.0,-1.5,0.5851,0.4149,-12.0,0.5,0,0,1.06,0.6,0.3,0.3,0.6,-2.3,2.9,,,,,,,,,,,,
633741,2021-06-11,2021,Cincinnati Reds,Colorado Rockies,Tyler Mahle,Kyle Freeland,11,5,1,-200,180,-225.0,185.0,9.0,9.5,-1.5,0.6512,0.3488,25.0,-0.5,1,0,1.18,0.6,0.6,0.0,-0.1,-0.5,0.4,,,,,,,,,,,,
633770,2021-06-11,2021,Oakland Athletics,Kansas City Royals,Frankie Montas,Mike Minor,1,6,0,-128,118,-140.0,120.0,8.5,8.5,-1.5,0.5503,0.4497,12.0,0.0,1,0,0.9,0.6,0.5,0.09999999999999998,1.7,0.3,1.4,,,,,,,,,,,,
633771,2021-06-11,2021,New York Mets,San Diego Padres,Jacob deGrom,Blake Snell,3,2,1,-165,155,-170.0,145.0,6.0,5.5,-1.5,0.6136,0.3864,5.0,0.5,0,0,0.97,0.5,0.3,0.2,1.5,-1.9,3.4,,,,,,,,,,,,
633736,2021-06-12,2021,Minnesota Twins,Houston Astros,José Berríos,Luis Garcia,5,2,1,-101,-109,-105.0,-115.0,9.0,9.5,1.5,0.4907,0.5093,4.0,-0.5,0,0,1.02,0.4,0.7,-0.29999999999999993,-1.8,2.8,-4.6,,,,,,,,,,,,
633740,2021-06-12,2021,Chicago Cubs,St. Louis Cardinals,Kyle Hendricks,John Gant,7,2,1,-172,161,-165.0,140.0,8.5,9.0,-1.5,0.6227,0.3773,-7.0,-0.5,0,0,1.06,0.6,0.2,0.39999999999999997,0.4,-2.9,3.3,,,,,,,,,,,,
633726,2021-06-12,2021,Milwaukee Brewers,Pittsburgh Pirates,Corbin Burnes,Chad Kuhl,7,4,1,-290,250,-300.0,240.0,7.5,7.5,-1.5,0.7224,0.2776,10.0,0.0,0,0,1.03,0.8,0.3,0.5,1.7,-0.8,2.5,,,,,,,,,,,,
633704,2021-06-12,2021,Miami Marlins,Atlanta Braves,Zach Thompson,Max Fried,4,2,1,145,-155,150.0,-180.0,7.5,7.5,1.5,0.4017,0.5983,-5.0,0.0,0,0,0.88,0.4,0.4,0.0,-0.2,-0.2,0.0,,,,,,,,,,,,
633721,2021-06-12,2021,Detroit Tigers,Chicago White Sox,José Ureña,Dylan Cease,2,15,0,162,-174,145.0,-170.0,9.0,8.5,1.5,0.3754,0.6246,17.0,0.5,0,0,1.0,0.4,0.7,-0.29999999999999993,-0.1,1.0,-1.1,,,,,,,,,,,,
633751,2021-06-12,2021,Boston Red Sox,Toronto Blue Jays,Nick Pivetta,Steven Matz,2,7,0,-118,108,-115.0,-105.0,9.5,10.0,-1.5,0.5296,0.4704,-3.0,-0.5,0,0,1.14,0.6,0.5,0.09999999999999998,0.1,-0.8,0.9,,,,,,,,,,,,
633732,2021-06-12,2021,New York Mets,San Diego Padres,Marcus Stroman,Joe Musgrove,4,1,1,128,-138,100.0,-120.0,7.0,7.5,1.5,0.4307,0.5693,28.0,-0.5,0,0,0.97,0.6,0.3,0.3,1.6,-1.5,3.1,,,,,,,,,,,,
633699,2021-06-12,2021,Tampa Bay Rays,Baltimore Orioles,Rich Hill,Jorge López,5,4,1,-210,190,-235.0,190.0,8.0,7.5,-1.5,0.6627,0.3373,25.0,0.5,1,0,0.91,0.6,0.5,0.09999999999999998,1.6,0.4,1.2000000000000002,,,,,,,,,,,,
633730,2021-06-12,2021,Cincinnati Reds,Colorado Rockies,Wade Miley,Germán Márquez,10,3,1,-150,140,-140.0,120.0,9.0,9.0,-1.5,0.5902,0.4098,-10.0,0.0,0,0,1.18,0.6,0.5,0.09999999999999998,-0.5,-1.2,0.7,,,,,,,,,,,,
633718,2021-06-12,2021,Oakland Athletics,Kansas City Royals,James Kaprielian,Jackson Kowar,11,2,1,-150,140,-145.0,125.0,9.0,8.5,-1.5,0.5902,0.4098,-5.0,0.5,0,0,0.9,0.6,0.5,0.09999999999999998,1.6,0.5,1.1,,,,,,,,,,,,
633763,2021-06-12,2021,Philadelphia Phillies,New York Yankees,Vince Velasquez,Jameson Taillon,8,7,1,111,-121,100.0,-120.0,9.0,9.5,1.5,0.464,0.536,11.0,-0.5,0,0,1.07,0.6,0.4,0.19999999999999996,0.6,-0.9,1.5,,,,,,,,,,,,
633761,2021-06-12,2021,Los Angeles Dodgers,Texas Rangers,Clayton Kershaw,Mike Foltynewicz,12,1,1,-266,236,-315.0,255.0,8.0,7.5,-1.5,0.7095,0.2905,49.0,0.5,1,0,0.93,0.6,0.2,0.39999999999999997,2.0,-2.4,4.4,,,,,,,,,,,,
633717,2021-06-12,2021,Oakland Athletics,Kansas City Royals,Cole Irvin,Brady Singer,4,3,1,-150,140,-145.0,125.0,9.0,8.5,-1.5,0.5902,0.4098,-5.0,0.5,0,0,0.9,0.6,0.5,0.09999999999999998,1.6,0.5,1.1,,,,,,,,,,,,
633731,2021-06-12,2021,Arizona Diamondbacks,Los Angeles Angels,Merrill Kelly,Shohei Ohtani,5,6,0,107,-117,115.0,-135.0,9.0,9.0,1.5,0.4726,0.5274,-8.0,0.0,0,0,0.92,0.1,0.7,-0.6,-2.5,2.1,-4.6,,,,,,,,,,,,
633768,2021-06-12,2021,Milwaukee Brewers,Pittsburgh Pirates,Brandon Woodruff,Chase De Jong,7,4,1,-290,250,-300.0,240.0,7.5,7.5,-1.5,0.7224,0.2776,10.0,0.0,0,0,1.03,0.8,0.3,0.5,1.7,-0.8,2.5,,,,,,,,,,,,
633720,2021-06-12,2021,Minnesota Twins,Houston Astros,Bailey Ober,José Urquidy,4,6,0,-101,-109,-105.0,-115.0,9.0,9.5,1.5,0.4907,0.5093,4.0,-0.5,0,0,1.02,0.4,0.7,-0.29999999999999993,-1.8,2.8,-4.6,,,,,,,,,,,,
633712,2021-06-12,2021,Arizona Diamondbacks,Los Angeles Angels,Caleb Smith,Alex Cobb,7,8,0,107,-117,115.0,-135.0,9.0,9.0,1.5,0.4726,0.5274,-8.0,0.0,0,0,0.92,0.1,0.7,-0.6,-2.5,2.1,-4.6,,,,,,,,,,,,
633689,2021-06-13,2021,Chicago Cubs,St. Louis Cardinals,Zach Davies,Carlos Martinez,2,0,1,-124,114,-145.0,125.0,9.5,9.5,-1.5,0.5423,0.4577,21.0,0.0,1,0,1.06,0.6,0.2,0.39999999999999997,0.4,-2.9,3.3,,,,,,,,,,,,
633719,2021-06-13,2021,Los Angeles Dodgers,Texas Rangers,Walker Buehler,Dane Dunning,5,3,1,-200,180,-250.0,200.0,8.0,8.0,-1.5,0.6512,0.3488,50.0,0.0,1,0,0.93,0.7,0.2,0.49999999999999994,3.2,-3.4,6.6,,,,,,,,,,,,
633696,2021-06-13,2021,Arizona Diamondbacks,Los Angeles Angels,Jon Duplantier,Patrick Sandoval,3,10,0,119,-129,115.0,-135.0,9.5,9.5,1.5,0.4477,0.5523,4.0,0.0,0,0,0.92,0.1,0.8,-0.7000000000000001,-2.0,2.6,-4.6,,,,,,,,,,,,
633707,2021-06-13,2021,Oakland Athletics,Kansas City Royals,Chris Bassitt,Kris Bubic,6,3,1,-192,176,-195.0,165.0,8.5,8.5,-1.5,0.6447,0.3553,3.0,0.0,0,0,0.9,0.8,0.3,0.5,2.9,-1.4,4.3,,,,,,,,,,,,
633713,2021-06-13,2021,Milwaukee Brewers,Pittsburgh Pirates,Adrian Houser,Wil Crowe,5,2,1,-178,164,-220.0,180.0,8.5,9.0,-1.5,0.6283,0.3717,42.0,-0.5,1,0,1.03,0.8,0.3,0.5,1.9,-0.9,2.8,,,,,,,,,,,,
633749,2021-06-13,2021,Minnesota Twins,Houston Astros,Michael Pineda,Framber Valdez,3,14,0,135,-145,110.0,-130.0,9.5,9.5,1.5,0.4183,0.5817,25.0,0.0,0,0,1.02,0.4,0.6,-0.19999999999999996,-1.5,1.4,-2.9,,,,,,,,,,,,
633805,2021-06-13,2021,Miami Marlins,Atlanta Braves,Pablo López,Drew Smyly,4,6,0,-126,116,-130.0,110.0,7.5,7.5,-1.5,0.5463,0.4537,4.0,0.0,0,0,0.88,0.5,0.4,0.09999999999999998,0.4,0.1,0.30000000000000004,,,,,,,,,,,,
633688,2021-06-13,2021,Detroit Tigers,Chicago White Sox,Kyle Funkhouser,Carlos Rodón,1,4,0,200,-220,195.0,-245.0,9.0,9.0,1.5,0.3265,0.6735,5.0,0.0,0,0,1.0,0.4,0.8,-0.4,-1.3,2.4,-3.7,,,,,,,,,,,,
633737,2021-06-13,2021,Tampa Bay Rays,Baltimore Orioles,Michael Wacha,Bruce Zimmermann,7,1,1,-178,164,-185.0,155.0,8.0,8.0,-1.5,0.6283,0.3717,7.0,0.0,0,0,0.91,0.6,0.5,0.09999999999999998,1.5,0.5,1.0,,,,,,,,,,,,
633722,2021-06-13,2021,New York Mets,San Diego Padres,Joey Lucchesi,Chris Paddack,3,7,0,116,-126,110.0,-130.0,8.0,8.0,1.5,0.4537,0.5463,6.0,0.0,0,0,0.97,0.6,0.3,0.3,1.5,-1.3,2.8,,,,,,,,,,,,
633711,2021-06-13,2021,Cincinnati Reds,Colorado Rockies,Tony Santillan,Antonio Senzatela,6,2,1,-154,144,-165.0,140.0,10.0,9.5,-1.5,0.5967,0.4033,11.0,0.5,1,0,1.18,0.7,0.4,0.29999999999999993,1.6,-2.0,3.6,,,,,,,,,,,,
633715,2021-06-13,2021,Philadelphia Phillies,New York Yankees,Aaron Nola,Domingo Germán,7,0,1,-126,116,-135.0,115.0,8.0,8.0,-1.5,0.5463,0.4537,9.0,0.0,0,0,1.07,0.7,0.4,0.29999999999999993,1.1,-0.8,1.9000000000000001,,,,,,,,,,,,
633723,2021-06-13,2021,Los Angeles Dodgers,Texas Rangers,Trevor Bauer,Kolby Allard,1,12,0,-200,180,-250.0,200.0,8.0,8.0,-1.5,0.6512,0.3488,50.0,0.0,1,0,0.93,0.7,0.2,0.49999999999999994,3.2,-3.4,6.6,,,,,,,,,,,,
633728,2021-06-13,2021,Boston Red Sox,Toronto Blue Jays,Martín Pérez,Robbie Ray,4,18,0,119,-129,-110.0,-110.0,10.5,9.5,1.5,0.4477,0.5523,229.0,1.0,0,0,1.14,0.6,0.5,0.09999999999999998,0.0,-0.6,0.6,,,,,,,,,,,,
633693,2021-06-14,2021,Washington Nationals,Pittsburgh Pirates,Jon Lester,JT Brubaker,3,2,1,-125,115,-125.0,105.0,8.5,8.5,-1.5,0.5443,0.4557,0.0,0.0,0,0,0.95,0.3,0.3,0.0,-0.9,-0.7,-0.20000000000000007,,,,,,,,,,,,
633678,2021-06-14,2021,New York Mets,Chicago Cubs,David Peterson,Jake Arrieta,5,2,1,-130,120,-110.0,-110.0,9.0,9.0,-1.5,0.5543,0.4457,-20.0,0.0,0,0,0.97,0.5,0.6,-0.09999999999999998,1.0,0.5,0.5,,,,,,,,,,,,
633700,2021-06-14,2021,Boston Red Sox,Toronto Blue Jays,Nathan Eovaldi,Alek Manoah,2,1,1,-134,124,-125.0,105.0,9.5,10.0,-1.5,0.5619,0.4381,-9.0,-0.5,0,0,1.14,0.5,0.5,0.0,-1.8,0.4,-2.2,,,,,,,,,,,,
633724,2021-06-15,2021,Atlanta Braves,Boston Red Sox,Tucker Davidson,Eduardo Rodriguez,8,10,0,-115,105,105.0,-125.0,9.5,9.0,-1.5,0.523,0.477,-220.0,0.5,0,0,1.05,0.5,0.6,-0.09999999999999998,0.5,-1.6,2.1,,,,,,,,,,,,
633681,2021-06-15,2021,New York Mets,Chicago Cubs,Taijuan Walker,Alec Mills,3,2,1,-132,122,-150.0,130.0,8.5,8.5,-1.5,0.5581,0.4419,18.0,0.0,1,0,0.97,0.6,0.6,0.0,1.4,0.7,0.7,,,,,,,,,,,,
633653,2021-06-15,2021,Toronto Blue Jays,New York Yankees,Hyun Jin Ryu,Jordan Montgomery,5,6,0,-122,112,-125.0,105.0,9.5,8.5,-1.5,0.5381,0.4619,3.0,1.0,0,0,1.04,0.4,0.3,0.10000000000000003,0.2,-1.7,1.9,,,,,,,,,,,,
633684,2021-06-15,2021,Washington Nationals,Pittsburgh Pirates,Patrick Corbin,Tyler Anderson,8,1,1,-160,150,-160.0,135.0,8.5,8.0,-1.5,0.6061,0.3939,0.0,0.5,0,0,0.95,0.4,0.2,0.2,-0.4,-1.0,0.6,,,,,,,,,,,,
633652,2021-06-15,2021,Los Angeles Dodgers,Philadelphia Phillies,Tony Gonsolin,Spencer Howard,3,1,1,-153,143,-185.0,155.0,8.5,9.0,-1.5,0.5951,0.4049,32.0,-0.5,1,0,0.93,0.7,0.8,-0.10000000000000009,1.9,2.8,-0.8999999999999999,,,,,,,,,,,,
633716,2021-06-15,2021,Seattle Mariners,Minnesota Twins,Marco Gonzales,Kenta Maeda,4,3,1,120,-130,-105.0,-115.0,8.5,8.5,1.5,0.4457,0.5543,225.0,0.0,0,0,0.89,0.4,0.4,0.0,-0.8,-2.3,1.4999999999999998,,,,,,,,,,,,
633729,2021-06-15,2021,Oakland Athletics,Los Angeles Angels,Sean Manaea,Dylan Bundy,8,5,1,-128,118,-130.0,110.0,8.0,8.5,-1.5,0.5503,0.4497,2.0,-0.5,0,0,0.9,0.8,0.8,0.0,2.6,2.6,0.0,,,,,,,,,,,,
633727,2021-06-15,2021,St. Louis Cardinals,Miami Marlins,Adam Wainwright,Braxton Garrett,4,2,1,-125,115,-115.0,-105.0,7.5,7.5,-1.5,0.5443,0.4557,-10.0,0.0,0,0,0.98,0.1,0.5,-0.4,-3.2,0.3,-3.5,,,,,,,,,,,,
633655,2021-06-15,2021,Kansas City Royals,Detroit Tigers,Brad Keller,Matthew Boyd,3,10,0,-130,120,-150.0,130.0,8.5,9.0,-1.5,0.5543,0.4457,20.0,-0.5,1,0,1.01,0.2,0.3,-0.09999999999999998,-1.8,-1.9,0.09999999999999987,,,,,,,,,,,,
633703,2021-06-15,2021,Colorado Rockies,San Diego Padres,Austin Gomber,Dinelson Lamet,3,2,1,210,-240,190.0,-235.0,11.5,10.5,1.5,0.3137,0.6863,20.0,1.0,0,0,1.38,0.3,0.4,-0.10000000000000003,-2.9,-0.8,-2.0999999999999996,,,,,,,,,,,,
633680,2021-06-15,2021,Milwaukee Brewers,Cincinnati Reds,Eric Lauer,Vladimir Gutierrez,2,10,0,-107,-103,-115.0,-105.0,9.0,9.0,-1.5,0.5046,0.4954,8.0,0.0,0,0,1.03,0.9,0.8,0.09999999999999998,2.5,2.0,0.5,,,,,,,,,,,,
633673,2021-06-15,2021,Chicago White Sox,Tampa Bay Rays,Lance Lynn,Tyler Glasnow,2,5,0,-114,104,-120.0,100.0,8.0,8.5,-1.5,0.5208,0.4792,6.0,-0.5,0,0,0.95,0.8,0.7,0.10000000000000009,2.7,2.3,0.40000000000000036,,,,,,,,,,,,
633708,2021-06-16,2021,Atlanta Braves,Boston Red Sox,Ian Anderson,Garrett Richards,8,10,0,-147,137,-150.0,130.0,9.5,9.0,-1.5,0.5851,0.4149,3.0,0.5,0,0,1.05,0.4,0.6,-0.19999999999999996,-0.1,-1.7,1.5999999999999999,,,,,,,,,,,,
633630,2021-06-16,2021,New York Mets,Chicago Cubs,Jacob deGrom,Robert Stock,6,3,1,-295,255,-345.0,275.0,6.5,6.5,-1.5,0.7261,0.2739,50.0,0.0,1,0,0.97,0.7,0.6,0.09999999999999998,1.6,0.7,0.9000000000000001,,,,,,,,,,,,
633695,2021-06-16,2021,Toronto Blue Jays,New York Yankees,Ross Stripling,Gerrit Cole,2,3,0,148,-158,145.0,-170.0,8.5,8.5,1.5,0.397,0.603,3.0,0.0,0,0,1.04,0.4,0.3,0.10000000000000003,1.3,-1.7,3.0,,,,,,,,,,,,
633628,2021-06-16,2021,Washington Nationals,Pittsburgh Pirates,Paolo Espino,Chase De Jong,3,1,1,-162,152,-170.0,145.0,9.0,9.0,-1.5,0.6091,0.3909,8.0,0.0,0,0,0.95,0.4,0.1,0.30000000000000004,0.2,-2.4,2.6,,,,,,,,,,,,
633632,2021-06-16,2021,Oakland Athletics,Los Angeles Angels,Cole Irvin,Griffin Canning,8,4,1,-118,108,-135.0,115.0,9.5,9.0,-1.5,0.5296,0.4704,17.0,0.5,1,0,0.9,0.8,0.8,0.0,2.3,2.7,-0.40000000000000036,,,,,,,,,,,,
633706,2021-06-16,2021,Colorado Rockies,San Diego Padres,Kyle Freeland,Blake Snell,8,7,1,180,-200,150.0,-180.0,12.0,12.0,1.5,0.3488,0.6512,30.0,0.0,0,0,1.38,0.3,0.3,0.0,-3.1,-1.0,-2.1,,,,,,,,,,,,
633665,2021-06-16,2021,Milwaukee Brewers,Cincinnati Reds,Freddy Peralta,Tyler Mahle,1,2,0,-136,126,-140.0,120.0,7.5,8.0,-1.5,0.5657,0.4343,4.0,-0.5,0,0,1.03,0.8,0.8,0.0,1.4,2.6,-1.2000000000000002,,,,,,,,,,,,
633709,2021-06-16,2021,St. Louis Cardinals,Miami Marlins,Johan Oviedo,Sandy Alcantara,1,0,1,-113,103,-105.0,-115.0,7.5,8.0,-1.5,0.5185,0.4815,-8.0,-0.5,0,0,0.98,0.2,0.5,-0.3,-1.9,0.3,-2.1999999999999997,,,,,,,,,,,,
633634,2021-06-16,2021,Chicago White Sox,Tampa Bay Rays,Lucas Giolito,Ryan Yarbrough,8,7,1,-125,115,-130.0,110.0,7.5,8.0,-1.5,0.5443,0.4557,5.0,-0.5,0,0,0.95,0.7,0.8,-0.10000000000000009,2.1,2.7,-0.6000000000000001,,,,,,,,,,,,
633626,2021-06-16,2021,Seattle Mariners,Minnesota Twins,Chris Flexen,J.A. Happ,10,0,1,122,-132,-105.0,-115.0,8.5,8.5,1.5,0.4419,0.5581,227.0,0.0,0,0,0.89,0.4,0.4,0.0,-1.1,-2.3,1.1999999999999997,,,,,,,,,,,,
633675,2021-06-16,2021,Los Angeles Dodgers,Philadelphia Phillies,Julio Urías,Zach Eflin,5,3,1,-147,137,-160.0,135.0,7.0,7.5,-1.5,0.5851,0.4149,13.0,-0.5,1,0,0.93,0.7,0.7,0.0,1.0,1.2,-0.19999999999999996,,,,,,,,,,,,
633829,2021-06-16,2021,Houston Astros,Texas Rangers,Lance McCullers Jr.,Kyle Gibson,6,3,1,-224,204,-250.0,200.0,9.0,8.5,-1.5,0.6776,0.3224,26.0,0.5,1,0,1.0,0.7,0.3,0.39999999999999997,2.9,-2.2,5.1,,,,,,,,,,,,
633676,2021-06-16,2021,Chicago White Sox,Tampa Bay Rays,Dallas Keuchel,Shane McClanahan,3,0,1,-125,115,-130.0,110.0,7.5,8.0,-1.5,0.5443,0.4557,5.0,-0.5,0,0,0.95,0.7,0.8,-0.10000000000000009,2.1,2.7,-0.6000000000000001,,,,,,,,,,,,
633714,2021-06-16,2021,Milwaukee Brewers,Cincinnati Reds,Brett Anderson,Luis Castillo,1,2,0,-136,126,-140.0,120.0,7.5,8.0,-1.5,0.5657,0.4343,4.0,-0.5,0,0,1.03,0.8,0.8,0.0,1.4,2.6,-1.2000000000000002,,,,,,,,,,,,
633755,2021-06-16,2021,Kansas City Royals,Detroit Tigers,Mike Minor,Casey Mize,3,4,0,-142,132,-150.0,130.0,9.0,9.0,-1.5,0.5765,0.4235,8.0,0.0,0,0,1.01,0.2,0.4,-0.2,-2.4,-0.9,-1.5,,,,,,,,,,,,
633701,2021-06-16,2021,Colorado Rockies,San Diego Padres,Chi Chi González,Yu Darvish,8,4,1,180,-200,150.0,-180.0,12.0,12.0,1.5,0.3488,0.6512,30.0,0.0,0,0,1.38,0.3,0.3,0.0,-3.1,-1.0,-2.1,,,,,,,,,,,,
633656,2021-06-16,2021,Oakland Athletics,Los Angeles Angels,Frankie Montas,Andrew Heaney,6,4,1,-118,108,-135.0,115.0,9.5,9.0,-1.5,0.5296,0.4704,17.0,0.5,1,0,0.9,0.8,0.8,0.0,2.3,2.7,-0.40000000000000036,,,,,,,,,,,,
633694,2021-06-16,2021,St. Louis Cardinals,Miami Marlins,Kwang Hyun Kim,Trevor Rogers,2,1,1,-113,103,-105.0,-115.0,7.5,8.0,-1.5,0.5185,0.4815,-8.0,-0.5,0,0,0.98,0.2,0.5,-0.3,-1.9,0.3,-2.1999999999999997,,,,,,,,,,,,
633612,2021-06-16,2021,Kansas City Royals,Detroit Tigers,Brady Singer,Tarik Skubal,5,6,0,-142,132,-150.0,130.0,9.0,9.0,-1.5,0.5765,0.4235,8.0,0.0,0,0,1.01,0.2,0.4,-0.2,-2.4,-0.9,-1.5,,,,,,,,,,,,
633633,2021-06-17,2021,Toronto Blue Jays,New York Yankees,T.J. Zeuch,Michael King,4,8,0,-104,-106,105.0,-125.0,10.5,10.5,1.5,0.4977,0.5023,-209.0,0.0,0,1,1.04,0.3,0.4,-0.10000000000000003,0.8,-0.9,1.7000000000000002,,,,,,,,,,,,
633692,2021-06-17,2021,New York Mets,Chicago Cubs,Marcus Stroman,Kyle Hendricks,0,2,0,-113,103,-130.0,110.0,7.5,7.5,-1.5,0.5185,0.4815,17.0,0.0,1,0,0.97,0.8,0.6,0.20000000000000007,2.1,0.7,1.4000000000000001,,,,,,,,,,,,
633691,2021-06-17,2021,Atlanta Braves,St. Louis Cardinals,Charlie Morton,John Gant,4,0,1,-182,167,-180.0,150.0,9.5,9.0,-1.5,0.6328,0.3672,-2.0,0.5,0,0,1.05,0.4,0.4,0.0,0.1,-1.3,1.4000000000000001,,,,,,,,,,,,
633618,2021-06-18,2021,Washington Nationals,New York Mets,Erick Fedde,Joey Lucchesi,1,0,1,-129,119,-110.0,-110.0,9.0,8.5,-1.5,0.5523,0.4477,-19.0,0.5,0,0,0.95,0.5,0.7,-0.19999999999999996,0.7,1.5,-0.8,,,,,,,,,,,,
633607,2021-06-18,2021,Atlanta Braves,St. Louis Cardinals,Max Fried,Carlos Martinez,9,1,1,-151,141,-180.0,150.0,9.5,9.5,-1.5,0.5918,0.4082,29.0,0.0,1,0,1.05,0.4,0.4,0.0,0.3,-1.4,1.7,,,,,,,,,,,,
633609,2021-06-18,2021,New York Yankees,Oakland Athletics,Jameson Taillon,James Kaprielian,3,5,0,-138,128,-140.0,120.0,9.5,9.5,-1.5,0.5693,0.4307,2.0,0.0,0,0,1.12,0.5,0.9,-0.4,-0.2,2.7,-2.9000000000000004,,,,,,,,,,,,
633593,2021-06-18,2021,Baltimore Orioles,Toronto Blue Jays,Thomas Eshelman,Robbie Ray,7,1,1,180,-200,140.0,-165.0,10.5,9.0,1.5,0.3488,0.6512,40.0,1.5,0,0,1.08,0.2,0.3,-0.09999999999999998,-1.6,0.7,-2.3,,,,,,,,,,,,
633624,2021-06-18,2021,Los Angeles Angels,Detroit Tigers,Shohei Ohtani,Matt Manning,7,5,1,-205,185,-200.0,170.0,9.0,9.0,-1.5,0.657,0.343,-5.0,0.0,0,0,0.94,0.7,0.5,0.19999999999999996,2.4,-0.7,3.0999999999999996,,,,,,,,,,,,
633623,2021-06-18,2021,Colorado Rockies,Milwaukee Brewers,Germán Márquez,Brandon Woodruff,7,3,1,166,-181,165.0,-195.0,10.5,10.5,1.5,0.3685,0.6315,1.0,0.0,0,0,1.38,0.5,0.6,-0.09999999999999998,-1.9,0.6,-2.5,,,,,,,,,,,,
633617,2021-06-18,2021,San Diego Padres,Cincinnati Reds,Joe Musgrove,Wade Miley,6,4,1,-186,171,-190.0,160.0,9.0,8.0,-1.5,0.638,0.362,4.0,1.0,0,0,0.9,0.2,0.8,-0.6000000000000001,-1.3,2.3,-3.5999999999999996,,,,,,,,,,,,
633687,2021-06-18,2021,Houston Astros,Chicago White Sox,José Urquidy,Dylan Cease,10,2,1,-107,-103,-110.0,-110.0,7.5,8.5,1.5,0.5046,0.4954,3.0,-1.0,0,0,1.0,0.7,0.8,-0.10000000000000009,2.3,2.5,-0.20000000000000018,,,,,,,,,,,,
633697,2021-06-18,2021,Seattle Mariners,Tampa Bay Rays,Justin Dunn,Rich Hill,6,5,1,-109,-101,-110.0,-110.0,7.5,7.5,-1.5,0.5093,0.4907,1.0,0.0,0,0,0.89,0.4,0.7,-0.29999999999999993,-0.9,1.7,-2.6,,,,,,,,,,,,
633576,2021-06-19,2021,Houston Astros,Chicago White Sox,Framber Valdez,Lance Lynn,7,3,1,-123,113,-130.0,110.0,7.5,8.0,-1.5,0.5402,0.4598,7.0,-0.5,0,0,1.0,0.8,0.7,0.10000000000000009,3.5,1.4,2.1,,,,,,,,,,,,
633597,2021-06-19,2021,San Diego Padres,Cincinnati Reds,Miguel Díaz,Vladimir Gutierrez,7,5,1,-149,139,-190.0,160.0,9.0,8.5,-1.5,0.5885,0.4115,41.0,0.5,1,0,0.9,0.3,0.7,-0.39999999999999997,-0.7,2.0,-2.7,,,,,,,,,,,,
633585,2021-06-19,2021,Kansas City Royals,Boston Red Sox,Brad Keller,Martín Pérez,1,7,0,104,-114,110.0,-130.0,11.0,10.5,1.5,0.4792,0.5208,-6.0,0.5,0,0,1.01,0.1,0.6,-0.5,-3.4,-1.9,-1.5,,,,,,,,,,,,
633594,2021-06-19,2021,Texas Rangers,Minnesota Twins,Kolby Allard,Randy Dobnak,2,3,0,-108,-102,-130.0,110.0,9.0,9.0,-1.5,0.507,0.493,22.0,0.0,1,0,1.1,0.3,0.4,-0.10000000000000003,-2.1,-2.0,-0.10000000000000009,,,,,,,,,,,,
633573,2021-06-19,2021,Baltimore Orioles,Toronto Blue Jays,Dean Kremer,Alek Manoah,7,10,0,145,-155,145.0,-170.0,10.0,10.0,1.5,0.4017,0.5983,0.0,0.0,0,0,1.08,0.2,0.3,-0.09999999999999998,-2.3,0.6,-2.9,,,,,,,,,,,,
633613,2021-06-19,2021,Chicago Cubs,Miami Marlins,Jake Arrieta,Pablo López,1,11,0,-126,116,-120.0,100.0,9.0,8.5,-1.5,0.5463,0.4537,-6.0,0.5,0,0,1.06,0.6,0.5,0.09999999999999998,0.8,0.9,-0.09999999999999998,,,,,,,,,,,,
633583,2021-06-19,2021,Washington Nationals,New York Mets,Jon Lester,Robert Gsellman,6,2,1,-125,115,-115.0,-105.0,6.5,7.0,-1.5,0.5443,0.4557,-10.0,-0.5,0,0,0.95,0.6,0.6,0.0,1.4,1.0,0.3999999999999999,,,,,,,,,,,,
633615,2021-06-19,2021,Seattle Mariners,Tampa Bay Rays,Yusei Kikuchi,Michael Wacha,5,1,1,130,-140,110.0,-130.0,7.5,8.0,1.5,0.427,0.573,20.0,-0.5,0,0,0.89,0.5,0.6,-0.09999999999999998,-0.1,1.3,-1.4000000000000001,,,,,,,,,,,,
633606,2021-06-19,2021,New York Yankees,Oakland Athletics,Domingo Germán,Chris Bassitt,7,5,1,-125,115,-130.0,110.0,9.5,9.0,-1.5,0.5443,0.4557,5.0,0.5,0,0,1.12,0.5,0.9,-0.4,0.0,2.6,-2.6,,,,,,,,,,,,
633604,2021-06-19,2021,Arizona Diamondbacks,Los Angeles Dodgers,Caleb Smith,Trevor Bauer,0,3,0,205,-230,180.0,-220.0,9.0,9.0,1.5,0.3199,0.6801,25.0,0.0,0,0,0.92,0.0,0.7,-0.7,-3.5,0.8,-4.3,,,,,,,,,,,,
633654,2021-06-19,2021,Los Angeles Angels,Detroit Tigers,Alex Cobb,José Ureña,11,3,1,-206,186,-200.0,170.0,9.5,9.5,-1.5,0.6582,0.3418,-6.0,0.0,0,0,0.94,0.7,0.5,0.19999999999999996,1.9,-0.6,2.5,,,,,,,,,,,,
633616,2021-06-19,2021,Colorado Rockies,Milwaukee Brewers,Antonio Senzatela,Corbin Burnes,6,5,1,-115,105,105.0,-125.0,10.5,10.5,-1.5,0.523,0.477,-220.0,0.0,0,0,1.38,0.5,0.5,0.0,-1.7,0.0,-1.7,,,,,,,,,,,,
633702,2021-06-19,2021,Houston Astros,Chicago White Sox,Luis Garcia,Carlos Rodón,2,1,1,-123,113,-130.0,110.0,7.5,8.0,-1.5,0.5402,0.4598,7.0,-0.5,0,0,1.0,0.8,0.7,0.10000000000000009,3.5,1.4,2.1,,,,,,,,,,,,
633683,2021-06-19,2021,Kansas City Royals,Boston Red Sox,Kyle Zimmer,Nick Pivetta,5,3,1,104,-114,110.0,-130.0,11.0,10.5,1.5,0.4792,0.5208,-6.0,0.5,0,0,1.01,0.1,0.6,-0.5,-3.4,-1.9,-1.5,,,,,,,,,,,,
633638,2021-06-19,2021,Chicago Cubs,Miami Marlins,Zach Davies,Cody Poteet,2,10,0,-126,116,-120.0,100.0,9.0,8.5,-1.5,0.5463,0.4537,-6.0,0.5,0,0,1.06,0.6,0.5,0.09999999999999998,0.8,0.9,-0.09999999999999998,,,,,,,,,,,,
633579,2021-06-19,2021,Texas Rangers,Minnesota Twins,Mike Foltynewicz,José Berríos,5,7,0,-108,-102,-130.0,110.0,9.0,9.0,-1.5,0.507,0.493,22.0,0.0,1,0,1.1,0.3,0.4,-0.10000000000000003,-2.1,-2.0,-0.10000000000000009,,,,,,,,,,,,
633596,2021-06-19,2021,San Diego Padres,Cincinnati Reds,Chris Paddack,Tony Santillan,8,2,1,-149,139,-190.0,160.0,9.0,8.5,-1.5,0.5885,0.4115,41.0,0.5,1,0,0.9,0.3,0.7,-0.39999999999999997,-0.7,2.0,-2.7,,,,,,,,,,,,
633554,2021-06-20,2021,Seattle Mariners,Tampa Bay Rays,Marco Gonzales,Shane McClanahan,6,2,1,145,-155,125.0,-145.0,8.5,8.5,1.5,0.4017,0.5983,20.0,0.0,0,0,0.89,0.6,0.5,0.09999999999999998,0.5,0.3,0.2,,,,,,,,,,,,
633566,2021-06-20,2021,San Diego Padres,Cincinnati Reds,Dinelson Lamet,Luis Castillo,3,2,1,-127,117,-170.0,145.0,8.0,8.5,-1.5,0.5483,0.4517,43.0,-0.5,1,0,0.9,0.4,0.6,-0.19999999999999996,0.2,1.2,-1.0,,,,,,,,,,,,
633582,2021-06-20,2021,Arizona Diamondbacks,Los Angeles Dodgers,Alex Young,Tony Gonsolin,8,9,0,161,-172,160.0,-190.0,9.0,9.5,1.5,0.3773,0.6227,1.0,-0.5,0,0,0.92,0.0,0.8,-0.8,-3.6,1.3,-4.9,,,,,,,,,,,,
633563,2021-06-20,2021,Los Angeles Angels,Detroit Tigers,Dylan Bundy,Casey Mize,3,5,0,-160,150,-170.0,145.0,9.5,9.0,-1.5,0.6061,0.3939,10.0,0.5,0,0,0.94,0.7,0.4,0.29999999999999993,2.2,-1.6,3.8000000000000003,,,,,,,,,,,,
633567,2021-06-20,2021,Colorado Rockies,Milwaukee Brewers,Chi Chi González,Eric Lauer,6,7,0,122,-132,115.0,-135.0,12.0,11.5,1.5,0.4419,0.5581,7.0,0.5,0,0,1.38,0.6,0.4,0.19999999999999996,-1.2,-0.5,-0.7,,,,,,,,,,,,
633574,2021-06-20,2021,Texas Rangers,Minnesota Twins,Dane Dunning,Kenta Maeda,2,4,0,112,-122,-105.0,-115.0,8.0,8.5,1.5,0.4619,0.5381,217.0,-0.5,0,0,1.1,0.2,0.5,-0.3,-2.2,-1.4,-0.8000000000000003,,,,,,,,,,,,
633629,2021-06-20,2021,Chicago Cubs,Miami Marlins,Alec Mills,Zach Thompson,2,0,1,-143,133,-135.0,115.0,9.5,9.5,-1.5,0.5783,0.4217,-8.0,0.0,0,0,1.06,0.5,0.5,0.0,-0.7,2.1,-2.8,,,,,,,,,,,,
633565,2021-06-20,2021,Atlanta Braves,St. Louis Cardinals,Drew Smyly,Kwang Hyun Kim,1,0,1,-114,104,-115.0,-105.0,7.5,7.5,-1.5,0.5208,0.4792,1.0,0.0,0,0,1.05,0.3,0.5,-0.2,0.5,-1.2,1.7,,,,,,,,,,,,
633602,2021-06-20,2021,Houston Astros,Chicago White Sox,Lance McCullers Jr.,Dallas Keuchel,8,2,1,-136,126,-145.0,125.0,8.5,8.5,-1.5,0.5657,0.4343,9.0,0.0,0,0,1.0,0.8,0.6,0.20000000000000007,3.1,0.8,2.3,,,,,,,,,,,,
633575,2021-06-20,2021,New York Yankees,Oakland Athletics,Jordan Montgomery,Sean Manaea,2,1,1,-139,129,-135.0,115.0,10.0,9.5,-1.5,0.5712,0.4288,-4.0,0.5,0,0,1.12,0.6,0.8,-0.20000000000000007,0.3,2.1,-1.8,,,,,,,,,,,,
633636,2021-06-20,2021,Baltimore Orioles,Toronto Blue Jays,Matt Harvey,Hyun Jin Ryu,4,7,0,163,-176,175.0,-210.0,10.5,9.5,1.5,0.3735,0.6265,-12.0,1.0,0,1,1.08,0.1,0.3,-0.19999999999999998,-3.3,0.5,-3.8,,,,,,,,,,,,
633557,2021-06-20,2021,Washington Nationals,New York Mets,Patrick Corbin,Taijuan Walker,5,2,1,-114,104,105.0,-125.0,8.5,8.0,1.5,0.5208,0.4792,-219.0,0.5,0,0,0.95,0.7,0.6,0.09999999999999998,2.0,1.3,0.7,,,,,,,,,,,,
633661,2021-06-20,2021,Seattle Mariners,Tampa Bay Rays,Logan Gilbert,Josh Fleming,6,5,1,145,-155,125.0,-145.0,8.5,8.5,1.5,0.4017,0.5983,20.0,0.0,0,0,0.89,0.6,0.5,0.09999999999999998,0.5,0.3,0.2,,,,,,,,,,,,
633598,2021-06-20,2021,Arizona Diamondbacks,Los Angeles Dodgers,Matt Peacock,Walker Buehler,3,9,0,161,-172,160.0,-190.0,9.0,9.5,1.5,0.3773,0.6227,1.0,-0.5,0,0,0.92,0.0,0.8,-0.8,-3.6,1.3,-4.9,,,,,,,,,,,,
633650,2021-06-20,2021,Los Angeles Angels,Detroit Tigers,Patrick Sandoval,Wily Peralta,8,3,1,-160,150,-170.0,145.0,9.5,9.0,-1.5,0.6061,0.3939,10.0,0.5,0,0,0.94,0.7,0.4,0.29999999999999993,2.2,-1.6,3.8000000000000003,,,,,,,,,,,,
633577,2021-06-20,2021,Colorado Rockies,Milwaukee Brewers,Austin Gomber,Adrian Houser,5,6,0,122,-132,115.0,-135.0,12.0,11.5,1.5,0.4419,0.5581,7.0,0.5,0,0,1.38,0.6,0.4,0.19999999999999996,-1.2,-0.5,-0.7,,,,,,,,,,,,
633558,2021-06-20,2021,Kansas City Royals,Boston Red Sox,Mike Minor,Nathan Eovaldi,7,3,1,122,-132,120.0,-140.0,9.5,10.0,1.5,0.4419,0.5581,2.0,-0.5,0,0,1.01,0.2,0.6,-0.39999999999999997,-2.6,-1.0,-1.6,,,,,,,,,,,,
633760,2021-06-21,2021,New York Mets,Atlanta Braves,Jacob deGrom,Kyle Muller,4,2,1,-260,230,-170.0,145.0,5.0,4.5,-1.5,0.7044,0.2956,-90.0,0.5,0,0,0.97,0.5,0.4,0.09999999999999998,-0.3,0.7,-1.0,,,,,,,,,,,,
633747,2021-06-21,2021,Baltimore Orioles,Houston Astros,Keegan Akin,Jake Odorizzi,2,10,0,153,-163,135.0,-160.0,10.5,10.0,1.5,0.3894,0.6106,18.0,0.5,0,0,1.08,0.1,0.8,-0.7000000000000001,-2.3,3.2,-5.5,,,,,,,,,,,,
633571,2021-06-22,2021,Miami Marlins,Toronto Blue Jays,Sandy Alcantara,Ross Stripling,1,2,0,-113,103,-105.0,-115.0,7.5,7.5,-1.5,0.5185,0.4815,-8.0,0.0,0,0,0.88,0.5,0.4,0.09999999999999998,2.0,1.1,0.8999999999999999,,,,,,,,,,,,
633750,2021-06-22,2021,New York Mets,Atlanta Braves,Marcus Stroman,Charlie Morton,0,3,0,-104,-106,-110.0,-110.0,7.0,7.0,1.5,0.4977,0.5023,6.0,0.0,0,0,0.97,0.5,0.4,0.09999999999999998,-0.2,0.6,-0.8,,,,,,,,,,,,
633519,2021-06-22,2021,Tampa Bay Rays,Boston Red Sox,Andrew Kittredge,Eduardo Rodriguez,5,9,0,-116,106,-110.0,-110.0,8.0,8.0,-1.5,0.5252,0.4748,-6.0,0.0,0,0,0.91,0.4,0.6,-0.19999999999999996,-0.2,-0.9,0.7,,,,,,,,,,,,
633526,2021-06-22,2021,Detroit Tigers,St. Louis Cardinals,Tarik Skubal,Johan Oviedo,8,2,1,105,-115,105.0,-125.0,8.5,9.0,1.5,0.477,0.523,0.0,-0.5,0,0,1.0,0.4,0.4,0.0,-2.1,-1.9,-0.20000000000000018,,,,,,,,,,,,
633621,2021-06-22,2021,New York Yankees,Kansas City Royals,Gerrit Cole,Brady Singer,5,6,0,-265,235,-275.0,225.0,7.5,8.0,-1.5,0.7086,0.2914,10.0,-0.5,0,0,1.12,0.6,0.3,0.3,0.0,-1.7,1.7,,,,,,,,,,,,
633572,2021-06-22,2021,Pittsburgh Pirates,Chicago White Sox,Tyler Anderson,Lucas Giolito,6,3,1,154,-164,145.0,-170.0,7.5,7.5,1.5,0.3879,0.6121,9.0,0.0,0,0,0.96,0.2,0.5,-0.3,-1.9,0.1,-2.0,,,,,,,,,,,,
633580,2021-06-22,2021,Minnesota Twins,Cincinnati Reds,Bailey Ober,Wade Miley,7,10,0,-122,112,-105.0,-115.0,9.0,9.5,-1.5,0.5381,0.4619,-17.0,-0.5,0,0,1.02,0.6,0.6,0.0,-0.9,1.6,-2.5,,,,,,,,,,,,
633547,2021-06-22,2021,Baltimore Orioles,Houston Astros,Jorge López,Zack Greinke,1,3,0,173,-188,155.0,-185.0,9.0,10.5,1.5,0.3594,0.6406,18.0,-1.5,0,0,1.08,0.1,0.9,-0.8,-2.9,4.4,-7.300000000000001,,,,,,,,,,,,
633651,2021-06-22,2021,San Diego Padres,Los Angeles Dodgers,Yu Darvish,Julio Urías,6,2,1,114,-124,-105.0,-115.0,7.5,7.5,1.5,0.4577,0.5423,219.0,0.0,0,0,0.9,0.5,0.8,-0.30000000000000004,0.5,1.7,-1.2,,,,,,,,,,,,
633533,2021-06-22,2021,Arizona Diamondbacks,Milwaukee Brewers,Merrill Kelly,Brett Anderson,5,1,1,129,-139,130.0,-150.0,8.0,8.5,1.5,0.4288,0.5712,-1.0,-0.5,0,0,0.92,0.0,0.5,-0.5,-3.6,-0.4,-3.2,,,,,,,,,,,,
633588,2021-06-22,2021,Minnesota Twins,Cincinnati Reds,J.A. Happ,Tyler Mahle,7,5,1,-122,112,-105.0,-115.0,9.0,9.5,-1.5,0.5381,0.4619,-17.0,-0.5,0,0,1.02,0.6,0.6,0.0,-0.9,1.6,-2.5,,,,,,,,,,,,
633605,2021-06-22,2021,Texas Rangers,Oakland Athletics,Kyle Gibson,Frankie Montas,8,3,1,118,-128,125.0,-145.0,9.0,9.0,1.5,0.4497,0.5503,-7.0,0.0,0,0,1.1,0.2,0.7,-0.49999999999999994,-1.8,1.6,-3.4000000000000004,,,,,,,,,,,,
633549,2021-06-22,2021,Philadelphia Phillies,Washington Nationals,Zack Wheeler,Max Scherzer,2,3,0,-109,-101,-125.0,105.0,6.5,7.0,-1.5,0.5093,0.4907,16.0,-0.5,1,0,1.07,0.6,0.7,-0.09999999999999998,0.4,2.1,-1.7000000000000002,,,,,,,,,,,,
633568,2021-06-23,2021,Baltimore Orioles,Houston Astros,Thomas Eshelman,José Urquidy,0,13,0,185,-205,135.0,-160.0,9.5,10.5,1.5,0.343,0.657,50.0,-1.0,0,0,1.08,0.1,0.9,-0.8,-3.0,4.4,-7.4,,,,,,,,,,,,
633513,2021-06-23,2021,Miami Marlins,Toronto Blue Jays,Trevor Rogers,Robbie Ray,1,3,0,107,-117,-110.0,-110.0,7.5,7.5,1.5,0.4726,0.5274,217.0,0.0,0,0,0.88,0.4,0.5,-0.09999999999999998,1.2,1.3,-0.10000000000000009,,,,,,,,,,,,
633561,2021-06-23,2021,New York Mets,Atlanta Braves,Tylor Megill,Kyle Wright,7,3,1,-138,128,-110.0,-110.0,8.5,8.5,-1.5,0.5693,0.4307,-28.0,0.0,0,0,0.97,0.4,0.5,-0.09999999999999998,-0.8,1.0,-1.8,,,,,,,,,,,,
633524,2021-06-23,2021,Tampa Bay Rays,Boston Red Sox,Rich Hill,Garrett Richards,8,2,1,-144,134,-150.0,130.0,9.0,8.5,-1.5,0.58,0.42,6.0,0.5,0,0,0.91,0.3,0.6,-0.3,-0.8,-0.9,0.09999999999999998,,,,,,,,,,,,
633551,2021-06-23,2021,New York Yankees,Kansas City Royals,Michael King,Danny Duffy,6,5,1,-174,162,-160.0,135.0,10.0,9.5,-1.5,0.6246,0.3754,-14.0,0.5,0,0,1.12,0.5,0.3,0.2,-0.4,-2.1,1.7000000000000002,,,,,,,,,,,,
633614,2021-06-23,2021,Seattle Mariners,Colorado Rockies,Justus Sheffield,Germán Márquez,2,5,0,100,-110,100.0,-120.0,8.5,8.5,1.5,0.4884,0.5116,0.0,0.0,0,0,0.89,0.7,0.5,0.19999999999999996,1.2,-0.8,2.0,,,,,,,,,,,,
633578,2021-06-23,2021,Arizona Diamondbacks,Milwaukee Brewers,Caleb Smith,Brandon Woodruff,2,3,0,195,-215,145.0,-170.0,7.5,8.0,1.5,0.3318,0.6682,50.0,-0.5,0,0,0.92,0.1,0.4,-0.30000000000000004,-3.1,-1.1,-2.0,,,,,,,,,,,,
633546,2021-06-23,2021,Philadelphia Phillies,Washington Nationals,Vince Velasquez,Erick Fedde,12,13,0,-109,-101,-105.0,-115.0,9.0,8.5,-1.5,0.5093,0.4907,-4.0,0.5,0,0,1.07,0.5,0.8,-0.30000000000000004,0.2,2.2,-2.0,,,,,,,,,,,,
633569,2021-06-23,2021,Pittsburgh Pirates,Chicago White Sox,Chase De Jong,Dylan Cease,3,4,0,147,-157,145.0,-170.0,8.5,8.5,1.5,0.3986,0.6014,2.0,0.0,0,0,0.96,0.3,0.4,-0.10000000000000003,-1.3,-0.5,-0.8,,,,,,,,,,,,
633528,2021-06-23,2021,Seattle Mariners,Colorado Rockies,Chris Flexen,Kyle Freeland,2,1,1,100,-110,100.0,-120.0,8.5,8.5,1.5,0.4884,0.5116,0.0,0.0,0,0,0.89,0.7,0.5,0.19999999999999996,1.2,-0.8,2.0,,,,,,,,,,,,
633540,2021-06-23,2021,San Diego Padres,Los Angeles Dodgers,Blake Snell,Clayton Kershaw,3,2,1,-112,102,-110.0,-110.0,7.5,7.5,-1.5,0.5162,0.4838,-2.0,0.0,0,0,0.9,0.6,0.7,-0.09999999999999998,1.0,1.0,0.0,,,,,,,,,,,,
633603,2021-06-23,2021,Arizona Diamondbacks,Milwaukee Brewers,Zac Gallen,Freddy Peralta,0,5,0,195,-215,145.0,-170.0,7.5,8.0,1.5,0.3318,0.6682,50.0,-0.5,0,0,0.92,0.1,0.4,-0.30000000000000004,-3.1,-1.1,-2.0,,,,,,,,,,,,
633532,2021-06-23,2021,Texas Rangers,Oakland Athletics,Taylor Hearn,Cole Irvin,6,13,0,128,-138,135.0,-160.0,9.0,9.0,1.5,0.4307,0.5693,-7.0,0.0,0,0,1.1,0.3,0.7,-0.39999999999999997,-0.8,1.6,-2.4000000000000004,,,,,,,,,,,,
633541,2021-06-23,2021,Detroit Tigers,St. Louis Cardinals,Matt Manning,John Gant,6,2,1,105,-115,105.0,-125.0,9.0,9.0,1.5,0.477,0.523,0.0,0.0,0,0,1.0,0.5,0.4,0.09999999999999998,-1.4,-2.2,0.8000000000000003,,,,,,,,,,,,
633517,2021-06-24,2021,Tampa Bay Rays,Boston Red Sox,Michael Wacha,Nick Pivetta,1,0,1,-111,101,-130.0,110.0,9.0,9.0,-1.5,0.5139,0.4861,19.0,0.0,1,0,0.91,0.3,0.5,-0.2,-0.3,-1.6,1.3,,,,,,,,,,,,
633548,2021-06-24,2021,Miami Marlins,Washington Nationals,Cody Poteet,Joe Ross,3,7,0,109,-119,-105.0,-115.0,8.5,8.0,1.5,0.4682,0.5318,214.0,0.5,0,0,0.88,0.3,0.9,-0.6000000000000001,0.9,2.4,-1.5,,,,,,,,,,,,
633514,2021-06-24,2021,Cincinnati Reds,Atlanta Braves,Tony Santillan,,5,3,1,-131,121,-120.0,100.0,11.0,10.5,-1.5,0.5562,0.4438,-11.0,0.5,0,0,1.18,0.5,0.5,0.0,0.4,0.8,-0.4,,,,,,,,,,,,
633564,2021-06-24,2021,Detroit Tigers,Houston Astros,José Ureña,Luis Garcia,3,12,0,205,-230,170.0,-200.0,9.5,9.5,1.5,0.3199,0.6801,35.0,0.0,0,0,1.0,0.6,1.0,-0.4,0.3,6.0,-5.7,,,,,,,,,,,,
633503,2021-06-24,2021,Texas Rangers,Oakland Athletics,Kolby Allard,Chris Bassitt,1,5,0,135,-145,140.0,-165.0,8.0,8.5,1.5,0.4183,0.5817,-5.0,-0.5,0,0,1.1,0.2,0.7,-0.49999999999999994,-1.6,2.2,-3.8000000000000003,,,,,,,,,,,,
633559,2021-06-24,2021,New York Yankees,Kansas City Royals,Jameson Taillon,Brad Keller,8,1,1,-200,180,-190.0,160.0,9.0,10.0,-1.5,0.6512,0.3488,-10.0,-1.0,0,0,1.12,0.6,0.3,0.3,-0.1,-1.3,1.2,,,,,,,,,,,,
633553,2021-06-24,2021,Texas Rangers,Oakland Athletics,Mike Foltynewicz,James Kaprielian,5,3,1,135,-145,140.0,-165.0,8.0,8.5,1.5,0.4183,0.5817,-5.0,-0.5,0,0,1.1,0.2,0.7,-0.49999999999999994,-1.6,2.2,-3.8000000000000003,,,,,,,,,,,,
633560,2021-06-24,2021,Toronto Blue Jays,Baltimore Orioles,Anthony Kay,Dean Kremer,9,0,1,-188,173,-170.0,145.0,10.5,11.0,-1.5,0.6406,0.3594,-18.0,-0.5,0,0,1.04,0.5,0.1,0.4,1.0,-3.7,4.7,,,,,,,,,,,,
633543,2021-06-25,2021,Boston Red Sox,New York Yankees,Martín Pérez,Domingo Germán,5,3,1,113,-123,105.0,-125.0,10.5,10.5,1.5,0.4598,0.5402,8.0,0.0,0,0,1.14,0.5,0.7,-0.19999999999999996,-1.2,0.7,-1.9,,,,,,,,,,,,
633521,2021-06-25,2021,Cincinnati Reds,Atlanta Braves,Vladimir Gutierrez,Drew Smyly,2,3,0,-111,101,-125.0,105.0,10.5,10.0,-1.5,0.5139,0.4861,14.0,0.5,1,0,1.18,0.5,0.4,0.09999999999999998,0.2,0.4,-0.2,,,,,,,,,,,,
633591,2021-06-25,2021,Miami Marlins,Washington Nationals,Pablo López,Jon Lester,11,2,1,-140,130,-135.0,115.0,7.5,7.5,-1.5,0.573,0.427,-5.0,0.0,0,0,0.88,0.2,1.0,-0.8,0.3,2.9,-2.6,,,,,,,,,,,,
633535,2021-06-25,2021,Tampa Bay Rays,Los Angeles Angels,Andrew Kittredge,Griffin Canning,4,3,1,-162,152,-160.0,135.0,8.0,8.5,-1.5,0.6091,0.3909,-2.0,-0.5,0,0,0.91,0.3,0.4,-0.10000000000000003,-0.8,0.0,-0.8,,,,,,,,,,,,
633502,2021-06-25,2021,St. Louis Cardinals,Pittsburgh Pirates,Carlos Martinez,Chad Kuhl,2,8,0,-168,158,-170.0,145.0,9.0,8.5,-1.5,0.6179,0.3821,2.0,0.5,0,0,0.98,0.4,0.3,0.10000000000000003,-2.1,-1.1,-1.0,,,,,,,,,,,,
633599,2021-06-25,2021,Milwaukee Brewers,Colorado Rockies,Corbin Burnes,Jon Gray,5,4,1,-280,245,-235.0,190.0,7.5,7.5,-1.5,0.7177,0.2823,-45.0,0.0,0,0,1.03,0.4,0.6,-0.19999999999999996,-1.1,0.7,-1.8,,,,,,,,,,,,
633545,2021-06-25,2021,New York Mets,Philadelphia Phillies,Taijuan Walker,Aaron Nola,2,1,1,-120,110,-130.0,110.0,5.5,6.0,-1.5,0.5339,0.4661,10.0,-0.5,0,0,0.97,0.5,0.4,0.09999999999999998,0.0,0.0,0.0,,,,,,,,,,,,
633505,2021-06-25,2021,Los Angeles Dodgers,Chicago Cubs,Walker Buehler,Zach Davies,0,4,0,-174,162,-170.0,145.0,9.0,9.0,-1.5,0.6246,0.3754,-4.0,0.0,0,0,0.93,0.5,0.4,0.09999999999999998,-0.6,-1.7,1.1,,,,,,,,,,,,
633536,2021-06-25,2021,Toronto Blue Jays,Baltimore Orioles,Alek Manoah,Matt Harvey,5,6,0,-255,225,-225.0,185.0,10.5,11.0,-1.5,0.7001,0.2999,-30.0,-0.5,0,0,1.04,0.5,0.1,0.4,0.5,-4.5,5.0,,,,,,,,,,,,
633531,2021-06-26,2021,Boston Red Sox,New York Yankees,Nathan Eovaldi,Jordan Montgomery,4,2,1,-119,109,-120.0,100.0,10.0,10.0,-1.5,0.5318,0.4682,1.0,0.0,0,0,1.14,0.6,0.7,-0.09999999999999998,0.4,1.2,-0.7999999999999999,,,,,,,,,,,,
633510,2021-06-26,2021,Cincinnati Reds,Atlanta Braves,Luis Castillo,Ian Anderson,4,1,1,-120,110,-120.0,100.0,9.0,9.0,-1.5,0.5339,0.4661,0.0,0.0,0,0,1.18,0.4,0.5,-0.09999999999999998,-0.7,0.7,-1.4,,,,,,,,,,,,
633525,2021-06-26,2021,Tampa Bay Rays,Los Angeles Angels,Shane McClanahan,Alex Cobb,13,3,1,-153,143,-170.0,145.0,7.5,8.5,-1.5,0.5951,0.4049,17.0,-1.0,1,0,0.91,0.3,0.3,0.0,-1.0,-0.8,-0.19999999999999996,,,,,,,,,,,,
633518,2021-06-26,2021,Milwaukee Brewers,Colorado Rockies,Adrian Houser,Antonio Senzatela,10,4,1,-172,161,-210.0,175.0,8.0,8.5,-1.5,0.6227,0.3773,38.0,-0.5,1,0,1.03,0.5,0.6,-0.09999999999999998,-0.2,1.0,-1.2,,,,,,,,,,,,
633562,2021-06-26,2021,Los Angeles Dodgers,Chicago Cubs,Julio Urías,Alec Mills,3,2,1,-204,184,-190.0,160.0,9.0,9.0,-1.5,0.6559,0.3441,-14.0,0.0,0,0,0.93,0.5,0.4,0.09999999999999998,0.1,-1.5,1.6,,,,,,,,,,,,
633552,2021-06-26,2021,Miami Marlins,Washington Nationals,Zach Thompson,Patrick Corbin,3,2,1,-107,-103,100.0,-120.0,7.5,8.0,-1.5,0.5046,0.4954,-207.0,-0.5,0,1,0.88,0.3,0.9,-0.6000000000000001,1.4,1.5,-0.10000000000000009,,,,,,,,,,,,
633534,2021-06-26,2021,Texas Rangers,Kansas City Royals,Kyle Gibson,Kyle Zimmer,8,0,1,-149,139,-160.0,135.0,8.0,8.0,-1.5,0.5885,0.4115,11.0,0.0,1,0,1.1,0.3,0.3,0.0,-0.5,-1.9,1.4,,,,,,,,,,,,
633539,2021-06-26,2021,New York Mets,Philadelphia Phillies,Jacob deGrom,Zach Eflin,4,3,1,-255,225,-260.0,210.0,6.5,6.0,-1.5,0.7001,0.2999,5.0,0.5,0,0,0.97,0.5,0.3,0.2,-0.2,-0.2,0.0,,,,,,,,,,,,
633589,2021-06-26,2021,St. Louis Cardinals,Pittsburgh Pirates,Adam Wainwright,JT Brubaker,3,1,1,-155,145,-160.0,135.0,8.0,8.5,-1.5,0.5983,0.4017,5.0,-0.5,0,0,0.98,0.4,0.4,0.0,-2.5,-0.2,-2.3,,,,,,,,,,,,
633509,2021-06-26,2021,Detroit Tigers,Houston Astros,Wily Peralta,Lance McCullers Jr.,2,3,0,185,-205,215.0,-265.0,7.0,7.5,1.5,0.343,0.657,-30.0,-0.5,0,1,1.0,0.5,1.0,-0.5,-1.0,5.5,-6.5,,,,,,,,,,,,
633492,2021-06-26,2021,San Diego Padres,Arizona Diamondbacks,Chris Paddack,Corbin Martin,11,5,1,-260,230,-270.0,220.0,8.0,8.0,-1.5,0.7044,0.2956,10.0,0.0,0,0,0.9,0.7,0.1,0.6,1.2,-2.9,4.1,,,,,,,,,,,,
633608,2021-06-26,2021,Los Angeles Dodgers,Chicago Cubs,Tony Gonsolin,Jake Arrieta,6,2,1,-204,184,-190.0,160.0,9.0,9.0,-1.5,0.6559,0.3441,-14.0,0.0,0,0,0.93,0.5,0.4,0.09999999999999998,0.1,-1.5,1.6,,,,,,,,,,,,
633498,2021-06-26,2021,St. Louis Cardinals,Pittsburgh Pirates,Kwang Hyun Kim,Wil Crowe,4,5,0,-155,145,-160.0,135.0,8.0,8.5,-1.5,0.5983,0.4017,5.0,-0.5,0,0,0.98,0.4,0.4,0.0,-2.5,-0.2,-2.3,,,,,,,,,,,,
633556,2021-06-26,2021,Texas Rangers,Kansas City Royals,Dane Dunning,Mike Minor,9,4,1,-149,139,-160.0,135.0,8.0,8.0,-1.5,0.5885,0.4115,11.0,0.0,1,0,1.1,0.3,0.3,0.0,-0.5,-1.9,1.4,,,,,,,,,,,,
633520,2021-06-26,2021,Toronto Blue Jays,Baltimore Orioles,Hyun Jin Ryu,Keegan Akin,12,4,1,-270,240,-270.0,220.0,10.0,10.0,-1.5,0.7127,0.2873,0.0,0.0,0,0,1.04,0.5,0.2,0.3,0.5,-3.9,4.4,,,,,,,,,,,,
633472,2021-06-27,2021,Los Angeles Dodgers,Chicago Cubs,Clayton Kershaw,Adbert Alzolay,7,1,1,-200,180,-190.0,160.0,8.0,8.0,-1.5,0.6512,0.3488,-10.0,0.0,0,0,0.93,0.5,0.4,0.09999999999999998,0.2,-1.6,1.8,,,,,,,,,,,,
633499,2021-06-27,2021,Chicago White Sox,Seattle Mariners,Ryan Burr,Robert Dugger,7,5,1,-166,156,-185.0,166.0,7.0,7.0,-1.5,0.615,0.385,19.0,0.0,1,0,0.95,0.3,0.8,-0.5,-2.4,2.0,-4.4,,,,,,,,,,,,
633544,2021-06-27,2021,San Diego Padres,Arizona Diamondbacks,Yu Darvish,Zac Gallen,5,4,1,-270,240,-290.0,235.0,7.5,7.5,-1.5,0.7127,0.2873,20.0,0.0,1,0,0.9,0.8,0.1,0.7000000000000001,1.9,-3.2,5.1,,,,,,,,,,,,
633516,2021-06-27,2021,Texas Rangers,Kansas City Royals,Jordan Lyles,Brady Singer,4,1,1,-107,-103,-110.0,-110.0,9.0,9.0,1.5,0.5046,0.4954,3.0,0.0,0,0,1.1,0.4,0.3,0.10000000000000003,0.0,-2.2,2.2,,,,,,,,,,,,
633482,2021-06-27,2021,St. Louis Cardinals,Pittsburgh Pirates,Johan Oviedo,Max Kranick,2,7,0,-140,130,-150.0,130.0,9.0,9.0,-1.5,0.573,0.427,10.0,0.0,0,0,0.98,0.3,0.5,-0.2,-2.7,0.1,-2.8000000000000003,,,,,,,,,,,,
633486,2021-06-27,2021,Milwaukee Brewers,Colorado Rockies,Eric Lauer,Chi Chi González,5,0,1,-180,165,-190.0,160.0,9.0,9.0,-1.5,0.6301,0.3699,10.0,0.0,0,0,1.03,0.6,0.5,0.09999999999999998,0.5,0.3,0.2,,,,,,,,,,,,
633477,2021-06-27,2021,Boston Red Sox,New York Yankees,Eduardo Rodriguez,Gerrit Cole,9,2,1,140,-150,140.0,-165.0,9.5,8.5,1.5,0.4098,0.5902,0.0,1.0,0,0,1.14,0.6,0.6,0.0,0.5,0.9,-0.4,,,,,,,,,,,,
633493,2021-06-27,2021,Cincinnati Reds,Atlanta Braves,Tyler Mahle,Kyle Muller,0,4,0,-140,130,-160.0,135.0,9.5,9.5,-1.5,0.573,0.427,20.0,0.0,1,0,1.18,0.4,0.5,-0.09999999999999998,-0.5,0.6,-1.1,,,,,,,,,,,,
633504,2021-06-27,2021,New York Mets,Philadelphia Phillies,Marcus Stroman,Zack Wheeler,2,4,0,-118,108,-130.0,110.0,7.0,7.5,-1.5,0.5296,0.4704,12.0,-0.5,1,0,0.97,0.5,0.2,0.3,-0.2,-1.0,0.8,,,,,,,,,,,,
633459,2021-06-27,2021,Tampa Bay Rays,Los Angeles Angels,Ryan Yarbrough,Patrick Sandoval,4,6,0,-147,137,-150.0,130.0,8.0,8.0,-1.5,0.5851,0.4149,3.0,0.0,0,0,0.91,0.4,0.3,0.10000000000000003,0.3,-1.5,1.8,,,,,,,,,,,,
633494,2021-06-27,2021,Detroit Tigers,Houston Astros,Tarik Skubal,Jake Odorizzi,2,1,1,155,-165,165.0,-195.0,9.0,10.0,1.5,0.3864,0.6136,-10.0,-1.0,0,0,1.0,0.4,1.0,-0.6,-1.2,5.2,-6.4,,,,,,,,,,,,
633515,2021-06-27,2021,Toronto Blue Jays,Baltimore Orioles,Ross Stripling,Jorge López,5,2,1,-250,220,-245.0,195.0,10.0,11.0,-1.5,0.6957,0.3043,-5.0,-1.0,0,0,1.04,0.6,0.2,0.39999999999999997,1.4,-4.6,6.0,,,,,,,,,,,,
633512,2021-06-27,2021,San Diego Padres,Arizona Diamondbacks,Dinelson Lamet,Merrill Kelly,1,10,0,-270,240,-290.0,235.0,7.5,7.5,-1.5,0.7127,0.2873,20.0,0.0,1,0,0.9,0.8,0.1,0.7000000000000001,1.9,-3.2,5.1,,,,,,,,,,,,
633489,2021-06-27,2021,Miami Marlins,Washington Nationals,Sandy Alcantara,Max Scherzer,1,5,0,114,-124,115.0,-135.0,6.5,6.5,1.5,0.4577,0.5423,-1.0,0.0,0,0,0.88,0.4,0.8,-0.4,1.7,1.3,0.3999999999999999,,,,,,,,,,,,
633465,2021-06-28,2021,Colorado Rockies,Pittsburgh Pirates,Kyle Freeland,Tyler Anderson,2,0,1,-113,103,-130.0,110.0,11.5,11.0,-1.5,0.5185,0.4815,17.0,0.5,1,0,1.38,0.4,0.6,-0.19999999999999996,-0.3,1.3,-1.6,,,,,,,,,,,,
633601,2021-06-28,2021,New York Yankees,Los Angeles Angels,Michael King,Dylan Bundy,3,5,0,-154,144,-145.0,125.0,10.5,9.5,-1.5,0.5967,0.4033,-9.0,1.0,0,0,1.12,0.5,0.4,0.09999999999999998,0.1,-1.1,1.2000000000000002,,,,,,,,,,,,
633475,2021-06-28,2021,Boston Red Sox,Kansas City Royals,Garrett Richards,Danny Duffy,6,5,1,-150,140,-150.0,130.0,11.0,10.0,-1.5,0.5902,0.4098,0.0,1.0,0,0,1.14,0.6,0.3,0.3,1.0,-2.4,3.4,,,,,,,,,,,,
633444,2021-06-29,2021,New York Yankees,Los Angeles Angels,Jameson Taillon,Andrew Heaney,11,5,1,-151,141,-160.0,135.0,10.0,10.0,-1.5,0.5918,0.4082,9.0,0.0,0,0,1.12,0.4,0.5,-0.09999999999999998,-0.5,-0.5,0.0,,,,,,,,,,,,
633454,2021-06-29,2021,Cincinnati Reds,San Diego Padres,Tony Santillan,Craig Stammen,4,5,0,124,-134,135.0,-160.0,10.5,9.5,1.5,0.4381,0.5619,-11.0,1.0,0,1,1.18,0.3,0.9,-0.6000000000000001,-1.0,1.6,-2.6,,,,,,,,,,,,
633587,2021-06-29,2021,Atlanta Braves,New York Mets,Charlie Morton,Tylor Megill,3,4,0,-157,147,-165.0,140.0,9.0,8.5,-1.5,0.6014,0.3986,8.0,0.5,0,0,1.05,0.5,0.4,0.09999999999999998,0.6,-0.7,1.2999999999999998,,,,,,,,,,,,
633497,2021-06-29,2021,Toronto Blue Jays,Seattle Mariners,Robbie Ray,Chris Flexen,9,3,1,-220,200,-185.0,155.0,9.5,10.0,-1.5,0.6735,0.3265,-35.0,-0.5,0,0,1.04,0.7,0.7,0.0,1.8,0.8,1.0,,,,,,,,,,,,
633495,2021-06-29,2021,Philadelphia Phillies,Miami Marlins,Vince Velasquez,Trevor Rogers,4,3,1,-105,-105,100.0,-120.0,9.0,7.5,1.5,0.5,0.5,-205.0,1.5,0,1,1.07,0.3,0.4,-0.10000000000000003,-0.6,1.4,-2.0,,,,,,,,,,,,
633496,2021-06-29,2021,Boston Red Sox,Kansas City Royals,Nick Pivetta,Brad Keller,7,6,1,-220,200,-180.0,150.0,10.5,10.5,-1.5,0.6735,0.3265,-40.0,0.0,0,0,1.14,0.6,0.3,0.3,0.9,-2.4,3.3,,,,,,,,,,,,
633476,2021-06-29,2021,Chicago White Sox,Minnesota Twins,Lucas Giolito,Kenta Maeda,0,0,0,-128,118,-140.0,120.0,8.5,9.0,-1.5,0.5503,0.4497,12.0,-0.5,1,0,0.95,0.3,0.7,-0.39999999999999997,-2.5,1.3,-3.8,,,,,,,,,,,,
633490,2021-06-29,2021,St. Louis Cardinals,Arizona Diamondbacks,Wade LeBlanc,Jake Faria,7,1,1,-155,145,-160.0,135.0,9.0,8.5,-1.5,0.5983,0.4017,5.0,0.5,0,0,0.98,0.2,0.2,0.0,-3.3,-1.6,-1.6999999999999997,,,,,,,,,,,,
633450,2021-06-29,2021,Milwaukee Brewers,Chicago Cubs,Freddy Peralta,Kyle Hendricks,14,4,1,-245,215,-200.0,170.0,7.5,7.0,-1.5,0.6911,0.3089,-45.0,0.5,0,0,1.03,0.7,0.4,0.29999999999999993,1.1,-1.9,3.0,,,,,,,,,,,,
633483,2021-06-29,2021,Houston Astros,Baltimore Orioles,Zack Greinke,Thomas Eshelman,7,9,0,-300,260,-345.0,275.0,9.0,10.0,-1.5,0.7297,0.2703,45.0,-1.0,1,0,1.0,0.9,0.2,0.7,4.3,-4.2,8.5,,,,,,,,,,,,
633443,2021-06-29,2021,Washington Nationals,Tampa Bay Rays,Joe Ross,Rich Hill,4,3,1,-109,-101,100.0,-120.0,9.5,9.0,-1.5,0.5093,0.4907,-209.0,0.5,0,1,0.95,0.8,0.4,0.4,1.0,0.2,0.8,,,,,,,,,,,,
633437,2021-06-30,2021,Atlanta Braves,New York Mets,Max Fried,David Peterson,20,2,1,-148,138,-150.0,130.0,9.0,8.5,-1.5,0.5868,0.4132,2.0,0.5,0,0,1.05,0.4,0.5,-0.09999999999999998,-0.3,-0.4,0.10000000000000003,,,,,,,,,,,,
633435,2021-06-30,2021,Cincinnati Reds,San Diego Padres,Vladimir Gutierrez,Joe Musgrove,5,7,0,171,-186,135.0,-160.0,10.0,10.0,1.5,0.362,0.638,36.0,0.0,0,0,1.18,0.3,0.9,-0.6000000000000001,-0.9,1.5,-2.4,,,,,,,,,,,,
633467,2021-06-30,2021,Boston Red Sox,Kansas City Royals,Martín Pérez,Mike Minor,6,2,1,-144,134,-170.0,145.0,11.0,10.5,-1.5,0.58,0.42,26.0,0.5,1,0,1.14,0.6,0.2,0.39999999999999997,0.4,-2.7,3.1,,,,,,,,,,,,
633484,2021-06-30,2021,New York Yankees,Los Angeles Angels,Domingo Germán,Shohei Ohtani,8,11,0,-116,106,-125.0,105.0,10.0,9.5,-1.5,0.5252,0.4748,9.0,0.5,0,0,1.12,0.5,0.4,0.09999999999999998,0.3,-1.3,1.6,,,,,,,,,,,,
633419,2021-06-30,2021,Philadelphia Phillies,Miami Marlins,Aaron Nola,Jordan Holloway,6,11,0,-220,200,-195.0,165.0,8.5,8.5,-1.5,0.6735,0.3265,-25.0,0.0,0,0,1.07,0.4,0.4,0.0,-0.3,1.4,-1.7,,,,,,,,,,,,
633427,2021-06-30,2021,Washington Nationals,Tampa Bay Rays,Jon Lester,Drew Rasmussen,15,6,1,113,-123,-110.0,-110.0,9.5,10.0,1.5,0.4598,0.5402,223.0,-0.5,0,0,0.95,0.8,0.4,0.4,0.9,0.2,0.7,,,,,,,,,,,,
633491,2021-06-30,2021,Colorado Rockies,Pittsburgh Pirates,Jon Gray,Chad Kuhl,6,2,1,-160,150,-160.0,135.0,11.0,11.5,-1.5,0.6061,0.3939,0.0,-0.5,0,0,1.38,0.4,0.6,-0.19999999999999996,-0.5,1.3,-1.8,,,,,,,,,,,,
633445,2021-06-30,2021,Toronto Blue Jays,Seattle Mariners,Steven Matz,Justus Sheffield,7,9,0,-245,215,-185.0,155.0,10.5,10.5,-1.5,0.6911,0.3089,-60.0,0.0,0,0,1.04,0.8,0.7,0.10000000000000009,2.8,0.7,2.0999999999999996,,,,,,,,,,,,
633426,2021-06-30,2021,St. Louis Cardinals,Arizona Diamondbacks,Kwang Hyun Kim,Riley Smith,7,4,1,-210,190,-190.0,160.0,8.5,9.0,-1.5,0.6627,0.3373,-20.0,-0.5,0,0,0.98,0.3,0.2,0.09999999999999998,-2.3,-1.6,-0.6999999999999997,,,,,,,,,,,,
633488,2021-06-30,2021,Oakland Athletics,Texas Rangers,James Kaprielian,Mike Foltynewicz,4,5,0,-190,175,-200.0,170.0,8.0,8.0,-1.5,0.6431,0.3569,10.0,0.0,0,0,0.9,0.4,0.5,-0.09999999999999998,0.4,0.7,-0.29999999999999993,,,,,,,,,,,,
633455,2021-06-30,2021,Colorado Rockies,Pittsburgh Pirates,Germán Márquez,Chase De Jong,8,0,1,-160,150,-160.0,135.0,11.0,11.5,-1.5,0.6061,0.3939,0.0,-0.5,0,0,1.38,0.4,0.6,-0.19999999999999996,-0.5,1.3,-1.8,,,,,,,,,,,,
633508,2021-06-30,2021,St. Louis Cardinals,Arizona Diamondbacks,Carlos Martinez,Caleb Smith,3,2,1,-210,190,-190.0,160.0,8.5,9.0,-1.5,0.6627,0.3373,-20.0,-0.5,0,0,0.98,0.3,0.2,0.09999999999999998,-2.3,-1.6,-0.6999999999999997,,,,,,,,,,,,
633446,2021-06-30,2021,Milwaukee Brewers,Chicago Cubs,Brandon Woodruff,Zach Davies,2,1,1,-150,140,-145.0,125.0,8.5,8.5,-1.5,0.5902,0.4098,-5.0,0.0,0,0,1.03,0.8,0.3,0.5,2.5,-3.1,5.6,,,,,,,,,,,,
633478,2021-06-30,2021,Chicago White Sox,Minnesota Twins,Lucas Giolito,Kenta Maeda,7,6,1,-120,110,-145.0,125.0,9.0,9.0,-1.5,0.5339,0.4661,25.0,0.0,1,0,0.95,0.2,0.7,-0.49999999999999994,-2.6,0.8,-3.4000000000000004,,,,,,,,,,,,
633449,2021-06-30,2021,Houston Astros,Baltimore Orioles,José Urquidy,Travis Lakins,3,13,0,-290,250,-320.0,260.0,9.0,10.0,-1.5,0.7224,0.2776,30.0,-1.0,1,0,1.0,0.8,0.2,0.6000000000000001,4.0,-4.6,8.6,,,,,,,,,,,,
633474,2021-06-30,2021,Milwaukee Brewers,Chicago Cubs,Aaron Ashby,Jake Arrieta,15,7,1,-150,140,-145.0,125.0,8.5,8.5,-1.5,0.5902,0.4098,-5.0,0.0,0,0,1.03,0.8,0.3,0.5,2.5,-3.1,5.6,,,,,,,,,,,,
633418,2021-07-01,2021,Atlanta Braves,New York Mets,Ian Anderson,Jacob deGrom,4,3,1,153,-163,145.0,-170.0,7.0,6.0,1.5,0.3894,0.6106,8.0,1.0,0,0,1.05,0.5,0.5,0.0,1.5,-2.1,3.6,,,,,,,,,,,,
633480,2021-07-01,2021,Cincinnati Reds,San Diego Padres,Luis Castillo,Ryan Weathers,5,4,1,-125,115,100.0,-120.0,9.5,10.0,-1.5,0.5443,0.4557,-225.0,-0.5,0,0,1.18,0.3,0.9,-0.6000000000000001,-0.9,1.1,-2.0,,,,,,,,,,,,
633463,2021-07-01,2021,Pittsburgh Pirates,Milwaukee Brewers,Wil Crowe,Corbin Burnes,2,7,0,210,-240,190.0,-235.0,8.0,8.0,1.5,0.3137,0.6863,20.0,0.0,0,0,0.96,0.4,0.9,-0.5,-0.3,3.4,-3.6999999999999997,,,,,,,,,,,,
633481,2021-07-01,2021,Washington Nationals,Los Angeles Dodgers,Patrick Corbin,Victor González,2,6,0,129,-139,120.0,-140.0,9.5,9.5,1.5,0.4288,0.5712,9.0,0.0,0,0,0.95,0.8,0.6,0.20000000000000007,1.7,0.9,0.7999999999999999,,,,,,,,,,,,
633405,2021-07-01,2021,Oakland Athletics,Texas Rangers,Sean Manaea,Dane Dunning,3,8,0,-180,165,-170.0,145.0,8.0,8.0,-1.5,0.6301,0.3699,-10.0,0.0,0,0,0.9,0.3,0.6,-0.3,0.1,1.0,-0.9,,,,,,,,,,,,
633456,2021-07-01,2021,Toronto Blue Jays,Seattle Mariners,Hyun Jin Ryu,Yusei Kikuchi,2,7,0,-185,170,-210.0,175.0,10.0,9.5,-1.5,0.6367,0.3633,25.0,0.5,1,0,1.04,0.8,0.7,0.10000000000000009,3.2,0.8,2.4000000000000004,,,,,,,,,,,,
633457,2021-07-01,2021,Boston Red Sox,Kansas City Royals,Nathan Eovaldi,Kris Bubic,15,1,1,-240,210,-250.0,200.0,10.0,10.5,-1.5,0.6863,0.3137,10.0,-0.5,0,0,1.14,0.7,0.2,0.49999999999999994,1.0,-2.5,3.5,,,,,,,,,,,,
633461,2021-07-01,2021,Oakland Athletics,Texas Rangers,Chris Bassitt,Kolby Allard,3,1,1,-180,165,-170.0,145.0,8.0,8.0,-1.5,0.6301,0.3699,-10.0,0.0,0,0,0.9,0.3,0.6,-0.3,0.1,1.0,-0.9,,,,,,,,,,,,
633479,2021-07-01,2021,Chicago White Sox,Minnesota Twins,Dylan Cease,Bailey Ober,13,3,1,-143,133,-140.0,120.0,8.5,8.0,-1.5,0.5783,0.4217,-3.0,0.5,0,0,0.95,0.3,0.6,-0.3,-1.7,0.6,-2.3,,,,,,,,,,,,
633529,2021-07-01,2021,Chicago White Sox,Minnesota Twins,Carlos Rodón,José Berríos,8,5,1,-143,133,-140.0,120.0,8.5,8.0,-1.5,0.5783,0.4217,-3.0,0.5,0,0,0.95,0.3,0.6,-0.3,-1.7,0.6,-2.3,,,,,,,,,,,,
633462,2021-07-02,2021,Cincinnati Reds,Chicago Cubs,Sonny Gray,Alec Mills,2,1,1,-146,136,-160.0,135.0,9.5,9.5,-1.5,0.5834,0.4166,14.0,0.0,1,0,1.18,0.4,0.3,0.10000000000000003,-0.2,-2.2,2.0,,,,,,,,,,,,
633468,2021-07-02,2021,Atlanta Braves,Miami Marlins,Drew Smyly,Pablo López,1,0,1,-108,-102,-165.0,140.0,9.0,9.0,-1.5,0.507,0.493,57.0,0.0,1,0,1.05,0.5,0.4,0.09999999999999998,1.5,0.1,1.4,,,,,,,,,,,,
633420,2021-07-02,2021,Detroit Tigers,Chicago White Sox,Casey Mize,Lance Lynn,2,8,0,134,-144,140.0,-165.0,8.5,8.0,1.5,0.42,0.58,-6.0,0.5,0,0,1.0,0.6,0.5,0.09999999999999998,0.0,0.1,-0.1,,,,,,,,,,,,
633464,2021-07-02,2021,Toronto Blue Jays,Tampa Bay Rays,Alek Manoah,Luis Patiño,11,1,1,-119,109,-115.0,-105.0,10.0,9.5,-1.5,0.5318,0.4682,-4.0,0.5,0,0,1.04,0.7,0.4,0.29999999999999993,2.4,-0.3,2.6999999999999997,,,,,,,,,,,,
633507,2021-07-02,2021,Pittsburgh Pirates,Milwaukee Brewers,JT Brubaker,Adrian Houser,2,7,0,106,-116,140.0,-165.0,7.5,8.5,1.5,0.4748,0.5252,-34.0,-1.0,0,1,0.96,0.4,0.9,-0.5,-0.7,3.8,-4.5,,,,,,,,,,,,
633404,2021-07-02,2021,Washington Nationals,Los Angeles Dodgers,Max Scherzer,Julio Urías,5,10,0,108,-118,-120.0,100.0,8.0,7.5,1.5,0.4704,0.5296,228.0,0.5,0,0,0.95,0.7,0.6,0.09999999999999998,0.9,0.7,0.20000000000000007,,,,,,,,,,,,
633448,2021-07-02,2021,Philadelphia Phillies,San Diego Padres,Zack Wheeler,Chris Paddack,4,3,1,-116,106,-125.0,105.0,8.5,8.0,-1.5,0.5252,0.4748,9.0,0.5,0,0,1.07,0.2,0.8,-0.6000000000000001,-1.7,0.8,-2.5,,,,,,,,,,,,
633460,2021-07-02,2021,Colorado Rockies,St. Louis Cardinals,Antonio Senzatela,Adam Wainwright,5,2,1,-101,-109,-105.0,-115.0,13.0,12.0,-1.5,0.4907,0.5093,4.0,1.0,0,0,1.38,0.4,0.4,0.0,0.2,-1.1,1.3,,,,,,,,,,,,
633401,2021-07-03,2021,Oakland Athletics,Boston Red Sox,Cole Irvin,Garrett Richards,7,6,1,-139,129,-120.0,100.0,9.5,9.0,-1.5,0.5712,0.4288,-19.0,0.5,0,0,0.9,0.4,0.8,-0.4,0.1,2.8,-2.6999999999999997,,,,,,,,,,,,
633430,2021-07-03,2021,Washington Nationals,Los Angeles Dodgers,Paolo Espino,Clayton Kershaw,3,5,0,207,-232,150.0,-180.0,8.5,8.5,1.5,0.3179,0.6821,57.0,0.0,0,0,0.95,0.6,0.7,-0.09999999999999998,0.1,1.6,-1.5,,,,,,,,,,,,
633416,2021-07-03,2021,Atlanta Braves,Miami Marlins,Kyle Muller,Sandy Alcantara,2,3,0,-118,108,-130.0,110.0,9.0,9.0,-1.5,0.5296,0.4704,12.0,0.0,1,0,1.05,0.6,0.4,0.19999999999999996,1.8,0.2,1.6,,,,,,,,,,,,
633442,2021-07-03,2021,Detroit Tigers,Chicago White Sox,Tarik Skubal,Dallas Keuchel,11,5,1,-104,-106,120.0,-140.0,9.0,9.0,1.5,0.4977,0.5023,-224.0,0.0,0,1,1.0,0.5,0.6,-0.09999999999999998,-0.8,1.3,-2.1,,,,,,,,,,,,
633439,2021-07-03,2021,Kansas City Royals,Minnesota Twins,Danny Duffy,,6,3,1,-116,106,-145.0,125.0,10.0,10.0,-1.5,0.5252,0.4748,29.0,0.0,1,0,1.01,0.1,0.4,-0.30000000000000004,-4.3,-1.1,-3.1999999999999997,,,,,,,,,,,,
633387,2021-07-03,2021,Pittsburgh Pirates,Milwaukee Brewers,Cody Ponce,Eric Lauer,2,11,0,140,-150,145.0,-170.0,9.5,9.0,1.5,0.4098,0.5902,-5.0,0.5,0,0,0.96,0.3,1.0,-0.7,-1.5,4.7,-6.2,,,,,,,,,,,,
633390,2021-07-03,2021,Philadelphia Phillies,San Diego Padres,Zach Eflin,Yu Darvish,4,2,1,143,-153,135.0,-160.0,8.0,8.0,1.5,0.4049,0.5951,8.0,0.0,0,0,1.07,0.3,0.7,-0.39999999999999997,-1.4,0.6,-2.0,,,,,,,,,,,,
633441,2021-07-03,2021,Cincinnati Reds,Chicago Cubs,Tyler Mahle,Adbert Alzolay,3,2,1,-125,115,-135.0,115.0,9.5,9.5,-1.5,0.5443,0.4557,10.0,0.0,0,0,1.18,0.5,0.2,0.3,0.0,-2.5,2.5,,,,,,,,,,,,
633440,2021-07-03,2021,New York Yankees,New York Mets,Jordan Montgomery,Taijuan Walker,3,8,0,-145,135,-190.0,160.0,8.5,8.0,-1.5,0.5817,0.4183,45.0,0.5,1,0,1.12,0.3,0.6,-0.3,-0.2,-1.5,1.3,,,,,,,,,,,,
633511,2021-07-03,2021,Seattle Mariners,Texas Rangers,Logan Gilbert,Kyle Gibson,5,4,1,-157,147,-135.0,115.0,9.0,8.5,-1.5,0.6014,0.3986,-22.0,0.5,0,0,0.89,0.7,0.7,0.0,0.9,1.6,-0.7000000000000001,,,,,,,,,,,,
633452,2021-07-03,2021,Oakland Athletics,Boston Red Sox,Frankie Montas,Eduardo Rodriguez,2,3,0,-139,129,-120.0,100.0,9.5,9.0,-1.5,0.5712,0.4288,-19.0,0.5,0,0,0.9,0.4,0.8,-0.4,0.1,2.8,-2.6999999999999997,,,,,,,,,,,,
633402,2021-07-03,2021,Los Angeles Angels,Baltimore Orioles,Griffin Canning,Keegan Akin,8,7,1,-200,180,-195.0,165.0,9.5,10.0,-1.5,0.6512,0.3488,-5.0,-0.5,0,0,0.94,0.4,0.4,0.0,-2.3,-2.7,0.40000000000000036,,,,,,,,,,,,
633433,2021-07-03,2021,Kansas City Royals,Minnesota Twins,Brady Singer,J.A. Happ,7,4,1,-116,106,-145.0,125.0,10.0,10.0,-1.5,0.5252,0.4748,29.0,0.0,1,0,1.01,0.1,0.4,-0.30000000000000004,-4.3,-1.1,-3.1999999999999997,,,,,,,,,,,,
633415,2021-07-03,2021,Colorado Rockies,St. Louis Cardinals,Chi Chi González,Johan Oviedo,3,9,0,-111,101,-115.0,-105.0,12.0,12.0,-1.5,0.5139,0.4861,4.0,0.0,0,0,1.38,0.5,0.4,0.09999999999999998,0.6,-1.3,1.9,,,,,,,,,,,,
633403,2021-07-03,2021,Toronto Blue Jays,Tampa Bay Rays,Ross Stripling,Shane McClanahan,6,3,1,-120,110,-115.0,-105.0,10.0,10.5,-1.5,0.5339,0.4661,-5.0,-0.5,0,0,1.04,0.7,0.4,0.29999999999999993,3.1,-0.9,4.0,,,,,,,,,,,,
633417,2021-07-04,2021,New York Yankees,New York Mets,Nestor Cortes,Corey Oswalt,4,2,1,-143,133,-150.0,130.0,7.0,7.0,-1.5,0.5783,0.4217,7.0,0.0,0,0,1.12,0.2,0.6,-0.39999999999999997,-0.8,-1.2,0.3999999999999999,,,,,,,,,,,,
633425,2021-07-04,2021,Seattle Mariners,Texas Rangers,Chris Flexen,Mike Foltynewicz,4,1,1,-138,128,-140.0,120.0,9.0,9.0,-1.5,0.5693,0.4307,2.0,0.0,0,0,0.89,0.7,0.6,0.09999999999999998,0.6,1.0,-0.4,,,,,,,,,,,,
633399,2021-07-04,2021,Oakland Athletics,Boston Red Sox,James Kaprielian,Nick Pivetta,0,1,0,-112,102,-110.0,-110.0,9.0,9.0,-1.5,0.5162,0.4838,-2.0,0.0,0,0,0.9,0.4,0.8,-0.4,-0.1,3.0,-3.1,,,,,,,,,,,,
633391,2021-07-04,2021,Los Angeles Angels,Baltimore Orioles,Patrick Sandoval,Thomas Eshelman,6,5,1,-240,210,-220.0,180.0,10.5,10.0,-1.5,0.6863,0.3137,-20.0,0.5,0,0,0.94,0.5,0.4,0.09999999999999998,-2.0,-2.0,0.0,,,,,,,,,,,,
633434,2021-07-04,2021,Colorado Rockies,St. Louis Cardinals,Germán Márquez,Carlos Martinez,3,2,1,-153,143,-145.0,125.0,11.0,11.0,-1.5,0.5951,0.4049,-8.0,0.0,0,0,1.38,0.5,0.5,0.0,0.1,-0.1,0.2,,,,,,,,,,,,
633431,2021-07-04,2021,Kansas City Royals,Minnesota Twins,Brad Keller,Kenta Maeda,2,6,0,125,-135,115.0,-135.0,10.0,10.0,1.5,0.4362,0.5638,10.0,0.0,0,0,1.01,0.2,0.3,-0.09999999999999998,-3.7,-1.6,-2.1,,,,,,,,,,,,
633423,2021-07-04,2021,Atlanta Braves,Miami Marlins,Charlie Morton,Zach Thompson,8,7,1,-170,160,-185.0,155.0,8.5,9.0,-1.5,0.6208,0.3792,15.0,-0.5,1,0,1.05,0.5,0.5,0.0,1.4,0.4,0.9999999999999999,,,,,,,,,,,,
633410,2021-07-04,2021,Detroit Tigers,Chicago White Sox,Matt Manning,Lucas Giolito,6,5,1,163,-175,150.0,-180.0,9.5,9.0,1.5,0.374,0.626,13.0,0.5,0,0,1.0,0.5,0.6,-0.09999999999999998,-0.8,1.0,-1.8,,,,,,,,,,,,
633408,2021-07-04,2021,Toronto Blue Jays,Tampa Bay Rays,Robbie Ray,Ryan Yarbrough,1,5,0,-168,158,-160.0,135.0,10.0,9.5,-1.5,0.6179,0.3821,-8.0,0.5,0,0,1.04,0.7,0.4,0.29999999999999993,3.3,-1.1,4.4,,,,,,,,,,,,
633422,2021-07-04,2021,Pittsburgh Pirates,Milwaukee Brewers,Tyler Anderson,Freddy Peralta,2,0,1,168,-183,165.0,-195.0,7.5,8.0,1.5,0.3659,0.6341,3.0,-0.5,0,0,0.96,0.3,1.0,-0.7,-2.3,5.1,-7.3999999999999995,,,,,,,,,,,,
633374,2021-07-04,2021,Philadelphia Phillies,San Diego Padres,Vince Velasquez,Blake Snell,1,11,0,120,-130,110.0,-130.0,9.0,9.0,1.5,0.4457,0.5543,10.0,0.0,0,0,1.07,0.4,0.6,-0.19999999999999996,-0.3,0.0,-0.3,,,,,,,,,,,,
633398,2021-07-04,2021,Washington Nationals,Los Angeles Dodgers,Joe Ross,Garrett Cleavinger,1,5,0,125,-135,130.0,-150.0,9.0,9.5,1.5,0.4362,0.5638,-5.0,-0.5,0,0,0.95,0.5,0.8,-0.30000000000000004,-0.2,1.9,-2.1,,,,,,,,,,,,
633379,2021-07-04,2021,Seattle Mariners,Texas Rangers,Marco Gonzales,Jordan Lyles,3,7,0,-138,128,-140.0,120.0,9.0,9.0,-1.5,0.5693,0.4307,2.0,0.0,0,0,0.89,0.7,0.6,0.09999999999999998,0.6,1.0,-0.4,,,,,,,,,,,,
633453,2021-07-04,2021,Los Angeles Angels,Baltimore Orioles,Alex Cobb,Jorge López,4,1,1,-240,210,-220.0,180.0,10.5,10.0,-1.5,0.6863,0.3137,-20.0,0.5,0,0,0.94,0.5,0.4,0.09999999999999998,-2.0,-2.0,0.0,,,,,,,,,,,,
633424,2021-07-04,2021,Colorado Rockies,St. Louis Cardinals,Kyle Freeland,Wade LeBlanc,3,2,1,-153,143,-145.0,125.0,11.0,11.0,-1.5,0.5951,0.4049,-8.0,0.0,0,0,1.38,0.5,0.5,0.0,0.1,-0.1,0.2,,,,,,,,,,,,
633428,2021-07-04,2021,Cincinnati Reds,Chicago Cubs,Wade Miley,Kyle Hendricks,3,2,1,-115,105,-125.0,105.0,9.5,9.5,-1.5,0.523,0.477,10.0,0.0,0,0,1.18,0.5,0.2,0.3,-0.2,-2.2,2.0,,,,,,,,,,,,
633412,2021-07-05,2021,New York Mets,Milwaukee Brewers,Tylor Megill,Brandon Woodruff,4,2,1,115,-125,150.0,-180.0,7.5,7.5,1.5,0.4557,0.5443,-35.0,0.0,0,1,0.97,0.6,0.9,-0.30000000000000004,-1.1,4.8,-5.9,,,,,,,,,,,,
633361,2021-07-05,2021,Miami Marlins,Los Angeles Dodgers,Trevor Rogers,Walker Buehler,5,4,1,112,-122,145.0,-170.0,6.5,7.0,1.5,0.4619,0.5381,-33.0,-0.5,0,1,0.88,0.5,0.9,-0.4,0.5,2.5,-2.0,,,,,,,,,,,,
633411,2021-07-05,2021,Pittsburgh Pirates,Atlanta Braves,Chase De Jong,Max Fried,11,1,1,175,-190,150.0,-180.0,9.0,8.5,1.5,0.3569,0.6431,25.0,0.5,0,0,0.96,0.3,0.6,-0.3,-2.7,1.9,-4.6,,,,,,,,,,,,
633487,2021-07-05,2021,Minnesota Twins,Chicago White Sox,Bailey Ober,Dylan Cease,8,5,1,115,-125,-105.0,-115.0,10.0,9.5,1.5,0.4557,0.5443,220.0,0.5,0,0,1.02,0.4,0.5,-0.09999999999999998,-0.9,0.8,-1.7000000000000002,,,,,,,,,,,,
633376,2021-07-06,2021,Miami Marlins,Los Angeles Dodgers,Pablo López,Tony Gonsolin,2,1,1,124,-134,105.0,-125.0,8.0,7.5,1.5,0.4381,0.5619,19.0,0.5,0,0,0.88,0.6,0.9,-0.30000000000000004,1.0,2.8,-1.7999999999999998,,,,,,,,,,,,
633384,2021-07-06,2021,Pittsburgh Pirates,Atlanta Braves,Chad Kuhl,Ian Anderson,2,1,1,169,-184,150.0,-180.0,9.0,8.5,1.5,0.3646,0.6354,19.0,0.5,0,0,0.96,0.4,0.6,-0.19999999999999996,-1.5,1.1,-2.6,,,,,,,,,,,,
633413,2021-07-06,2021,Baltimore Orioles,Toronto Blue Jays,Spenser Watkins,Steven Matz,7,5,1,170,-185,165.0,-195.0,11.0,11.0,1.5,0.3633,0.6367,5.0,0.0,0,0,1.08,0.4,0.6,-0.19999999999999996,-0.9,2.7,-3.6,,,,,,,,,,,,
633378,2021-07-06,2021,San Diego Padres,Washington Nationals,Joe Musgrove,Jon Lester,5,7,0,-162,152,-190.0,160.0,9.0,9.0,-1.5,0.6091,0.3909,28.0,0.0,1,0,0.9,0.6,0.4,0.19999999999999996,0.9,-0.7,1.6,,,,,,,,,,,,
633386,2021-07-06,2021,Chicago Cubs,Philadelphia Phillies,Zach Davies,Matt Moore,3,13,0,126,-136,110.0,-130.0,10.0,9.5,1.5,0.4343,0.5657,16.0,0.5,0,0,1.06,0.1,0.4,-0.30000000000000004,-2.9,-1.2,-1.7,,,,,,,,,,,,
633363,2021-07-06,2021,Kansas City Royals,Cincinnati Reds,Mike Minor,Vladimir Gutierrez,2,6,0,143,-153,140.0,-165.0,9.5,9.5,1.5,0.4049,0.5951,3.0,0.0,0,0,1.01,0.2,0.6,-0.39999999999999997,-3.4,0.1,-3.5,,,,,,,,,,,,
633400,2021-07-06,2021,Texas Rangers,Detroit Tigers,Kolby Allard,Wily Peralta,3,7,0,-167,157,-170.0,145.0,9.0,9.0,-1.5,0.6165,0.3835,3.0,0.0,0,0,1.1,0.7,0.5,0.19999999999999996,2.2,-1.1,3.3000000000000003,,,,,,,,,,,,
633389,2021-07-06,2021,Los Angeles Angels,Boston Red Sox,José Suarez,Martín Pérez,4,5,0,103,-113,-110.0,-110.0,8.5,9.5,1.5,0.4815,0.5185,213.0,-1.0,0,0,0.94,0.7,0.9,-0.20000000000000007,-0.5,3.2,-3.7,,,,,,,,,,,,
633349,2021-07-07,2021,Texas Rangers,Detroit Tigers,Kyle Gibson,Casey Mize,3,5,0,-142,132,-150.0,130.0,8.0,8.0,-1.5,0.5765,0.4235,8.0,0.0,0,0,1.1,0.6,0.6,0.0,1.6,0.2,1.4000000000000001,,,,,,,,,,,,
633335,2021-07-07,2021,Minnesota Twins,Chicago White Sox,Michael Pineda,Lance Lynn,1,6,0,-112,102,105.0,-125.0,8.5,8.5,-1.5,0.5162,0.4838,-217.0,0.0,0,0,1.02,0.4,0.5,-0.09999999999999998,-0.7,0.6,-1.2999999999999998,,,,,,,,,,,,
633383,2021-07-07,2021,Kansas City Royals,Cincinnati Reds,Brady Singer,Sonny Gray,2,5,0,116,-126,125.0,-145.0,9.5,9.5,1.5,0.4537,0.5463,-9.0,0.0,0,0,1.01,0.2,0.6,-0.39999999999999997,-3.3,0.3,-3.5999999999999996,,,,,,,,,,,,
633330,2021-07-07,2021,Pittsburgh Pirates,Atlanta Braves,Wil Crowe,Drew Smyly,3,14,0,141,-151,140.0,-165.0,9.5,9.0,1.5,0.4082,0.5918,1.0,0.5,0,0,0.96,0.4,0.5,-0.09999999999999998,-1.5,0.9,-2.4,,,,,,,,,,,,
633385,2021-07-07,2021,Los Angeles Angels,Boston Red Sox,Andrew Heaney,Eduardo Rodriguez,5,4,1,119,-129,-105.0,-115.0,9.5,9.0,1.5,0.4477,0.5523,224.0,0.5,0,0,0.94,0.7,0.9,-0.20000000000000007,-0.5,3.1,-3.6,,,,,,,,,,,,
633332,2021-07-07,2021,Baltimore Orioles,Toronto Blue Jays,Matt Harvey,Hyun Jin Ryu,2,10,0,169,-184,190.0,-235.0,11.0,10.5,1.5,0.3646,0.6354,-21.0,0.5,0,1,1.08,0.5,0.5,0.0,0.2,1.6,-1.4000000000000001,,,,,,,,,,,,
633342,2021-07-07,2021,New York Mets,Milwaukee Brewers,Robert Stock,Brett Anderson,0,5,0,-170,160,-180.0,150.0,4.5,4.5,-1.5,0.6208,0.3792,10.0,0.0,0,0,0.97,0.5,0.8,-0.30000000000000004,-1.4,3.9,-5.3,,,,,,,,,,,,
633382,2021-07-07,2021,Seattle Mariners,New York Yankees,Justus Sheffield,Jameson Taillon,1,12,0,-118,108,110.0,-130.0,8.5,8.5,-1.5,0.5296,0.4704,-228.0,0.0,0,0,0.89,0.7,0.2,0.49999999999999994,0.7,-1.3,2.0,,,,,,,,,,,,
633333,2021-07-07,2021,Miami Marlins,Los Angeles Dodgers,Ross Detwiler,Jake Reed,9,6,1,150,-160,145.0,-170.0,9.0,9.0,1.5,0.3939,0.6061,5.0,0.0,0,0,0.88,0.6,0.8,-0.20000000000000007,0.2,2.3,-2.0999999999999996,,,,,,,,,,,,
633381,2021-07-07,2021,Arizona Diamondbacks,Colorado Rockies,Merrill Kelly,Jon Gray,4,3,1,-104,-106,-120.0,100.0,9.5,9.5,1.5,0.4977,0.5023,16.0,0.0,1,0,0.92,0.2,0.6,-0.39999999999999997,-1.7,0.1,-1.8,,,,,,,,,,,,
633370,2021-07-07,2021,Los Angeles Angels,Boston Red Sox,Shohei Ohtani,Nathan Eovaldi,5,3,1,119,-129,-105.0,-115.0,9.5,9.0,1.5,0.4477,0.5523,224.0,0.5,0,0,0.94,0.7,0.9,-0.20000000000000007,-0.5,3.1,-3.6,,,,,,,,,,,,
633352,2021-07-07,2021,Minnesota Twins,Chicago White Sox,José Berríos,Carlos Rodón,1,4,0,-112,102,105.0,-125.0,8.5,8.5,-1.5,0.5162,0.4838,-217.0,0.0,0,0,1.02,0.4,0.5,-0.09999999999999998,-0.7,0.6,-1.2999999999999998,,,,,,,,,,,,
633406,2021-07-07,2021,Houston Astros,Oakland Athletics,Framber Valdez,Chris Bassitt,9,6,1,-154,144,-145.0,125.0,8.5,8.5,-1.5,0.5967,0.4033,-9.0,0.0,0,0,1.0,0.6,0.4,0.19999999999999996,-0.5,0.0,-0.5,,,,,,,,,,,,
633369,2021-07-07,2021,Kansas City Royals,Cincinnati Reds,Kris Bubic,Luis Castillo,7,6,1,116,-126,125.0,-145.0,9.5,9.5,1.5,0.4537,0.5463,-9.0,0.0,0,0,1.01,0.2,0.6,-0.39999999999999997,-3.3,0.3,-3.5999999999999996,,,,,,,,,,,,
633393,2021-07-07,2021,Chicago Cubs,Philadelphia Phillies,Jake Arrieta,Aaron Nola,10,15,0,128,-138,120.0,-140.0,7.5,7.5,1.5,0.4307,0.5693,8.0,0.0,0,0,1.06,0.0,0.5,-0.5,-4.3,-0.1,-4.2,,,,,,,,,,,,
633364,2021-07-07,2021,Texas Rangers,Detroit Tigers,Dane Dunning,José Ureña,10,5,1,-142,132,-150.0,130.0,8.0,8.0,-1.5,0.5765,0.4235,8.0,0.0,0,0,1.1,0.6,0.6,0.0,1.6,0.2,1.4000000000000001,,,,,,,,,,,,
633396,2021-07-07,2021,San Diego Padres,Washington Nationals,Ryan Weathers,Erick Fedde,7,4,1,-170,160,-180.0,150.0,8.0,8.5,-1.5,0.6208,0.3792,10.0,-0.5,0,0,0.9,0.5,0.4,0.09999999999999998,0.5,-0.9,1.4,,,,,,,,,,,,
633392,2021-07-08,2021,Arizona Diamondbacks,Colorado Rockies,Jake Faria,Chi Chi González,3,9,0,-115,105,-125.0,105.0,9.5,9.0,-1.5,0.523,0.477,10.0,0.5,0,0,0.92,0.3,0.6,-0.3,-1.0,0.1,-1.1,,,,,,,,,,,,
633354,2021-07-08,2021,Houston Astros,Oakland Athletics,Lance McCullers Jr.,Frankie Montas,1,2,0,-172,161,-165.0,140.0,9.0,9.0,-1.5,0.6227,0.3773,-7.0,0.0,0,0,1.0,0.6,0.3,0.3,-0.2,-0.7,0.49999999999999994,,,,,,,,,,,,
633334,2021-07-08,2021,Miami Marlins,Los Angeles Dodgers,Sandy Alcantara,Julio Urías,1,6,0,146,-156,140.0,-165.0,7.0,7.5,1.5,0.4002,0.5998,6.0,-0.5,0,0,0.88,0.6,0.7,-0.09999999999999998,0.4,1.9,-1.5,,,,,,,,,,,,
633371,2021-07-08,2021,Seattle Mariners,New York Yankees,Yusei Kikuchi,Nick Nelson,4,5,0,124,-134,120.0,-140.0,8.5,9.0,1.5,0.4381,0.5619,4.0,-0.5,0,0,0.89,0.6,0.3,0.3,-0.5,0.0,-0.5,,,,,,,,,,,,
633315,2021-07-08,2021,Seattle Mariners,New York Yankees,Logan Gilbert,Jordan Montgomery,4,0,1,124,-134,120.0,-140.0,8.5,9.0,1.5,0.4381,0.5619,4.0,-0.5,0,0,0.89,0.6,0.3,0.3,-0.5,0.0,-0.5,,,,,,,,,,,,
633355,2021-07-08,2021,Arizona Diamondbacks,Colorado Rockies,Humberto Castellanos,Antonio Senzatela,6,4,1,-115,105,-125.0,105.0,9.5,9.0,-1.5,0.523,0.477,10.0,0.5,0,0,0.92,0.3,0.6,-0.3,-1.0,0.1,-1.1,,,,,,,,,,,,
633368,2021-07-08,2021,Houston Astros,Oakland Athletics,Luis Garcia,Sean Manaea,4,3,1,-172,161,-165.0,140.0,9.0,9.0,-1.5,0.6227,0.3773,-7.0,0.0,0,0,1.0,0.6,0.3,0.3,-0.2,-0.7,0.49999999999999994,,,,,,,,,,,,
633375,2021-07-08,2021,Chicago Cubs,Philadelphia Phillies,Alec Mills,Zack Wheeler,8,3,1,-106,-104,-115.0,-105.0,7.5,8.0,-1.5,0.5023,0.4977,9.0,-0.5,0,0,1.06,0.0,0.6,-0.6,-4.7,0.5,-5.2,,,,,,,,,,,,
633362,2021-07-08,2021,San Diego Padres,Washington Nationals,Chris Paddack,Patrick Corbin,5,15,0,-148,138,-140.0,120.0,7.0,6.5,-1.5,0.5868,0.4132,-8.0,0.5,0,0,0.9,0.5,0.4,0.09999999999999998,0.2,-0.3,0.5,,,,,,,,,,,,
633336,2021-07-09,2021,Miami Marlins,Atlanta Braves,Zach Thompson,Charlie Morton,0,5,0,142,-152,125.0,-145.0,8.0,7.5,1.5,0.4066,0.5934,17.0,0.5,0,0,0.88,0.6,0.6,0.0,0.3,2.3,-1.9999999999999998,,,,,,,,,,,,
633357,2021-07-09,2021,Boston Red Sox,Philadelphia Phillies,Garrett Richards,Vince Velasquez,11,5,1,-128,118,-135.0,115.0,11.5,10.5,-1.5,0.5503,0.4497,7.0,1.0,0,0,1.14,0.7,0.6,0.09999999999999998,1.9,0.1,1.7999999999999998,,,,,,,,,,,,
633308,2021-07-09,2021,New York Mets,Pittsburgh Pirates,Taijuan Walker,JT Brubaker,13,4,1,-200,180,-195.0,165.0,7.5,7.5,-1.5,0.6512,0.3488,-5.0,0.0,0,0,0.97,0.4,0.4,0.0,-1.8,-2.9,1.0999999999999999,,,,,,,,,,,,
633338,2021-07-09,2021,Tampa Bay Rays,Toronto Blue Jays,Shane McClanahan,Alek Manoah,7,1,1,-122,112,-135.0,115.0,8.5,9.0,-1.5,0.5381,0.4619,13.0,-0.5,1,0,0.91,0.4,0.6,-0.19999999999999996,-0.3,1.7,-2.0,,,,,,,,,,,,
633365,2021-07-09,2021,Chicago Cubs,St. Louis Cardinals,Kyle Hendricks,Wade LeBlanc,10,5,1,-148,138,-180.0,150.0,7.5,8.0,-1.5,0.5868,0.4132,32.0,-0.5,1,0,1.06,0.1,0.6,-0.5,-3.8,1.1,-4.9,,,,,,,,,,,,
633351,2021-07-09,2021,Milwaukee Brewers,Cincinnati Reds,Adrian Houser,Tyler Mahle,5,3,1,-117,107,-110.0,-110.0,9.0,8.5,-1.5,0.5274,0.4726,-7.0,0.5,0,0,1.03,0.8,0.6,0.20000000000000007,3.9,0.3,3.6,,,,,,,,,,,,
633359,2021-07-09,2021,Minnesota Twins,Detroit Tigers,J.A. Happ,Tarik Skubal,5,3,1,-230,205,-190.0,160.0,9.5,9.5,-1.5,0.6801,0.3199,-40.0,0.0,0,0,1.02,0.3,0.7,-0.39999999999999997,-2.1,0.0,-2.1,,,,,,,,,,,,
633377,2021-07-09,2021,Baltimore Orioles,Chicago White Sox,Jorge López,Dallas Keuchel,1,12,0,122,-132,125.0,-145.0,10.0,10.5,1.5,0.4419,0.5581,-3.0,-0.5,0,0,1.08,0.4,0.6,-0.19999999999999996,0.1,1.8,-1.7,,,,,,,,,,,,
633316,2021-07-10,2021,Texas Rangers,Oakland Athletics,Mike Foltynewicz,James Kaprielian,4,8,0,116,-126,125.0,-145.0,9.0,9.0,1.5,0.4537,0.5463,-9.0,0.0,0,0,1.1,0.5,0.3,0.2,0.6,-0.9,1.5,,,,,,,,,,,,
633304,2021-07-10,2021,Houston Astros,New York Yankees,Zack Greinke,Gerrit Cole,0,1,0,-104,-106,-110.0,-110.0,8.0,8.5,1.5,0.4977,0.5023,6.0,-0.5,0,0,1.0,0.6,0.4,0.19999999999999996,-0.2,0.6,-0.8,,,,,,,,,,,,
633356,2021-07-10,2021,Chicago Cubs,St. Louis Cardinals,Zach Davies,Kwang Hyun Kim,0,6,0,-111,101,-120.0,100.0,8.0,7.0,-1.5,0.5139,0.4861,9.0,1.0,0,0,1.06,0.2,0.5,-0.3,-2.5,0.0,-2.5,,,,,,,,,,,,
633312,2021-07-10,2021,Miami Marlins,Atlanta Braves,Trevor Rogers,Max Fried,4,5,0,-110,100,100.0,-120.0,7.0,7.0,-1.5,0.5116,0.4884,-210.0,0.0,0,0,0.88,0.6,0.6,0.0,-0.1,2.4,-2.5,,,,,,,,,,,,
633344,2021-07-10,2021,Boston Red Sox,Philadelphia Phillies,Martín Pérez,Matt Moore,2,11,0,-155,145,-130.0,110.0,11.0,11.0,-1.5,0.5983,0.4017,-25.0,0.0,0,0,1.14,0.7,0.5,0.19999999999999996,2.4,0.0,2.4,,,,,,,,,,,,
633295,2021-07-10,2021,New York Mets,Pittsburgh Pirates,Marcus Stroman,Tyler Anderson,2,6,0,-185,170,-195.0,165.0,6.0,5.5,-1.5,0.6367,0.3633,10.0,0.5,0,0,0.97,0.4,0.4,0.0,-1.0,-3.4,2.4,,,,,,,,,,,,
633313,2021-07-10,2021,Milwaukee Brewers,Cincinnati Reds,Freddy Peralta,Vladimir Gutierrez,3,4,0,-205,185,-200.0,170.0,8.5,8.0,-1.5,0.657,0.343,-5.0,0.5,0,0,1.03,0.8,0.6,0.20000000000000007,3.1,0.5,2.6,,,,,,,,,,,,
633289,2021-07-10,2021,Minnesota Twins,Detroit Tigers,Bailey Ober,Kyle Funkhouser,9,4,1,-180,165,-170.0,145.0,9.5,9.5,-1.5,0.6301,0.3699,-10.0,0.0,0,0,1.02,0.3,0.6,-0.3,-1.9,-0.3,-1.5999999999999999,,,,,,,,,,,,
633350,2021-07-10,2021,Baltimore Orioles,Chicago White Sox,Thomas Eshelman,Lucas Giolito,3,8,0,180,-200,175.0,-210.0,10.5,10.0,1.5,0.3488,0.6512,5.0,0.5,0,0,1.08,0.4,0.7,-0.29999999999999993,-0.7,2.9,-3.5999999999999996,,,,,,,,,,,,
633341,2021-07-10,2021,Seattle Mariners,Los Angeles Angels,Marco Gonzales,Alex Cobb,7,3,1,-107,-103,-105.0,-115.0,8.0,8.5,-1.5,0.5046,0.4954,-2.0,-0.5,0,0,0.89,0.5,0.8,-0.30000000000000004,-0.9,0.6,-1.5,,,,,,,,,,,,
633367,2021-07-10,2021,San Diego Padres,Colorado Rockies,Reiss Knehr,Kyle Freeland,4,2,1,-208,188,-170.0,145.0,7.5,7.5,-1.5,0.6604,0.3396,-38.0,0.0,0,0,0.9,0.5,0.7,-0.19999999999999996,0.1,1.6,-1.5,,,,,,,,,,,,
633320,2021-07-10,2021,Los Angeles Dodgers,Arizona Diamondbacks,David Price,Taylor Widener,2,5,0,-296,256,-275.0,225.0,8.0,7.5,-1.5,0.7269,0.2731,-21.0,0.5,0,0,0.93,0.7,0.3,0.39999999999999997,1.8,-2.2,4.0,,,,,,,,,,,,
633407,2021-07-10,2021,Milwaukee Brewers,Cincinnati Reds,Eric Lauer,Wade Miley,0,2,0,-205,185,-200.0,170.0,8.5,8.0,-1.5,0.657,0.343,-5.0,0.5,0,0,1.03,0.8,0.6,0.20000000000000007,3.1,0.5,2.6,,,,,,,,,,,,
633348,2021-07-10,2021,Houston Astros,New York Yankees,Jake Odorizzi,Nestor Cortes,0,4,0,-104,-106,-110.0,-110.0,8.0,8.5,1.5,0.4977,0.5023,6.0,-0.5,0,0,1.0,0.6,0.4,0.19999999999999996,-0.2,0.6,-0.8,,,,,,,,,,,,
633366,2021-07-10,2021,Minnesota Twins,Detroit Tigers,Kenta Maeda,Matt Manning,4,2,1,-180,165,-170.0,145.0,9.5,9.5,-1.5,0.6301,0.3699,-10.0,0.0,0,0,1.02,0.3,0.6,-0.3,-1.9,-0.3,-1.5999999999999999,,,,,,,,,,,,
633345,2021-07-10,2021,Texas Rangers,Oakland Athletics,Jordan Lyles,Cole Irvin,3,2,1,116,-126,125.0,-145.0,9.0,9.0,1.5,0.4537,0.5463,-9.0,0.0,0,0,1.1,0.5,0.3,0.2,0.6,-0.9,1.5,,,,,,,,,,,,
633293,2021-07-10,2021,Tampa Bay Rays,Toronto Blue Jays,Ryan Yarbrough,Ross Stripling,5,2,1,-112,102,-120.0,100.0,9.0,8.0,-1.5,0.5162,0.4838,8.0,1.0,0,0,0.91,0.4,0.5,-0.09999999999999998,-0.7,0.8,-1.5,,,,,,,,,,,,
633318,2021-07-11,2021,Seattle Mariners,Los Angeles Angels,Héctor Santiago,José Suarez,1,7,0,-109,-101,-105.0,-115.0,9.0,9.0,1.5,0.5093,0.4907,-4.0,0.0,0,0,0.89,0.6,0.7,-0.09999999999999998,-0.3,0.0,-0.3,,,,,,,,,,,,
633314,2021-07-11,2021,San Diego Padres,Colorado Rockies,Ryan Weathers,Jon Gray,1,3,0,-186,171,-180.0,150.0,8.5,9.0,-1.5,0.638,0.362,-6.0,-0.5,0,0,0.9,0.5,0.6,-0.09999999999999998,0.2,1.2,-1.0,,,,,,,,,,,,
633302,2021-07-11,2021,Los Angeles Dodgers,Arizona Diamondbacks,Tony Gonsolin,Merrill Kelly,7,4,1,-300,260,-235.0,190.0,9.0,8.5,-1.5,0.7297,0.2703,-65.0,0.5,0,0,0.93,0.6,0.4,0.19999999999999996,1.4,-1.3,2.7,,,,,,,,,,,,
633297,2021-07-11,2021,Texas Rangers,Oakland Athletics,Kolby Allard,Chris Bassitt,1,4,0,125,-135,130.0,-150.0,8.0,8.5,1.5,0.4362,0.5638,-5.0,-0.5,0,0,1.1,0.4,0.4,0.0,-0.1,-0.4,0.30000000000000004,,,,,,,,,,,,
633340,2021-07-11,2021,Houston Astros,New York Yankees,Framber Valdez,Jameson Taillon,8,7,1,-130,120,-160.0,135.0,8.5,9.0,-1.5,0.5543,0.4457,30.0,-0.5,1,0,1.0,0.6,0.5,0.09999999999999998,0.5,0.7,-0.19999999999999996,,,,,,,,,,,,
633307,2021-07-11,2021,Minnesota Twins,Detroit Tigers,José Berríos,Wily Peralta,12,9,1,-220,200,-225.0,185.0,9.0,9.0,-1.5,0.6735,0.3265,5.0,0.0,0,0,1.02,0.5,0.5,0.0,-0.8,-0.2,-0.6000000000000001,,,,,,,,,,,,
633324,2021-07-11,2021,Miami Marlins,Atlanta Braves,Pablo López,Ian Anderson,7,4,1,-128,118,-105.0,-115.0,6.5,7.0,-1.5,0.5503,0.4497,-23.0,-0.5,0,0,0.88,0.5,0.7,-0.19999999999999996,-0.7,2.6,-3.3,,,,,,,,,,,,
633274,2021-07-11,2021,Milwaukee Brewers,Cincinnati Reds,Brandon Woodruff,Luis Castillo,1,3,0,-169,159,-145.0,125.0,7.5,7.0,-1.5,0.6194,0.3806,-24.0,0.5,0,0,1.03,0.6,0.8,-0.20000000000000007,1.9,1.1,0.7999999999999998,,,,,,,,,,,,
633270,2021-07-11,2021,Tampa Bay Rays,Toronto Blue Jays,Rich Hill,Robbie Ray,1,3,0,109,-119,-105.0,-115.0,8.5,8.5,1.5,0.4682,0.5318,214.0,0.0,0,0,0.91,0.5,0.4,0.09999999999999998,-0.2,-0.1,-0.1,,,,,,,,,,,,
633325,2021-07-11,2021,New York Mets,Pittsburgh Pirates,Aaron Loup,Chase De Jong,5,6,0,-220,200,-190.0,160.0,9.0,8.5,-1.5,0.6735,0.3265,-30.0,0.5,0,0,0.97,0.4,0.5,-0.09999999999999998,0.4,-2.2,2.6,,,,,,,,,,,,
633282,2021-07-11,2021,Baltimore Orioles,Chicago White Sox,Spenser Watkins,Dylan Cease,5,7,0,161,-172,145.0,-170.0,10.0,11.0,1.5,0.3773,0.6227,16.0,-1.0,0,0,1.08,0.3,0.7,-0.39999999999999997,-1.4,3.3,-4.699999999999999,,,,,,,,,,,,
633288,2021-07-11,2021,Seattle Mariners,Los Angeles Angels,Chris Flexen,Patrick Sandoval,2,0,1,-109,-101,-105.0,-115.0,9.0,9.0,1.5,0.5093,0.4907,-4.0,0.0,0,0,0.89,0.6,0.7,-0.09999999999999998,-0.3,0.0,-0.3,,,,,,,,,,,,
633301,2021-07-11,2021,San Diego Padres,Colorado Rockies,Joe Musgrove,Germán Márquez,0,3,0,-186,171,-180.0,150.0,8.5,9.0,-1.5,0.638,0.362,-6.0,-0.5,0,0,0.9,0.5,0.6,-0.09999999999999998,0.2,1.2,-1.0,,,,,,,,,,,,
633311,2021-07-11,2021,Los Angeles Dodgers,Arizona Diamondbacks,Walker Buehler,Caleb Smith,22,1,1,-300,260,-235.0,190.0,9.0,8.5,-1.5,0.7297,0.2703,-65.0,0.5,0,0,0.93,0.6,0.4,0.19999999999999996,1.4,-1.3,2.7,,,,,,,,,,,,
633327,2021-07-11,2021,Boston Red Sox,Philadelphia Phillies,Nick Pivetta,Brandon Kintzler,4,5,0,-200,180,-125.0,105.0,10.5,10.5,-1.5,0.6512,0.3488,-75.0,0.0,0,0,1.14,0.6,0.6,0.0,1.4,1.4,0.0,,,,,,,,,,,,
633265,2021-07-16,2021,Atlanta Braves,Tampa Bay Rays,Charlie Morton,Michael Wacha,6,7,0,-126,116,-135.0,115.0,8.5,9.0,-1.5,0.5463,0.4537,9.0,-0.5,0,0,1.05,0.6,0.5,0.09999999999999998,0.5,-0.3,0.8,,,,,,,,,,,,
633263,2021-07-16,2021,Cincinnati Reds,Milwaukee Brewers,Tyler Mahle,Adrian Houser,6,11,0,-127,117,-110.0,-110.0,9.0,8.0,-1.5,0.5483,0.4517,-17.0,1.0,0,0,1.18,0.8,0.5,0.30000000000000004,1.2,1.2,0.0,,,,,,,,,,,,
633266,2021-07-16,2021,Toronto Blue Jays,Texas Rangers,Robbie Ray,Jordan Lyles,10,2,1,-270,240,-235.0,190.0,9.5,10.0,-1.5,0.7127,0.2873,-35.0,-0.5,0,0,1.04,0.5,0.3,0.2,0.3,-0.9,1.2,,,,,,,,,,,,
633310,2021-07-16,2021,New York Yankees,Boston Red Sox,Jordan Montgomery,Eduardo Rodriguez,0,4,0,101,-111,-115.0,-105.0,9.5,10.0,1.5,0.4861,0.5139,216.0,-0.5,0,0,1.12,0.5,0.5,0.0,0.9,-0.5,1.4,,,,,,,,,,,,
633346,2021-07-16,2021,Pittsburgh Pirates,New York Mets,Chad Kuhl,Marcus Stroman,4,1,1,148,-158,140.0,-165.0,8.5,7.5,1.5,0.397,0.603,8.0,1.0,0,0,0.96,0.6,0.4,0.19999999999999996,-1.6,0.4,-2.0,,,,,,,,,,,,
633283,2021-07-16,2021,Philadelphia Phillies,Miami Marlins,Matt Moore,Sandy Alcantara,5,2,1,118,-128,105.0,-125.0,7.0,6.5,1.5,0.4497,0.5503,13.0,0.5,0,0,1.07,0.7,0.5,0.19999999999999996,1.5,-0.4,1.9,,,,,,,,,,,,
633305,2021-07-16,2021,Washington Nationals,San Diego Padres,Erick Fedde,Chris Paddack,8,24,0,138,-148,120.0,-140.0,9.5,9.5,1.5,0.4132,0.5868,18.0,0.0,0,0,0.95,0.2,0.4,-0.2,-1.3,-0.4,-0.9,,,,,,,,,,,,
633267,2021-07-17,2021,Washington Nationals,San Diego Padres,Patrick Corbin,Blake Snell,4,10,0,120,-130,105.0,-125.0,9.5,9.0,1.5,0.4457,0.5543,15.0,0.5,0,0,0.95,0.2,0.5,-0.3,-2.4,1.3,-3.7,,,,,,,,,,,,
633303,2021-07-17,2021,Atlanta Braves,Tampa Bay Rays,Max Fried,Josh Fleming,9,0,1,-115,105,-115.0,-105.0,8.5,8.5,-1.5,0.523,0.477,0.0,0.0,0,0,1.05,0.5,0.6,-0.09999999999999998,0.3,0.7,-0.39999999999999997,,,,,,,,,,,,
633298,2021-07-17,2021,New York Yankees,Boston Red Sox,Gerrit Cole,Nathan Eovaldi,3,1,1,-131,121,-160.0,135.0,8.0,8.0,-1.5,0.5562,0.4438,29.0,0.0,1,0,1.12,0.5,0.6,-0.09999999999999998,0.5,0.0,0.5,,,,,,,,,,,,
633262,2021-07-17,2021,Chicago White Sox,Houston Astros,Lucas Giolito,Jake Odorizzi,10,1,1,-109,-101,-115.0,-105.0,9.0,8.5,-1.5,0.5093,0.4907,6.0,0.5,0,0,0.95,0.7,0.6,0.09999999999999998,3.2,0.1,3.1,,,,,,,,,,,,
633253,2021-07-17,2021,Cincinnati Reds,Milwaukee Brewers,Luis Castillo,Brandon Woodruff,4,7,0,126,-136,-105.0,-115.0,8.0,7.5,1.5,0.4343,0.5657,231.0,0.5,0,0,1.18,0.7,0.5,0.19999999999999996,0.6,1.2,-0.6,,,,,,,,,,,,
633248,2021-07-17,2021,Kansas City Royals,Baltimore Orioles,Brady Singer,Jorge López,4,8,0,-155,145,-160.0,135.0,9.5,9.5,-1.5,0.5983,0.4017,5.0,0.0,0,0,1.01,0.4,0.2,0.2,-1.6,-2.6,1.0,,,,,,,,,,,,
633290,2021-07-17,2021,Pittsburgh Pirates,New York Mets,Wil Crowe,Tylor Megill,9,7,1,153,-163,150.0,-180.0,9.0,8.5,1.5,0.3894,0.6106,3.0,0.5,0,0,0.96,0.7,0.3,0.39999999999999997,-0.8,0.1,-0.9,,,,,,,,,,,,
633296,2021-07-17,2021,Arizona Diamondbacks,Chicago Cubs,Madison Bumgarner,Kyle Hendricks,1,5,0,111,-121,100.0,-120.0,9.0,9.0,1.5,0.464,0.536,11.0,0.0,0,0,0.92,0.4,0.2,0.2,-3.3,-2.2,-1.0999999999999996,,,,,,,,,,,,
633319,2021-07-17,2021,Arizona Diamondbacks,Chicago Cubs,Zac Gallen,Adbert Alzolay,2,4,0,111,-121,100.0,-120.0,9.0,9.0,1.5,0.464,0.536,11.0,0.0,0,0,0.92,0.4,0.2,0.2,-3.3,-2.2,-1.0999999999999996,,,,,,,,,,,,
633275,2021-07-17,2021,Detroit Tigers,Minnesota Twins,Tyler Alexander,Kenta Maeda,5,4,1,114,-124,105.0,-125.0,8.0,7.5,1.5,0.4577,0.5423,9.0,0.5,0,0,1.0,0.4,0.7,-0.29999999999999993,-0.4,0.8,-1.2000000000000002,,,,,,,,,,,,
633299,2021-07-17,2021,Philadelphia Phillies,Miami Marlins,Vince Velasquez,Zach Thompson,4,2,1,-121,111,-120.0,100.0,9.5,9.0,-1.5,0.536,0.464,-1.0,0.5,0,0,1.07,0.7,0.5,0.19999999999999996,1.7,-0.6,2.3,,,,,,,,,,,,
633323,2021-07-17,2021,Los Angeles Angels,Seattle Mariners,Andrew Heaney,Chris Flexen,5,6,0,-130,120,-125.0,105.0,8.5,9.0,-1.5,0.5543,0.4457,-5.0,-0.5,0,0,0.94,0.7,0.6,0.09999999999999998,0.7,-0.3,1.0,,,,,,,,,,,,
633321,2021-07-17,2021,Colorado Rockies,Los Angeles Dodgers,Chi Chi González,Julio Urías,4,10,0,210,-240,220.0,-270.0,11.5,11.5,1.5,0.3137,0.6863,-10.0,0.0,0,0,1.38,0.6,0.6,0.0,0.5,3.2,-2.7,,,,,,,,,,,,
633309,2021-07-17,2021,Chicago White Sox,Houston Astros,Dylan Cease,Lance McCullers Jr.,1,7,0,-109,-101,-115.0,-105.0,9.0,8.5,-1.5,0.5093,0.4907,6.0,0.5,0,0,0.95,0.7,0.6,0.09999999999999998,3.2,0.1,3.1,,,,,,,,,,,,
633328,2021-07-17,2021,Kansas City Royals,Baltimore Orioles,Danny Duffy,Keegan Akin,9,2,1,-155,145,-160.0,135.0,9.5,9.5,-1.5,0.5983,0.4017,5.0,0.0,0,0,1.01,0.4,0.2,0.2,-1.6,-2.6,1.0,,,,,,,,,,,,
633273,2021-07-18,2021,New York Yankees,Boston Red Sox,Jameson Taillon,Martín Pérez,9,1,1,-118,109,-109.0,-101.0,9.5,9.5,-1.5,0.5308,0.4692,-9.0,0.0,0,0,1.12,0.6,0.5,0.09999999999999998,1.2,-0.3,1.5,,,,,,,,,,,,
633251,2021-07-18,2021,Arizona Diamondbacks,Chicago Cubs,Merrill Kelly,Zach Davies,6,4,1,-102,-106,-105.0,-105.0,9.0,9.0,1.5,0.4953,0.5047,3.0,0.0,0,0,0.92,0.3,0.4,-0.10000000000000003,-3.4,-1.4,-2.0,,,,,,,,,,,,
633284,2021-07-18,2021,Los Angeles Angels,Seattle Mariners,Patrick Sandoval,Logan Gilbert,4,7,0,-134,124,-123.0,113.0,8.5,8.5,-1.5,0.5619,0.4381,-11.0,0.0,0,0,0.94,0.6,0.6,0.0,0.6,-0.7,1.2999999999999998,,,,,,,,,,,,
633255,2021-07-18,2021,Colorado Rockies,Los Angeles Dodgers,Jon Gray,David Price,6,5,1,140,-153,163.0,-177.0,11.5,11.5,1.5,0.4079,0.5921,-23.0,0.0,0,1,1.38,0.5,0.6,-0.09999999999999998,-0.4,3.3,-3.6999999999999997,,,,,,,,,,,,
633300,2021-07-18,2021,Washington Nationals,San Diego Padres,Max Scherzer,Joe Musgrove,8,7,1,-106,-102,-105.0,-105.0,8.0,8.0,1.5,0.5047,0.4953,-1.0,0.0,0,0,0.95,0.2,0.6,-0.39999999999999997,-2.8,2.1,-4.9,,,,,,,,,,,,
633287,2021-07-18,2021,Kansas City Royals,Baltimore Orioles,Carlos Hernández,Matt Harvey,0,5,0,-147,135,-130.0,120.0,10.0,10.0,-1.5,0.5831,0.4169,-17.0,0.0,0,0,1.01,0.3,0.2,0.09999999999999998,-1.9,-3.1,1.2000000000000002,,,,,,,,,,,,
633239,2021-07-18,2021,Philadelphia Phillies,Miami Marlins,Zack Wheeler,Braxton Garrett,7,4,1,-230,205,-225.0,185.0,8.0,8.0,-1.5,0.6801,0.3199,-5.0,0.0,0,0,1.07,0.7,0.4,0.29999999999999993,1.7,-0.9,2.6,,,,,,,,,,,,
633247,2021-07-18,2021,Chicago White Sox,Houston Astros,Carlos Rodón,Framber Valdez,4,0,1,-138,128,-105.0,-105.0,8.0,8.0,-1.5,0.5693,0.4307,-33.0,0.0,0,0,0.95,0.6,0.6,0.0,1.9,-0.2,2.1,,,,,,,,,,,,
633252,2021-07-18,2021,Cincinnati Reds,Milwaukee Brewers,Sonny Gray,Corbin Burnes,0,8,0,107,-116,115.0,-125.0,7.5,7.5,1.5,0.4736,0.5264,-8.0,0.0,0,0,1.18,0.6,0.5,0.09999999999999998,0.2,0.6,-0.39999999999999997,,,,,,,,,,,,
633280,2021-07-18,2021,Detroit Tigers,Minnesota Twins,Wily Peralta,J.A. Happ,7,0,1,117,-126,115.0,-125.0,10.5,10.0,1.5,0.4525,0.5475,2.0,0.5,0,0,1.0,0.4,0.7,-0.29999999999999993,-0.9,1.0,-1.9,,,,,,,,,,,,
633256,2021-07-18,2021,Toronto Blue Jays,Texas Rangers,Hyun Jin Ryu,Kolby Allard,5,0,1,-229,207,-235.0,212.0,7.5,7.5,-1.5,0.6812,0.3188,6.0,0.0,0,0,1.04,0.5,0.4,0.09999999999999998,0.6,-1.4,2.0,,,,,,,,,,,,
633235,2021-07-18,2021,Pittsburgh Pirates,New York Mets,JT Brubaker,Taijuan Walker,6,7,0,126,-137,134.0,-145.0,8.5,8.0,1.5,0.4336,0.5664,-8.0,0.5,0,0,0.96,0.8,0.2,0.6000000000000001,0.3,-0.6,0.8999999999999999,,,,,,,,,,,,
633286,2021-07-18,2021,Los Angeles Angels,Seattle Mariners,Alex Cobb,Yusei Kikuchi,9,4,1,-134,124,-123.0,113.0,8.5,8.5,-1.5,0.5619,0.4381,-11.0,0.0,0,0,0.94,0.6,0.6,0.0,0.6,-0.7,1.2999999999999998,,,,,,,,,,,,
633261,2021-07-18,2021,Colorado Rockies,Los Angeles Dodgers,Kyle Freeland,Walker Buehler,2,9,0,140,-153,163.0,-177.0,11.5,11.5,1.5,0.4079,0.5921,-23.0,0.0,0,1,1.38,0.5,0.6,-0.09999999999999998,-0.4,3.3,-3.6999999999999997,,,,,,,,,,,,
633237,2021-07-18,2021,Atlanta Braves,Tampa Bay Rays,Drew Smyly,Rich Hill,5,7,0,-109,101,-105.0,-105.0,9.0,9.0,-1.5,0.5118,0.4882,-4.0,0.0,0,0,1.05,0.5,0.6,-0.09999999999999998,1.1,0.8,0.30000000000000004,,,,,,,,,,,,
633329,2021-07-19,2021,Detroit Tigers,Texas Rangers,Casey Mize,Kyle Gibson,14,0,1,-102,-106,-110.0,100.0,9.0,9.0,1.5,0.4953,0.5047,8.0,0.0,0,0,1.0,0.4,0.3,0.10000000000000003,-0.3,-2.3,1.9999999999999998,,,,,,,,,,,,
633236,2021-07-19,2021,Tampa Bay Rays,Baltimore Orioles,Ryan Yarbrough,Spenser Watkins,1,6,0,-277,247,-215.0,196.0,9.0,9.0,-1.5,0.7183,0.2817,-62.0,0.0,0,0,0.91,0.7,0.3,0.39999999999999997,1.3,-2.5,3.8,,,,,,,,,,,,
633271,2021-07-19,2021,Cincinnati Reds,New York Mets,Vladimir Gutierrez,Jerad Eickhoff,11,15,0,-108,-101,-134.0,124.0,11.0,11.0,-1.5,0.5082,0.4918,26.0,0.0,1,0,1.18,0.5,0.3,0.2,-0.7,-0.3,-0.39999999999999997,,,,,,,,,,,,
633233,2021-07-19,2021,Washington Nationals,Miami Marlins,Jon Lester,Ross Detwiler,18,1,1,-132,122,-120.0,110.0,9.5,9.5,-1.5,0.5581,0.4419,-12.0,0.0,0,0,0.95,0.3,0.4,-0.10000000000000003,-2.3,-1.1,-1.1999999999999997,,,,,,,,,,,,
633278,2021-07-19,2021,Chicago White Sox,Minnesota Twins,Lance Lynn,Griffin Jax,2,3,0,-220,199,-195.0,179.0,7.0,7.0,-1.5,0.6727,0.3273,-25.0,0.0,0,0,0.95,0.7,0.6,0.09999999999999998,2.9,-0.1,3.0,,,,,,,,,,,,
633218,2021-07-19,2021,Toronto Blue Jays,Boston Red Sox,Ross Stripling,Nick Pivetta,4,13,0,-124,115,-125.0,115.0,10.5,10.5,-1.5,0.5434,0.4566,1.0,0.0,0,0,1.04,0.5,0.4,0.09999999999999998,0.8,-1.2,2.0,,,,,,,,,,,,
633234,2021-07-20,2021,Cincinnati Reds,New York Mets,Wade Miley,Robert Stock,4,3,1,-147,137,-160.0,135.0,10.5,10.5,-1.5,0.5851,0.4149,13.0,0.0,1,0,1.18,0.4,0.3,0.10000000000000003,-1.5,-0.1,-1.4,,,,,,,,,,,,
633240,2021-07-20,2021,Atlanta Braves,San Diego Padres,Touki Toussaint,Yu Darvish,2,1,1,156,-166,140.0,-165.0,9.0,9.0,1.5,0.385,0.615,16.0,0.0,0,0,1.05,0.4,0.6,-0.19999999999999996,0.9,1.2,-0.29999999999999993,,,,,,,,,,,,
633212,2021-07-20,2021,Detroit Tigers,Texas Rangers,Tarik Skubal,Dane Dunning,4,1,1,-115,105,-110.0,-110.0,9.0,9.0,-1.5,0.523,0.477,-5.0,0.0,0,0,1.0,0.4,0.3,0.10000000000000003,0.7,-3.4,4.1,,,,,,,,,,,,
633257,2021-07-20,2021,Tampa Bay Rays,Baltimore Orioles,Shane McClanahan,John Means,9,3,1,-200,180,-195.0,165.0,7.5,8.5,-1.5,0.6512,0.3488,-5.0,-1.0,0,0,0.91,0.6,0.4,0.19999999999999996,0.4,-1.7,2.1,,,,,,,,,,,,
633216,2021-07-20,2021,New York Yankees,Philadelphia Phillies,Domingo Germán,Aaron Nola,6,4,1,118,-128,100.0,-120.0,9.0,9.0,1.5,0.4497,0.5503,18.0,0.0,0,0,1.12,0.6,0.8,-0.20000000000000007,1.8,3.0,-1.2,,,,,,,,,,,,
633207,2021-07-20,2021,Oakland Athletics,Los Angeles Angels,James Kaprielian,José Suarez,6,0,1,-150,140,-145.0,125.0,8.5,9.0,-1.5,0.5902,0.4098,-5.0,-0.5,0,0,0.9,0.4,0.5,-0.09999999999999998,0.0,0.4,-0.4,,,,,,,,,,,,
633223,2021-07-20,2021,Milwaukee Brewers,Kansas City Royals,Brett Anderson,Mike Minor,2,5,0,-155,145,-170.0,145.0,9.5,9.0,-1.5,0.5983,0.4017,15.0,0.5,1,0,1.03,0.6,0.3,0.3,1.6,-2.0,3.6,,,,,,,,,,,,
633243,2021-07-20,2021,Arizona Diamondbacks,Pittsburgh Pirates,Caleb Smith,Chase De Jong,4,2,1,-103,-107,-115.0,-105.0,9.0,9.0,-1.5,0.4954,0.5046,12.0,0.0,1,0,0.92,0.4,0.7,-0.29999999999999993,-3.1,0.0,-3.1,,,,,,,,,,,,
633249,2021-07-20,2021,Oakland Athletics,Los Angeles Angels,Cole Irvin,Shohei Ohtani,4,1,1,-150,140,-145.0,125.0,8.5,9.0,-1.5,0.5902,0.4098,-5.0,-0.5,0,0,0.9,0.4,0.5,-0.09999999999999998,0.0,0.4,-0.4,,,,,,,,,,,,
633226,2021-07-20,2021,St. Louis Cardinals,Chicago Cubs,Jake Woodford,Alec Mills,8,3,1,-109,-101,-120.0,100.0,9.0,9.0,-1.5,0.5093,0.4907,11.0,0.0,1,0,0.98,0.6,0.4,0.19999999999999996,-0.2,-1.5,1.3,,,,,,,,,,,,
633242,2021-07-20,2021,Washington Nationals,Miami Marlins,Paolo Espino,Trevor Rogers,6,3,1,-105,-105,105.0,-125.0,9.0,9.0,1.5,0.5,0.5,-210.0,0.0,0,1,0.95,0.3,0.3,0.0,-0.8,-2.9,2.0999999999999996,,,,,,,,,,,,
633203,2021-07-21,2021,Detroit Tigers,Texas Rangers,Matt Manning,Jordan Lyles,4,2,1,-116,106,-125.0,105.0,9.5,9.5,-1.5,0.5252,0.4748,9.0,0.0,0,0,1.0,0.5,0.3,0.2,1.5,-3.3,4.8,,,,,,,,,,,,
633187,2021-07-21,2021,Toronto Blue Jays,Boston Red Sox,Robbie Ray,Garrett Richards,4,7,0,-200,180,-115.0,-104.0,10.5,10.5,-1.5,0.6512,0.3488,-85.0,0.0,0,0,1.04,0.5,0.5,0.0,0.5,-0.3,0.8,,,,,,,,,,,,
633213,2021-07-21,2021,New York Yankees,Philadelphia Phillies,Asher Wojciechowski,Spencer Howard,6,5,1,-102,-108,-110.0,-110.0,10.5,10.0,1.5,0.493,0.507,8.0,0.5,0,0,1.12,0.6,0.7,-0.09999999999999998,0.9,1.8,-0.9,,,,,,,,,,,,
633191,2021-07-21,2021,Washington Nationals,Miami Marlins,Erick Fedde,Nick Neidert,1,3,0,-154,144,-120.0,100.0,10.0,8.0,-1.5,0.5967,0.4033,-34.0,2.0,0,0,0.95,0.4,0.2,0.2,-0.2,-3.3,3.0999999999999996,,,,,,,,,,,,
633190,2021-07-21,2021,Colorado Rockies,Seattle Mariners,Austin Gomber,Keynan Middleton,6,3,1,-138,128,-140.0,120.0,11.0,11.5,-1.5,0.5693,0.4307,2.0,-0.5,0,0,1.38,0.5,0.5,0.0,-0.5,-1.3,0.8,,,,,,,,,,,,
633227,2021-07-21,2021,Milwaukee Brewers,Kansas City Royals,Eric Lauer,Brad Keller,3,6,0,-176,163,-170.0,145.0,9.0,9.5,-1.5,0.6265,0.3735,-6.0,-0.5,0,0,1.03,0.6,0.4,0.19999999999999996,1.5,-1.3,2.8,,,,,,,,,,,,
633260,2021-07-21,2021,Arizona Diamondbacks,Pittsburgh Pirates,Madison Bumgarner,Max Kranick,6,4,1,-128,118,-140.0,120.0,9.0,9.0,-1.5,0.5503,0.4497,12.0,0.0,1,0,0.92,0.5,0.6,-0.09999999999999998,-2.6,-1.2,-1.4000000000000001,,,,,,,,,,,,
633250,2021-07-21,2021,Atlanta Braves,San Diego Padres,Kyle Muller,Chris Paddack,2,3,0,108,-118,115.0,-135.0,7.5,7.5,1.5,0.4704,0.5296,-7.0,0.0,0,0,1.05,0.5,0.5,0.0,2.0,0.8,1.2,,,,,,,,,,,,
633225,2021-07-21,2021,Tampa Bay Rays,Baltimore Orioles,Michael Wacha,Alex Wells,5,4,1,-230,205,-235.0,190.0,8.5,8.5,-1.5,0.6801,0.3199,5.0,0.0,0,0,0.91,0.6,0.3,0.3,0.9,-2.5,3.4,,,,,,,,,,,,
633254,2021-07-21,2021,Arizona Diamondbacks,Pittsburgh Pirates,Taylor Widener,Tyler Anderson,11,6,1,-128,118,-140.0,120.0,9.0,9.0,-1.5,0.5503,0.4497,12.0,0.0,1,0,0.92,0.5,0.6,-0.09999999999999998,-2.6,-1.2,-1.4000000000000001,,,,,,,,,,,,
633245,2021-07-21,2021,Colorado Rockies,Seattle Mariners,Germán Márquez,Marco Gonzales,4,6,0,-138,128,-140.0,120.0,11.0,11.5,-1.5,0.5693,0.4307,2.0,-0.5,0,0,1.38,0.5,0.5,0.0,-0.5,-1.3,0.8,,,,,,,,,,,,
633230,2021-07-21,2021,St. Louis Cardinals,Chicago Cubs,Johan Oviedo,Trevor Williams,6,7,0,-131,121,-110.0,-110.0,8.0,8.0,-1.5,0.5562,0.4438,-21.0,0.0,0,0,0.98,0.7,0.4,0.29999999999999993,0.4,-1.0,1.4,,,,,,,,,,,,
633268,2021-07-21,2021,Chicago White Sox,Minnesota Twins,Dallas Keuchel,Bailey Ober,9,5,1,-154,144,-130.0,110.0,9.0,9.0,-1.5,0.5967,0.4033,-24.0,0.0,0,0,0.95,0.7,0.6,0.09999999999999998,2.9,-0.3,3.1999999999999997,,,,,,,,,,,,
633196,2021-07-21,2021,Cincinnati Reds,New York Mets,Jeff Hoffman,Marcus Stroman,0,7,0,123,-133,105.0,-125.0,10.0,10.0,1.5,0.44,0.56,18.0,0.0,0,0,1.18,0.4,0.3,0.10000000000000003,-1.7,-0.2,-1.5,,,,,,,,,,,,
633178,2021-07-22,2021,St. Louis Cardinals,Chicago Cubs,Kwang Hyun Kim,Adbert Alzolay,3,2,1,-132,122,-130.0,110.0,8.5,8.5,-1.5,0.5581,0.4419,-2.0,0.0,0,0,0.98,0.6,0.5,0.09999999999999998,0.1,-0.4,0.5,,,,,,,,,,,,
633193,2021-07-22,2021,Boston Red Sox,New York Yankees,Tanner Houck,Jordan Montgomery,5,4,1,-148,138,-125.0,105.0,9.5,10.0,-1.5,0.5868,0.4132,-23.0,-0.5,0,0,1.14,0.6,0.6,0.0,0.2,0.9,-0.7,,,,,,,,,,,,
633269,2021-07-22,2021,Miami Marlins,San Diego Padres,Anthony Bender,Blake Snell,2,3,0,141,-151,130.0,-150.0,8.5,8.0,1.5,0.4082,0.5918,11.0,0.5,0,0,0.88,0.2,0.6,-0.39999999999999997,-3.4,1.9,-5.3,,,,,,,,,,,,
633258,2021-07-22,2021,Detroit Tigers,Texas Rangers,Tyler Alexander,Mike Foltynewicz,7,5,1,-138,128,-120.0,100.0,9.5,9.5,-1.5,0.5693,0.4307,-18.0,0.0,0,0,1.0,0.5,0.3,0.2,1.5,-3.3,4.8,,,,,,,,,,,,
633241,2021-07-22,2021,St. Louis Cardinals,Chicago Cubs,Adam Wainwright,Kyle Hendricks,3,2,1,-132,122,-130.0,110.0,8.5,8.5,-1.5,0.5581,0.4419,-2.0,0.0,0,0,0.98,0.6,0.5,0.09999999999999998,0.1,-0.4,0.5,,,,,,,,,,,,
633276,2021-07-22,2021,Philadelphia Phillies,Atlanta Braves,Matt Moore,Charlie Morton,2,7,0,130,-140,115.0,-135.0,8.5,9.0,1.5,0.427,0.573,15.0,-0.5,0,0,1.07,0.6,0.5,0.09999999999999998,1.2,2.0,-0.8,,,,,,,,,,,,
633221,2021-07-23,2021,New York Mets,Toronto Blue Jays,Tylor Megill,Steven Matz,3,0,1,-107,-103,-125.0,105.0,9.0,9.0,-1.5,0.5046,0.4954,18.0,0.0,1,0,0.97,0.4,0.4,0.0,1.0,-0.6,1.6,,,,,,,,,,,,
633181,2021-07-23,2021,Boston Red Sox,New York Yankees,Eduardo Rodriguez,Gerrit Cole,6,2,1,-109,-101,-110.0,-110.0,8.5,8.5,-1.5,0.5093,0.4907,1.0,0.0,0,0,1.14,0.6,0.6,0.0,-0.3,1.2,-1.5,,,,,,,,,,,,
633164,2021-07-23,2021,Miami Marlins,San Diego Padres,Zach Thompson,Joe Musgrove,2,5,0,128,-138,140.0,-165.0,8.0,8.0,1.5,0.4307,0.5693,-12.0,0.0,0,1,0.88,0.2,0.6,-0.39999999999999997,-3.0,1.9,-4.9,,,,,,,,,,,,
633184,2021-07-23,2021,Cincinnati Reds,St. Louis Cardinals,Tyler Mahle,Wade LeBlanc,6,5,1,-156,146,-160.0,135.0,9.5,10.0,-1.5,0.5998,0.4002,4.0,-0.5,0,0,1.18,0.4,0.7,-0.29999999999999993,-2.3,0.5,-2.8,,,,,,,,,,,,
633220,2021-07-23,2021,Minnesota Twins,Los Angeles Angels,Kenta Maeda,Andrew Heaney,2,3,0,-105,-105,-110.0,-110.0,9.5,10.0,1.5,0.5,0.5,5.0,-0.5,0,0,1.02,0.7,0.4,0.29999999999999993,0.6,-0.5,1.1,,,,,,,,,,,,
633176,2021-07-23,2021,Baltimore Orioles,Washington Nationals,Jorge López,Patrick Corbin,6,1,1,117,-127,110.0,-130.0,10.5,10.0,1.5,0.4517,0.5483,7.0,0.5,0,0,1.08,0.3,0.3,0.0,-1.8,-1.4,-0.40000000000000013,,,,,,,,,,,,
633231,2021-07-23,2021,Seattle Mariners,Oakland Athletics,Chris Flexen,Sean Manaea,1,4,0,110,-120,-105.0,-115.0,7.5,7.5,1.5,0.4661,0.5339,215.0,0.0,0,0,0.89,0.6,0.6,0.0,0.1,1.3,-1.2,,,,,,,,,,,,
633214,2021-07-23,2021,Philadelphia Phillies,Atlanta Braves,Zack Wheeler,Max Fried,5,1,1,-152,142,-130.0,110.0,7.5,7.5,-1.5,0.5934,0.4066,-22.0,0.0,0,0,1.07,0.6,0.5,0.09999999999999998,1.2,1.4,-0.19999999999999996,,,,,,,,,,,,
633170,2021-07-23,2021,Chicago Cubs,Arizona Diamondbacks,Zach Davies,Zac Gallen,8,3,1,-125,115,-150.0,130.0,10.0,10.5,-1.5,0.5443,0.4557,25.0,-0.5,1,0,1.06,0.3,0.6,-0.3,-1.6,-1.4,-0.20000000000000018,,,,,,,,,,,,
633201,2021-07-24,2021,Kansas City Royals,Detroit Tigers,Carlos Hernández,Casey Mize,9,8,1,-136,126,-115.0,-105.0,10.0,10.0,-1.5,0.5657,0.4343,-21.0,0.0,0,0,1.01,0.5,0.6,-0.09999999999999998,-0.7,1.9,-2.5999999999999996,,,,,,,,,,,,
633167,2021-07-24,2021,Milwaukee Brewers,Chicago White Sox,Corbin Burnes,Carlos Rodón,6,1,1,-126,116,-120.0,100.0,7.0,7.5,-1.5,0.5463,0.4537,-6.0,-0.5,0,0,1.03,0.5,0.7,-0.19999999999999996,1.2,2.6,-1.4000000000000001,,,,,,,,,,,,
633209,2021-07-24,2021,Minnesota Twins,Los Angeles Angels,José Berríos,Patrick Sandoval,1,2,0,-126,116,-130.0,110.0,9.0,9.0,-1.5,0.5463,0.4537,4.0,0.0,0,0,1.02,0.6,0.4,0.19999999999999996,0.3,-0.5,0.8,,,,,,,,,,,,
633272,2021-07-24,2021,New York Mets,Toronto Blue Jays,Taijuan Walker,Hyun Jin Ryu,3,10,0,106,-116,100.0,-120.0,8.5,8.0,1.5,0.4748,0.5252,6.0,0.5,0,0,0.97,0.5,0.3,0.2,1.3,-0.9,2.2,,,,,,,,,,,,
633197,2021-07-24,2021,Houston Astros,Texas Rangers,Framber Valdez,Kyle Gibson,4,1,1,-210,190,-200.0,170.0,8.0,8.5,-1.5,0.6627,0.3373,-10.0,-0.5,0,0,1.0,0.5,0.2,0.3,-0.4,-4.0,3.6,,,,,,,,,,,,
633175,2021-07-24,2021,Cincinnati Reds,St. Louis Cardinals,Luis Castillo,Jake Woodford,5,3,1,-176,163,-190.0,160.0,9.5,9.5,-1.5,0.6265,0.3735,14.0,0.0,1,0,1.18,0.5,0.7,-0.19999999999999996,-2.0,0.9,-2.9,,,,,,,,,,,,
633195,2021-07-24,2021,Baltimore Orioles,Washington Nationals,Matt Harvey,Jon Lester,5,3,1,121,-131,160.0,-190.0,11.0,9.5,1.5,0.4438,0.5562,-39.0,1.5,0,1,1.08,0.4,0.3,0.10000000000000003,-1.3,-1.8,0.5,,,,,,,,,,,,
633202,2021-07-24,2021,Philadelphia Phillies,Atlanta Braves,Vince Velasquez,Drew Smyly,3,15,0,-122,112,-115.0,-105.0,10.5,9.5,-1.5,0.5381,0.4619,-7.0,1.0,0,0,1.07,0.7,0.4,0.29999999999999993,2.2,0.5,1.7000000000000002,,,,,,,,,,,,
633210,2021-07-24,2021,Miami Marlins,San Diego Padres,Braxton Garrett,Ryan Weathers,3,2,1,142,-152,120.0,-140.0,9.0,8.0,1.5,0.4066,0.5934,22.0,1.0,0,0,0.88,0.2,0.6,-0.39999999999999997,-2.8,2.0,-4.8,,,,,,,,,,,,
633186,2021-07-24,2021,Chicago Cubs,Arizona Diamondbacks,Alec Mills,Merrill Kelly,3,7,0,-168,158,-145.0,125.0,11.0,11.5,-1.5,0.6179,0.3821,-23.0,-0.5,0,0,1.06,0.4,0.5,-0.09999999999999998,-0.3,-2.1,1.8,,,,,,,,,,,,
633229,2021-07-24,2021,Seattle Mariners,Oakland Athletics,Yusei Kikuchi,Frankie Montas,4,3,1,103,-113,120.0,-140.0,7.5,7.5,1.5,0.4815,0.5185,-17.0,0.0,0,1,0.89,0.6,0.6,0.0,-0.1,1.5,-1.6,,,,,,,,,,,,
633173,2021-07-24,2021,Los Angeles Dodgers,Colorado Rockies,David Price,Chi Chi González,6,9,0,-201,181,-260.0,210.0,8.5,9.0,-1.5,0.6523,0.3477,59.0,-0.5,1,0,0.93,0.5,0.5,0.0,2.6,-0.4,3.0,,,,,,,,,,,,
633163,2021-07-24,2021,Milwaukee Brewers,Chicago White Sox,Freddy Peralta,Lucas Giolito,7,1,1,-126,116,-120.0,100.0,7.0,7.5,-1.5,0.5463,0.4537,-6.0,-0.5,0,0,1.03,0.5,0.7,-0.19999999999999996,1.2,2.6,-1.4000000000000001,,,,,,,,,,,,
633159,2021-07-24,2021,Minnesota Twins,Los Angeles Angels,J.A. Happ,Alex Cobb,5,4,1,-126,116,-130.0,110.0,9.0,9.0,-1.5,0.5463,0.4537,4.0,0.0,0,0,1.02,0.6,0.4,0.19999999999999996,0.3,-0.5,0.8,,,,,,,,,,,,
633208,2021-07-24,2021,Houston Astros,Texas Rangers,Jake Odorizzi,Kolby Allard,7,3,1,-210,190,-200.0,170.0,8.0,8.5,-1.5,0.6627,0.3373,-10.0,-0.5,0,0,1.0,0.5,0.2,0.3,-0.4,-4.0,3.6,,,,,,,,,,,,
633232,2021-07-24,2021,Kansas City Royals,Detroit Tigers,Kris Bubic,Wily Peralta,5,3,1,-136,126,-115.0,-105.0,10.0,10.0,-1.5,0.5657,0.4343,-21.0,0.0,0,0,1.01,0.5,0.6,-0.09999999999999998,-0.7,1.9,-2.5999999999999996,,,,,,,,,,,,
633154,2021-07-24,2021,Boston Red Sox,New York Yankees,Nathan Eovaldi,Jameson Taillon,3,4,0,-167,157,-160.0,135.0,9.0,9.0,-1.5,0.6165,0.3835,-7.0,0.0,0,0,1.14,0.7,0.5,0.19999999999999996,1.0,0.7,0.30000000000000004,,,,,,,,,,,,
633183,2021-07-25,2021,Kansas City Royals,Detroit Tigers,Daniel Lynch IV,Tarik Skubal,6,1,1,-106,-104,-110.0,-110.0,10.0,10.5,1.5,0.5023,0.4977,4.0,-0.5,0,0,1.01,0.6,0.6,0.0,-0.2,2.3,-2.5,,,,,,,,,,,,
633169,2021-07-25,2021,Seattle Mariners,Oakland Athletics,Marco Gonzales,Cole Irvin,4,3,1,121,-131,105.0,-125.0,9.0,8.5,1.5,0.4438,0.5562,16.0,0.5,0,0,0.89,0.6,0.6,0.0,-0.4,1.5,-1.9,,,,,,,,,,,,
633172,2021-07-25,2021,Los Angeles Dodgers,Colorado Rockies,Josiah Gray,Jon Gray,3,2,1,-167,157,-190.0,160.0,8.5,8.5,-1.5,0.6165,0.3835,23.0,0.0,1,0,0.93,0.5,0.5,0.0,2.6,-0.7,3.3,,,,,,,,,,,,
633204,2021-07-25,2021,Chicago Cubs,Arizona Diamondbacks,Trevor Williams,Caleb Smith,5,1,1,-180,165,-185.0,155.0,9.0,9.0,-1.5,0.6301,0.3699,5.0,0.0,0,0,1.06,0.4,0.5,-0.09999999999999998,-0.1,-2.0,1.9,,,,,,,,,,,,
633179,2021-07-25,2021,Minnesota Twins,Los Angeles Angels,Bailey Ober,Jaime Barria,2,6,0,-120,110,-115.0,-105.0,10.0,10.0,-1.5,0.5339,0.4661,-5.0,0.0,0,0,1.02,0.5,0.4,0.09999999999999998,-0.4,-0.3,-0.10000000000000003,,,,,,,,,,,,
633136,2021-07-25,2021,Houston Astros,Texas Rangers,Zack Greinke,Taylor Hearn,3,1,1,-260,230,-235.0,190.0,8.5,8.5,-1.5,0.7044,0.2956,-25.0,0.0,0,0,1.0,0.6,0.1,0.5,0.6,-4.4,5.0,,,,,,,,,,,,
633151,2021-07-25,2021,Milwaukee Brewers,Chicago White Sox,Brandon Woodruff,Lance Lynn,1,3,0,-154,144,-130.0,110.0,7.5,7.0,-1.5,0.5967,0.4033,-24.0,0.5,0,0,1.03,0.5,0.5,0.0,1.6,0.1,1.5,,,,,,,,,,,,
633135,2021-07-25,2021,Miami Marlins,San Diego Padres,John Curtiss,Yu Darvish,9,3,1,190,-210,150.0,-180.0,7.5,7.5,1.5,0.3373,0.6627,40.0,0.0,0,0,0.88,0.3,0.6,-0.3,-2.6,2.2,-4.800000000000001,,,,,,,,,,,,
633174,2021-07-25,2021,New York Mets,Toronto Blue Jays,Rich Hill,Ross Stripling,5,4,1,105,-115,-110.0,-110.0,9.5,9.0,1.5,0.477,0.523,215.0,0.5,0,0,0.97,0.4,0.4,0.0,-0.3,0.4,-0.7,,,,,,,,,,,,
633177,2021-07-25,2021,Cincinnati Reds,St. Louis Cardinals,Sonny Gray,Johan Oviedo,6,10,0,-160,150,-185.0,155.0,10.0,9.0,-1.5,0.6061,0.3939,25.0,1.0,1,0,1.18,0.5,0.6,-0.09999999999999998,-1.9,0.1,-2.0,,,,,,,,,,,,
633192,2021-07-25,2021,Philadelphia Phillies,Atlanta Braves,Aaron Nola,Touki Toussaint,2,1,1,-162,152,-170.0,145.0,9.5,9.0,-1.5,0.6091,0.3909,8.0,0.5,0,0,1.07,0.6,0.4,0.19999999999999996,0.2,1.6,-1.4000000000000001,,,,,,,,,,,,
633156,2021-07-25,2021,Baltimore Orioles,Washington Nationals,John Means,Paolo Espino,5,4,1,104,-114,-130.0,110.0,10.0,9.5,-1.5,0.4792,0.5208,234.0,0.5,0,0,1.08,0.5,0.3,0.2,0.0,-1.4,1.4,,,,,,,,,,,,
633140,2021-07-25,2021,Seattle Mariners,Oakland Athletics,Logan Gilbert,Chris Bassitt,5,4,1,121,-131,105.0,-125.0,9.0,8.5,1.5,0.4438,0.5562,16.0,0.5,0,0,0.89,0.6,0.6,0.0,-0.4,1.5,-1.9,,,,,,,,,,,,
633188,2021-07-25,2021,Los Angeles Dodgers,Colorado Rockies,Tony Gonsolin,Kyle Freeland,1,0,1,-167,157,-190.0,160.0,8.5,8.5,-1.5,0.6165,0.3835,23.0,0.0,1,0,0.93,0.5,0.5,0.0,2.6,-0.7,3.3,,,,,,,,,,,,
633198,2021-07-25,2021,Boston Red Sox,New York Yankees,Martín Pérez,Domingo Germán,5,4,1,-137,127,-130.0,110.0,10.5,10.5,-1.5,0.5675,0.4325,-7.0,0.0,0,0,1.14,0.7,0.5,0.19999999999999996,1.0,0.4,0.6,,,,,,,,,,,,
633145,2021-07-26,2021,New York Mets,Atlanta Braves,Marcus Stroman,Kyle Muller,0,2,0,-145,135,-160.0,135.0,6.5,7.0,-1.5,0.5817,0.4183,15.0,-0.5,1,0,0.97,0.5,0.4,0.09999999999999998,0.2,1.8,-1.6,,,,,,,,,,,,
633168,2021-07-26,2021,Philadelphia Phillies,Washington Nationals,Spencer Howard,Joe Ross,6,5,1,-124,114,-120.0,100.0,9.5,10.0,-1.5,0.5423,0.4577,-4.0,-0.5,0,0,1.07,0.6,0.3,0.3,-0.6,-1.3,0.7000000000000001,,,,,,,,,,,,
633219,2021-07-26,2021,Boston Red Sox,Toronto Blue Jays,Nick Pivetta,Thomas Hatch,5,4,1,-132,122,-125.0,105.0,11.5,11.0,-1.5,0.5581,0.4419,-7.0,0.5,0,0,1.14,0.7,0.4,0.29999999999999993,1.1,0.6,0.5000000000000001,,,,,,,,,,,,
633143,2021-07-27,2021,Tampa Bay Rays,New York Yankees,Shane McClanahan,Jordan Montgomery,3,4,0,-136,126,-165.0,140.0,7.5,8.5,-1.5,0.5657,0.4343,29.0,-1.0,1,0,0.91,0.7,0.5,0.19999999999999996,0.7,0.4,0.29999999999999993,,,,,,,,,,,,
633147,2021-07-27,2021,New York Mets,Atlanta Braves,Jerad Eickhoff,Charlie Morton,5,12,0,130,-140,125.0,-145.0,9.0,8.0,1.5,0.427,0.573,5.0,1.0,0,0,0.97,0.5,0.5,0.0,0.1,2.1,-2.0,,,,,,,,,,,,
633161,2021-07-27,2021,Pittsburgh Pirates,Milwaukee Brewers,Luis Oviedo,Brett Anderson,0,9,0,137,-140,120.0,-140.0,9.0,9.0,1.5,0.4197,0.5803,17.0,0.0,0,0,0.96,0.5,0.5,0.0,0.1,1.5,-1.4,,,,,,,,,,,,
633153,2021-07-27,2021,Baltimore Orioles,Miami Marlins,Spenser Watkins,Sandy Alcantara,3,7,0,117,-127,110.0,-130.0,9.0,9.5,1.5,0.4517,0.5483,7.0,-0.5,0,0,1.08,0.6,0.3,0.3,0.6,-2.3,2.9,,,,,,,,,,,,
633152,2021-07-27,2021,Philadelphia Phillies,Washington Nationals,Matt Moore,Erick Fedde,4,6,0,-122,112,-120.0,100.0,10.5,9.5,-1.5,0.5381,0.4619,-2.0,1.0,0,0,1.07,0.6,0.3,0.3,-0.6,-1.2,0.6,,,,,,,,,,,,
633157,2021-07-27,2021,Los Angeles Angels,Colorado Rockies,Shohei Ohtani,Germán Márquez,6,2,1,-134,124,-135.0,115.0,9.0,9.5,-1.5,0.5619,0.4381,1.0,-0.5,0,0,0.94,0.4,0.5,-0.09999999999999998,-0.5,-0.5,0.0,,,,,,,,,,,,
633121,2021-07-27,2021,Kansas City Royals,Chicago White Sox,Mike Minor,Dallas Keuchel,4,3,1,135,-145,120.0,-140.0,9.5,10.0,1.5,0.4183,0.5817,15.0,-0.5,0,0,1.01,0.7,0.5,0.19999999999999996,0.4,-0.2,0.6000000000000001,,,,,,,,,,,,
633133,2021-07-27,2021,Minnesota Twins,Detroit Tigers,Michael Pineda,Matt Manning,6,5,1,-185,170,-235.0,190.0,9.0,9.5,-1.5,0.6367,0.3633,50.0,-0.5,1,0,1.02,0.4,0.6,-0.19999999999999996,-1.1,2.1,-3.2,,,,,,,,,,,,
633182,2021-07-27,2021,Chicago Cubs,Cincinnati Reds,Kyle Hendricks,Wade Miley,6,5,1,-160,150,-160.0,135.0,10.5,9.5,-1.5,0.6061,0.3939,0.0,1.0,0,0,1.06,0.5,0.4,0.09999999999999998,0.3,-2.5,2.8,,,,,,,,,,,,
633206,2021-07-27,2021,Seattle Mariners,Houston Astros,Darren McCaughan,Luis Garcia,11,8,1,148,-158,110.0,-130.0,8.0,8.5,1.5,0.397,0.603,38.0,-0.5,0,0,0.89,0.7,0.7,0.0,0.0,0.9,-0.9,,,,,,,,,,,,
633146,2021-07-28,2021,Seattle Mariners,Houston Astros,Yusei Kikuchi,Jake Odorizzi,4,11,0,100,-110,115.0,-135.0,8.5,8.5,1.5,0.4884,0.5116,-15.0,0.0,0,1,0.89,0.7,0.6,0.09999999999999998,0.1,0.5,-0.4,,,,,,,,,,,,
633122,2021-07-28,2021,Tampa Bay Rays,New York Yankees,Michael Wacha,Nestor Cortes,1,3,0,-134,124,-145.0,125.0,8.5,8.5,-1.5,0.5619,0.4381,11.0,0.0,1,0,0.91,0.6,0.6,0.0,0.5,0.5,0.0,,,,,,,,,,,,
633148,2021-07-28,2021,New York Mets,Atlanta Braves,Tylor Megill,Max Fried,2,1,1,-119,109,-130.0,110.0,7.5,8.0,-1.5,0.5318,0.4682,11.0,-0.5,1,0,0.97,0.5,0.5,0.0,-0.3,1.9,-2.1999999999999997,,,,,,,,,,,,
633113,2021-07-28,2021,Pittsburgh Pirates,Milwaukee Brewers,Max Kranick,Adrian Houser,3,7,0,134,-144,135.0,-160.0,9.0,9.0,1.5,0.42,0.58,-1.0,0.0,0,0,0.96,0.4,0.6,-0.19999999999999996,-0.9,2.6,-3.5,,,,,,,,,,,,
633098,2021-07-28,2021,Baltimore Orioles,Miami Marlins,Jorge López,Jordan Holloway,8,7,1,-129,119,-120.0,100.0,10.0,9.5,-1.5,0.5523,0.4477,-9.0,0.5,0,0,1.08,0.6,0.4,0.19999999999999996,0.4,-1.6,2.0,,,,,,,,,,,,
633096,2021-07-28,2021,San Diego Padres,Oakland Athletics,Blake Snell,Sean Manaea,4,10,0,-127,117,-150.0,130.0,8.0,8.5,-1.5,0.5483,0.4517,23.0,-0.5,1,0,0.9,0.6,0.5,0.09999999999999998,1.8,1.0,0.8,,,,,,,,,,,,
633110,2021-07-28,2021,Boston Red Sox,Toronto Blue Jays,Tanner Houck,Steven Matz,4,1,1,140,-150,120.0,-140.0,8.5,8.5,1.5,0.4098,0.5902,20.0,0.0,0,0,1.14,0.7,0.3,0.39999999999999997,1.0,-0.5,1.5,,,,,,,,,,,,
633158,2021-07-28,2021,Seattle Mariners,Houston Astros,Chris Flexen,Lance McCullers Jr.,6,8,0,100,-110,115.0,-135.0,8.5,8.5,1.5,0.4884,0.5116,-15.0,0.0,0,1,0.89,0.7,0.6,0.09999999999999998,0.1,0.5,-0.4,,,,,,,,,,,,
633138,2021-07-28,2021,Minnesota Twins,Detroit Tigers,J.A. Happ,Wily Peralta,14,17,0,-138,128,-150.0,130.0,10.0,10.5,-1.5,0.5693,0.4307,12.0,-0.5,1,0,1.02,0.4,0.6,-0.19999999999999996,-1.0,2.0,-3.0,,,,,,,,,,,,
633155,2021-07-28,2021,San Diego Padres,Oakland Athletics,Chris Paddack,James Kaprielian,7,4,1,-127,117,-150.0,130.0,8.0,8.5,-1.5,0.5483,0.4517,23.0,-0.5,1,0,0.9,0.6,0.5,0.09999999999999998,1.8,1.0,0.8,,,,,,,,,,,,
633139,2021-07-28,2021,Los Angeles Angels,Colorado Rockies,José Suarez,Austin Gomber,3,12,0,-213,193,-210.0,175.0,9.0,9.0,-1.5,0.666,0.334,-3.0,0.0,0,0,0.94,0.5,0.4,0.09999999999999998,0.1,-1.1,1.2000000000000002,,,,,,,,,,,,
633166,2021-07-28,2021,Kansas City Royals,Chicago White Sox,Brad Keller,Dylan Cease,3,5,0,160,-170,155.0,-185.0,10.0,9.5,1.5,0.3792,0.6208,5.0,0.5,0,0,1.01,0.8,0.4,0.4,1.3,-0.5,1.8,,,,,,,,,,,,
633137,2021-07-28,2021,Minnesota Twins,Detroit Tigers,Kenta Maeda,Tyler Alexander,5,6,0,-138,128,-150.0,130.0,10.0,10.5,-1.5,0.5693,0.4307,12.0,-0.5,1,0,1.02,0.4,0.6,-0.19999999999999996,-1.0,2.0,-3.0,,,,,,,,,,,,
633150,2021-07-28,2021,Texas Rangers,Arizona Diamondbacks,Dane Dunning,Taylor Widener,5,4,1,-117,107,-115.0,-105.0,9.0,9.0,-1.5,0.5274,0.4726,-2.0,0.0,0,0,1.1,0.1,0.5,-0.4,-4.3,-2.1,-2.1999999999999997,,,,,,,,,,,,
633160,2021-07-28,2021,Chicago Cubs,Cincinnati Reds,Adbert Alzolay,Vladimir Gutierrez,4,7,0,100,-110,-105.0,-115.0,10.0,9.5,1.5,0.4884,0.5116,205.0,0.5,0,0,1.06,0.5,0.3,0.2,0.2,-2.8,3.0,,,,,,,,,,,,
633126,2021-07-29,2021,Boston Red Sox,Toronto Blue Jays,Eduardo Rodriguez,Hyun Jin Ryu,1,13,0,-117,107,-115.0,-105.0,10.5,10.0,-1.5,0.5274,0.4726,-2.0,0.5,0,0,1.14,0.8,0.3,0.5,2.1,-0.8,2.9000000000000004,,,,,,,,,,,,
633115,2021-07-29,2021,Detroit Tigers,Baltimore Orioles,Casey Mize,Alex Wells,6,2,1,-150,140,-160.0,135.0,10.0,9.5,-1.5,0.5902,0.4098,10.0,0.5,0,0,1.0,0.6,0.7,-0.09999999999999998,1.6,1.2,0.40000000000000013,,,,,,,,,,,,
633093,2021-07-29,2021,Pittsburgh Pirates,Milwaukee Brewers,Chad Kuhl,Freddy Peralta,0,12,0,175,-190,160.0,-190.0,8.0,8.0,1.5,0.3569,0.6431,15.0,0.0,0,0,0.96,0.3,0.7,-0.39999999999999997,-1.6,3.2,-4.800000000000001,,,,,,,,,,,,
633124,2021-07-29,2021,Chicago Cubs,Cincinnati Reds,Alec Mills,Luis Castillo,4,7,0,120,-130,100.0,-120.0,7.0,7.0,1.5,0.4457,0.5543,20.0,0.0,0,0,1.06,0.4,0.4,0.0,-0.5,-2.0,1.5,,,,,,,,,,,,
633141,2021-07-29,2021,Kansas City Royals,Chicago White Sox,Carlos Hernández,Carlos Rodón,5,0,1,160,-170,155.0,-185.0,9.0,9.5,1.5,0.3792,0.6208,5.0,-0.5,0,0,1.01,0.7,0.5,0.19999999999999996,1.1,0.3,0.8,,,,,,,,,,,,
633083,2021-07-29,2021,New York Mets,Atlanta Braves,Taijuan Walker,Drew Smyly,3,6,0,-128,118,-140.0,120.0,8.5,8.5,-1.5,0.5503,0.4497,12.0,0.0,1,0,0.97,0.6,0.5,0.09999999999999998,0.0,2.0,-2.0,,,,,,,,,,,,
633081,2021-07-29,2021,Philadelphia Phillies,Washington Nationals,Zack Wheeler,Max Scherzer,1,3,0,-152,142,-150.0,130.0,5.0,5.5,-1.5,0.5934,0.4066,-2.0,-0.5,0,0,1.07,0.4,0.5,-0.09999999999999998,-1.3,1.2,-2.5,,,,,,,,,,,,
633114,2021-07-29,2021,Kansas City Royals,Chicago White Sox,Kris Bubic,Lucas Giolito,3,2,1,160,-170,155.0,-185.0,9.0,9.5,1.5,0.3792,0.6208,5.0,-0.5,0,0,1.01,0.7,0.5,0.19999999999999996,1.1,0.3,0.8,,,,,,,,,,,,
633103,2021-07-29,2021,Chicago Cubs,Cincinnati Reds,Zach Davies,Tyler Mahle,2,8,0,120,-130,100.0,-120.0,7.0,7.0,1.5,0.4457,0.5543,20.0,0.0,0,0,1.06,0.4,0.4,0.0,-0.5,-2.0,1.5,,,,,,,,,,,,
633104,2021-07-29,2021,Tampa Bay Rays,New York Yankees,Luis Patiño,Gerrit Cole,14,0,1,112,-122,125.0,-145.0,7.5,8.0,1.5,0.4619,0.5381,-13.0,-0.5,0,1,0.91,0.6,0.7,-0.09999999999999998,1.2,1.1,0.09999999999999987,,,,,,,,,,,,
633100,2021-07-30,2021,New York Mets,Cincinnati Reds,Carlos Carrasco,Sonny Gray,2,6,0,-135,125,-115.0,-105.0,8.0,8.5,-1.5,0.5638,0.4362,-20.0,-0.5,0,0,0.97,0.5,0.6,-0.09999999999999998,-0.4,0.0,-0.4,,,,,,,,,,,,
633131,2021-07-30,2021,Atlanta Braves,Milwaukee Brewers,Touki Toussaint,Corbin Burnes,5,9,0,130,-140,115.0,-135.0,8.5,8.5,1.5,0.427,0.573,15.0,0.0,0,0,1.05,0.6,0.7,-0.09999999999999998,2.3,3.9,-1.6,,,,,,,,,,,,
633073,2021-07-30,2021,Miami Marlins,New York Yankees,Zach Thompson,Jameson Taillon,1,3,0,150,-160,135.0,-160.0,7.5,8.0,1.5,0.3939,0.6061,15.0,-0.5,0,0,0.88,0.4,0.6,-0.19999999999999996,-1.5,-0.5,-1.0,,,,,,,,,,,,
633165,2021-07-30,2021,Tampa Bay Rays,Boston Red Sox,Josh Fleming,Martín Pérez,7,3,1,-139,129,-140.0,120.0,9.0,8.5,-1.5,0.5712,0.4288,1.0,0.5,0,0,0.91,0.6,0.7,-0.09999999999999998,2.4,0.0,2.4,,,,,,,,,,,,
633107,2021-07-30,2021,Detroit Tigers,Baltimore Orioles,Tarik Skubal,Matt Harvey,3,4,0,-148,138,-140.0,120.0,9.0,10.0,-1.5,0.5868,0.4132,-8.0,-1.0,0,0,1.0,0.6,0.6,0.0,0.6,0.4,0.19999999999999996,,,,,,,,,,,,
633111,2021-07-30,2021,Los Angeles Angels,Oakland Athletics,Dylan Bundy,Frankie Montas,0,4,0,105,-115,110.0,-130.0,8.5,8.5,1.5,0.477,0.523,-5.0,0.0,0,0,0.94,0.6,0.4,0.19999999999999996,-0.3,0.9,-1.2,,,,,,,,,,,,
633108,2021-07-30,2021,Pittsburgh Pirates,Philadelphia Phillies,Wil Crowe,Vince Velasquez,7,0,1,120,-130,115.0,-135.0,9.0,9.0,1.5,0.4457,0.5543,5.0,0.0,0,0,0.96,0.2,0.3,-0.09999999999999998,-3.0,-1.8,-1.2,,,,,,,,,,,,
633094,2021-07-30,2021,Washington Nationals,Chicago Cubs,Paolo Espino,Jake Arrieta,4,3,1,-131,121,105.0,-125.0,9.0,9.0,-1.5,0.5562,0.4438,-236.0,0.0,0,0,0.95,0.5,0.4,0.09999999999999998,1.3,-0.7,2.0,,,,,,,,,,,,
633065,2021-07-30,2021,San Diego Padres,Colorado Rockies,Joe Musgrove,Kyle Freeland,3,0,1,-190,175,-190.0,160.0,8.5,8.5,-1.5,0.6431,0.3569,0.0,0.0,0,0,0.9,0.5,0.4,0.09999999999999998,-0.7,0.0,-0.7,,,,,,,,,,,,
633091,2021-07-30,2021,Toronto Blue Jays,Kansas City Royals,Ross Stripling,Daniel Lynch IV,6,4,1,-230,205,-200.0,170.0,10.0,10.5,-1.5,0.6801,0.3199,-30.0,-0.5,0,0,1.04,0.3,0.8,-0.5,-0.1,1.4,-1.5,,,,,,,,,,,,
633092,2021-07-31,2021,Miami Marlins,New York Yankees,Trevor Rogers,Domingo Germán,2,4,0,122,-132,170.0,-200.0,7.5,8.0,1.5,0.4419,0.5581,-48.0,-0.5,0,1,0.88,0.4,0.6,-0.19999999999999996,-1.4,-1.1,-0.2999999999999998,,,,,,,,,,,,
633117,2021-07-31,2021,Atlanta Braves,Milwaukee Brewers,Kyle Muller,Brandon Woodruff,8,1,1,129,-139,135.0,-160.0,9.0,8.5,1.5,0.4288,0.5712,-6.0,0.5,0,0,1.05,0.5,0.7,-0.19999999999999996,1.8,4.0,-2.2,,,,,,,,,,,,
633127,2021-07-31,2021,St. Louis Cardinals,Minnesota Twins,Jake Woodford,Bailey Ober,1,8,0,-126,116,-145.0,125.0,8.5,9.0,-1.5,0.5463,0.4537,19.0,-0.5,1,0,0.98,0.6,0.4,0.19999999999999996,0.5,-0.6,1.1,,,,,,,,,,,,
633063,2021-07-31,2021,New York Mets,Cincinnati Reds,Rich Hill,Wade Miley,5,4,1,-121,111,-125.0,105.0,9.0,8.0,-1.5,0.536,0.464,4.0,1.0,0,0,0.97,0.4,0.7,-0.29999999999999993,-1.2,0.8,-2.0,,,,,,,,,,,,
633076,2021-07-31,2021,Pittsburgh Pirates,Philadelphia Phillies,JT Brubaker,Aaron Nola,3,2,1,167,-182,135.0,-160.0,7.5,8.0,1.5,0.3672,0.6328,32.0,-0.5,0,0,0.96,0.3,0.3,0.0,-2.2,-2.3,0.09999999999999964,,,,,,,,,,,,
633106,2021-07-31,2021,Texas Rangers,Seattle Mariners,Taylor Hearn,Tyler Anderson,5,4,1,123,-133,150.0,-180.0,8.5,8.0,1.5,0.44,0.56,-27.0,0.5,0,1,1.1,0.1,0.6,-0.5,-3.5,-0.4,-3.1,,,,,,,,,,,,
633132,2021-07-31,2021,Washington Nationals,Chicago Cubs,Joe Ross,Kyle Hendricks,3,6,0,-117,107,-120.0,100.0,8.0,7.5,-1.5,0.5274,0.4726,3.0,0.5,0,0,0.95,0.5,0.3,0.2,-0.3,-0.9,0.6000000000000001,,,,,,,,,,,,
633090,2021-07-31,2021,Tampa Bay Rays,Boston Red Sox,Ryan Yarbrough,Nathan Eovaldi,9,5,1,-113,103,-105.0,-115.0,8.5,8.5,-1.5,0.5185,0.4815,-8.0,0.0,0,0,0.91,0.7,0.6,0.09999999999999998,3.3,-0.4,3.6999999999999997,,,,,,,,,,,,
633118,2021-07-31,2021,Los Angeles Angels,Oakland Athletics,Patrick Sandoval,Chris Bassitt,0,2,0,135,-145,100.0,-120.0,10.0,9.5,1.5,0.4183,0.5817,35.0,0.5,0,0,0.94,0.5,0.5,0.0,-1.2,1.4,-2.5999999999999996,,,,,,,,,,,,
633080,2021-07-31,2021,Los Angeles Angels,Oakland Athletics,Jaime Barria,Cole Irvin,1,0,1,135,-145,100.0,-120.0,10.0,9.5,1.5,0.4183,0.5817,35.0,0.5,0,0,0.94,0.5,0.5,0.0,-1.2,1.4,-2.5999999999999996,,,,,,,,,,,,
633085,2021-07-31,2021,Toronto Blue Jays,Kansas City Royals,Alek Manoah,Mike Minor,4,0,1,-240,210,-210.0,175.0,9.0,10.5,-1.5,0.6863,0.3137,-30.0,-1.5,0,0,1.04,0.4,0.8,-0.4,1.0,1.7,-0.7,,,,,,,,,,,,
633112,2021-07-31,2021,San Diego Padres,Colorado Rockies,Ryan Weathers,Jon Gray,4,9,0,-187,172,-200.0,170.0,7.0,7.0,-1.5,0.6393,0.3607,13.0,0.0,1,0,0.9,0.6,0.3,0.3,-0.3,-0.4,0.10000000000000003,,,,,,,,,,,,
633102,2021-07-31,2021,Arizona Diamondbacks,Los Angeles Dodgers,Zac Gallen,Tony Gonsolin,6,5,1,159,-169,145.0,-170.0,9.5,9.5,1.5,0.3806,0.6194,14.0,0.0,0,0,0.92,0.6,0.4,0.19999999999999996,0.4,-0.6,1.0,,,,,,,,,,,,
633119,2021-07-31,2021,St. Louis Cardinals,Minnesota Twins,Wade LeBlanc,Griffin Jax,5,1,1,-126,116,-145.0,125.0,8.5,9.0,-1.5,0.5463,0.4537,19.0,-0.5,1,0,0.98,0.6,0.4,0.19999999999999996,0.5,-0.6,1.1,,,,,,,,,,,,
633116,2021-07-31,2021,Texas Rangers,Seattle Mariners,Kolby Allard,Logan Gilbert,5,9,0,123,-133,150.0,-180.0,8.5,8.0,1.5,0.44,0.56,-27.0,0.5,0,1,1.1,0.1,0.6,-0.5,-3.5,-0.4,-3.1,,,,,,,,,,,,
633105,2021-07-31,2021,Detroit Tigers,Baltimore Orioles,Matt Manning,John Means,2,5,0,-110,100,-105.0,-115.0,9.5,9.0,1.5,0.5116,0.4884,-5.0,0.5,0,0,1.0,0.5,0.6,-0.09999999999999998,0.2,0.0,0.2,,,,,,,,,,,,
633084,2021-08-01,2021,San Diego Padres,Colorado Rockies,Reiss Knehr,Austin Gomber,8,1,1,-152,142,-170.0,145.0,8.5,8.5,-1.5,0.5934,0.4066,18.0,0.0,1,0,0.9,0.5,0.4,0.09999999999999998,-0.8,0.8,-1.6,,,,,,,,,,,,
633101,2021-08-01,2021,Arizona Diamondbacks,Los Angeles Dodgers,Caleb Smith,Julio Urías,0,13,0,216,-246,190.0,-235.0,9.5,9.5,1.5,0.308,0.692,26.0,0.0,0,0,0.92,0.7,0.4,0.29999999999999993,0.7,-0.2,0.8999999999999999,,,,,,,,,,,,
633048,2021-08-01,2021,Los Angeles Angels,Oakland Athletics,Reid Detmers,Daulton Jefferies,3,8,0,-115,105,-130.0,110.0,9.5,10.0,-1.5,0.523,0.477,15.0,-0.5,1,0,0.94,0.6,0.5,0.09999999999999998,-0.4,1.4,-1.7999999999999998,,,,,,,,,,,,
633075,2021-08-01,2021,Texas Rangers,Seattle Mariners,Mike Foltynewicz,Marco Gonzales,4,3,1,132,-142,120.0,-140.0,9.0,9.0,1.5,0.4235,0.5765,12.0,0.0,0,0,1.1,0.2,0.5,-0.3,-1.9,-0.6,-1.2999999999999998,,,,,,,,,,,,
633024,2021-08-01,2021,St. Louis Cardinals,Minnesota Twins,Adam Wainwright,Michael Pineda,7,3,1,-156,146,-140.0,120.0,8.0,8.5,-1.5,0.5998,0.4002,-16.0,-0.5,0,0,0.98,0.5,0.4,0.09999999999999998,-0.4,0.0,-0.4,,,,,,,,,,,,
633095,2021-08-01,2021,Atlanta Braves,Milwaukee Brewers,Charlie Morton,Brett Anderson,1,2,0,-162,152,-140.0,120.0,9.0,9.0,-1.5,0.6091,0.3909,-22.0,0.0,0,0,1.05,0.6,0.6,0.0,2.6,2.5,0.10000000000000009,,,,,,,,,,,,
633069,2021-08-01,2021,Miami Marlins,New York Yankees,Sandy Alcantara,Jordan Montgomery,1,3,0,149,-159,135.0,-160.0,7.0,7.0,1.5,0.3955,0.6045,14.0,0.0,0,0,0.88,0.4,0.6,-0.19999999999999996,0.1,-1.1,1.2000000000000002,,,,,,,,,,,,
633067,2021-08-01,2021,Toronto Blue Jays,Kansas City Royals,José Berríos,Brad Keller,5,1,1,-250,220,-275.0,225.0,8.5,9.5,-1.5,0.6957,0.3043,25.0,-1.0,1,0,1.04,0.5,0.7,-0.19999999999999996,1.4,1.0,0.3999999999999999,,,,,,,,,,,,
633050,2021-08-01,2021,Detroit Tigers,Baltimore Orioles,Tyler Alexander,Spenser Watkins,6,2,1,-144,134,-140.0,120.0,10.0,9.5,-1.5,0.58,0.42,-4.0,0.5,0,0,1.0,0.4,0.6,-0.19999999999999996,-0.3,-0.2,-0.09999999999999998,,,,,,,,,,,,
633082,2021-08-01,2021,Pittsburgh Pirates,Philadelphia Phillies,Mitch Keller,Kyle Gibson,4,15,0,142,-152,135.0,-160.0,8.5,9.0,1.5,0.4066,0.5934,7.0,-0.5,0,0,0.96,0.4,0.3,0.10000000000000003,-1.9,-2.3,0.3999999999999999,,,,,,,,,,,,
633044,2021-08-01,2021,Washington Nationals,Chicago Cubs,Erick Fedde,Adbert Alzolay,6,5,1,-112,102,-125.0,105.0,8.5,8.0,-1.5,0.5162,0.4838,13.0,0.5,1,0,0.95,0.4,0.4,0.0,-0.9,-0.5,-0.4,,,,,,,,,,,,
633142,2021-08-01,2021,San Diego Padres,Colorado Rockies,Yu Darvish,Germán Márquez,3,5,0,-152,142,-170.0,145.0,8.5,8.5,-1.5,0.5934,0.4066,18.0,0.0,1,0,0.9,0.5,0.4,0.09999999999999998,-0.8,0.8,-1.6,,,,,,,,,,,,
633099,2021-08-01,2021,Arizona Diamondbacks,Los Angeles Dodgers,Merrill Kelly,Mitch White,3,8,0,216,-246,190.0,-235.0,9.5,9.5,1.5,0.308,0.692,26.0,0.0,0,0,0.92,0.7,0.4,0.29999999999999993,0.7,-0.2,0.8999999999999999,,,,,,,,,,,,
633089,2021-08-01,2021,Tampa Bay Rays,Boston Red Sox,Shane McClanahan,Nick Pivetta,3,2,1,-156,146,-130.0,110.0,9.0,8.5,-1.5,0.5998,0.4002,-26.0,0.5,0,0,0.91,0.7,0.5,0.19999999999999996,3.1,-1.1,4.2,,,,,,,,,,,,
633129,2021-08-01,2021,New York Mets,Cincinnati Reds,Marcus Stroman,Vladimir Gutierrez,1,7,0,-185,170,-165.0,140.0,8.5,9.0,-1.5,0.6367,0.3633,-20.0,-0.5,0,0,0.97,0.5,0.6,-0.09999999999999998,-1.0,0.6,-1.6,,,,,,,,,,,,
633070,2021-08-02,2021,Tampa Bay Rays,Seattle Mariners,Michael Wacha,Chris Flexen,2,8,0,-190,175,-170.0,145.0,9.0,8.5,-1.5,0.6431,0.3569,-20.0,0.5,0,0,0.91,0.7,0.5,0.19999999999999996,3.1,-0.4,3.5,,,,,,,,,,,,
633079,2021-08-02,2021,Miami Marlins,New York Mets,Jesús Luzardo,Tylor Megill,6,3,1,150,-160,130.0,-150.0,7.5,7.5,1.5,0.3939,0.6061,20.0,0.0,0,0,0.88,0.4,0.4,0.0,0.2,-2.3,2.5,,,,,,,,,,,,
633057,2021-08-02,2021,Washington Nationals,Philadelphia Phillies,Josiah Gray,Ranger Suarez,5,7,0,107,-117,-105.0,-115.0,8.5,9.0,1.5,0.4726,0.5274,212.0,-0.5,0,0,0.95,0.5,0.4,0.09999999999999998,-0.6,-0.7,0.09999999999999998,,,,,,,,,,,,
633078,2021-08-02,2021,New York Yankees,Baltimore Orioles,Andrew Heaney,Jorge López,1,7,0,-290,250,-250.0,200.0,10.0,9.5,-1.5,0.7224,0.2776,-40.0,0.5,0,0,1.12,0.6,0.6,0.0,-1.0,0.0,-1.0,,,,,,,,,,,,
633049,2021-08-03,2021,Miami Marlins,New York Mets,Nick Neidert,Taijuan Walker,5,4,1,170,-185,145.0,-170.0,8.5,7.5,1.5,0.3633,0.6367,25.0,1.0,0,0,0.88,0.4,0.3,0.10000000000000003,0.3,-2.9,3.1999999999999997,,,,,,,,,,,,
633045,2021-08-03,2021,Cincinnati Reds,Minnesota Twins,Tyler Mahle,Kenta Maeda,5,7,0,-135,125,-140.0,120.0,9.0,9.0,-1.5,0.5638,0.4362,5.0,0.0,0,0,1.18,0.7,0.3,0.39999999999999997,1.9,-0.9,2.8,,,,,,,,,,,,
633005,2021-08-03,2021,Tampa Bay Rays,Seattle Mariners,Luis Patiño,Yusei Kikuchi,2,4,0,-153,143,-170.0,145.0,8.0,8.5,-1.5,0.5951,0.4049,17.0,-0.5,1,0,0.91,0.6,0.6,0.0,2.4,0.5,1.9,,,,,,,,,,,,
633087,2021-08-03,2021,Detroit Tigers,Boston Red Sox,Wily Peralta,Garrett Richards,4,2,1,131,-141,120.0,-140.0,10.0,10.0,1.5,0.4253,0.5747,11.0,0.0,0,0,1.0,0.4,0.4,0.0,-0.1,-1.3,1.2,,,,,,,,,,,,
633072,2021-08-03,2021,Milwaukee Brewers,Pittsburgh Pirates,Eric Lauer,Bryse Wilson,6,2,1,-230,205,-220.0,180.0,9.0,9.0,-1.5,0.6801,0.3199,-10.0,0.0,0,0,1.03,0.7,0.4,0.29999999999999993,2.9,-2.5,5.4,,,,,,,,,,,,
633066,2021-08-03,2021,Washington Nationals,Philadelphia Phillies,Patrick Corbin,Zack Wheeler,4,5,0,158,-168,145.0,-170.0,8.0,8.0,1.5,0.3821,0.6179,13.0,0.0,0,0,0.95,0.5,0.4,0.09999999999999998,-0.3,-0.9,0.6000000000000001,,,,,,,,,,,,
633023,2021-08-03,2021,New York Yankees,Baltimore Orioles,Luis Gil,Alex Wells,13,1,1,-250,220,-310.0,250.0,10.5,8.5,-1.5,0.6957,0.3043,60.0,2.0,1,0,1.12,0.6,0.7,-0.09999999999999998,-1.5,0.7,-2.2,,,,,,,,,,,,
633054,2021-08-03,2021,Texas Rangers,Los Angeles Angels,Dane Dunning,Chris Rodriguez,4,1,1,118,-128,-110.0,-110.0,8.5,8.5,1.5,0.4497,0.5503,228.0,0.0,0,0,1.1,0.3,0.5,-0.2,-1.5,-1.0,-0.5,,,,,,,,,,,,
633021,2021-08-04,2021,Miami Marlins,New York Mets,Zach Thompson,Carlos Carrasco,3,5,0,139,-149,135.0,-160.0,7.5,7.5,1.5,0.4115,0.5885,4.0,0.0,0,0,0.88,0.5,0.3,0.2,0.5,-2.3,2.8,,,,,,,,,,,,
633052,2021-08-04,2021,Detroit Tigers,Boston Red Sox,Casey Mize,Eduardo Rodriguez,1,4,0,135,-145,140.0,-165.0,9.0,9.0,1.5,0.4183,0.5817,-5.0,0.0,0,0,1.0,0.5,0.3,0.2,0.2,-1.9,2.1,,,,,,,,,,,,
633018,2021-08-04,2021,New York Yankees,Baltimore Orioles,Jameson Taillon,Matt Harvey,10,3,1,-254,224,-280.0,230.0,9.0,9.5,-1.5,0.6992,0.3008,26.0,-0.5,1,0,1.12,0.7,0.6,0.09999999999999998,0.1,-1.0,1.1,,,,,,,,,,,,
633040,2021-08-04,2021,Washington Nationals,Philadelphia Phillies,Paolo Espino,Chase Anderson,5,9,0,-114,104,-115.0,-105.0,9.5,9.0,-1.5,0.5208,0.4792,1.0,0.5,0,0,0.95,0.5,0.5,0.0,-0.2,0.4,-0.6000000000000001,,,,,,,,,,,,
633010,2021-08-04,2021,Oakland Athletics,San Diego Padres,Frankie Montas,Joe Musgrove,5,4,1,-120,110,-110.0,-110.0,8.0,8.0,-1.5,0.5339,0.4661,-10.0,0.0,0,0,0.9,0.5,0.5,0.0,1.3,-0.3,1.6,,,,,,,,,,,,
633068,2021-08-04,2021,Milwaukee Brewers,Pittsburgh Pirates,Freddy Peralta,Steven Brault,4,2,1,-255,225,-290.0,235.0,8.0,8.5,-1.5,0.7001,0.2999,35.0,-0.5,1,0,1.03,0.8,0.4,0.4,3.6,-2.7,6.300000000000001,,,,,,,,,,,,
633027,2021-08-04,2021,Tampa Bay Rays,Seattle Mariners,Josh Fleming,Logan Gilbert,4,3,1,-154,144,-170.0,145.0,8.0,8.0,-1.5,0.5967,0.4033,16.0,0.0,1,0,0.91,0.5,0.6,-0.09999999999999998,1.7,0.6,1.1,,,,,,,,,,,,
633071,2021-08-04,2021,Cincinnati Reds,Minnesota Twins,Luis Castillo,Charlie Barnes,6,5,1,-240,210,-200.0,170.0,9.5,9.0,-1.5,0.6863,0.3137,-40.0,0.5,0,0,1.18,0.6,0.4,0.19999999999999996,1.6,-0.6,2.2,,,,,,,,,,,,
633061,2021-08-04,2021,Los Angeles Dodgers,Houston Astros,Walker Buehler,Lance McCullers Jr.,0,3,0,-230,205,-210.0,175.0,9.0,8.5,-1.5,0.6801,0.3199,-20.0,0.5,0,0,0.93,0.5,0.6,-0.09999999999999998,1.6,1.3,0.30000000000000004,,,,,,,,,,,,
633022,2021-08-04,2021,Oakland Athletics,San Diego Padres,Sean Manaea,Blake Snell,1,8,0,-120,110,-110.0,-110.0,8.0,8.0,-1.5,0.5339,0.4661,-10.0,0.0,0,0,0.9,0.5,0.5,0.0,1.3,-0.3,1.6,,,,,,,,,,,,
633038,2021-08-04,2021,Colorado Rockies,Chicago Cubs,Kyle Freeland,Zach Davies,13,6,1,-172,161,-170.0,145.0,11.0,11.0,-1.5,0.6227,0.3773,-2.0,0.0,0,0,1.38,0.4,0.4,0.0,0.2,-0.5,0.7,,,,,,,,,,,,
633032,2021-08-04,2021,St. Louis Cardinals,Atlanta Braves,Jon Lester,Max Fried,1,6,0,-102,-108,-105.0,-115.0,9.0,9.0,1.5,0.493,0.507,3.0,0.0,0,0,0.98,0.6,0.5,0.09999999999999998,0.1,2.0,-1.9,,,,,,,,,,,,
633059,2021-08-04,2021,Milwaukee Brewers,Pittsburgh Pirates,Adrian Houser,Max Kranick,5,8,0,-255,225,-290.0,235.0,8.0,8.5,-1.5,0.7001,0.2999,35.0,-0.5,1,0,1.03,0.8,0.4,0.4,3.6,-2.7,6.300000000000001,,,,,,,,,,,,
633030,2021-08-04,2021,Chicago White Sox,Kansas City Royals,Dylan Cease,Kris Bubic,7,1,1,-260,230,-260.0,210.0,8.5,8.5,-1.5,0.7044,0.2956,0.0,0.0,0,0,0.95,0.4,0.6,-0.19999999999999996,-1.2,0.3,-1.5,,,,,,,,,,,,
633056,2021-08-04,2021,Texas Rangers,Los Angeles Angels,Jordan Lyles,José Suarez,3,11,0,161,-172,140.0,-165.0,8.0,8.0,1.5,0.3773,0.6227,21.0,0.0,0,0,1.1,0.4,0.5,-0.09999999999999998,-1.0,-1.2,0.19999999999999996,,,,,,,,,,,,
633034,2021-08-05,2021,Cincinnati Reds,Pittsburgh Pirates,Sonny Gray,Wil Crowe,7,4,1,-246,216,-235.0,190.0,9.5,9.0,-1.5,0.692,0.308,-11.0,0.5,0,0,1.18,0.6,0.3,0.3,1.5,-3.6,5.1,,,,,,,,,,,,
632992,2021-08-05,2021,Washington Nationals,Philadelphia Phillies,Joe Ross,Aaron Nola,6,7,0,136,-146,140.0,-165.0,8.5,8.5,1.5,0.4166,0.5834,-4.0,0.0,0,0,0.95,0.5,0.5,0.0,-0.5,0.7,-1.2,,,,,,,,,,,,
633064,2021-08-05,2021,Colorado Rockies,Chicago Cubs,Antonio Senzatela,Jake Arrieta,6,5,1,-151,141,-160.0,135.0,11.5,11.5,-1.5,0.5918,0.4082,9.0,0.0,0,0,1.38,0.4,0.3,0.10000000000000003,0.6,-1.7,2.3,,,,,,,,,,,,
633026,2021-08-05,2021,Detroit Tigers,Boston Red Sox,Tarik Skubal,Martín Pérez,8,1,1,114,-124,105.0,-125.0,10.0,10.0,1.5,0.4577,0.5423,9.0,0.0,0,0,1.0,0.5,0.4,0.09999999999999998,0.1,-1.5,1.6,,,,,,,,,,,,
633013,2021-08-05,2021,New York Yankees,Seattle Mariners,Nestor Cortes,Tyler Anderson,5,3,1,-196,178,-245.0,195.0,9.5,9.5,-1.5,0.648,0.352,49.0,0.0,1,0,1.12,0.7,0.5,0.19999999999999996,0.7,0.4,0.29999999999999993,,,,,,,,,,,,
633060,2021-08-05,2021,Colorado Rockies,Chicago Cubs,Jon Gray,Alec Mills,2,3,0,-151,141,-160.0,135.0,11.5,11.5,-1.5,0.5918,0.4082,9.0,0.0,0,0,1.38,0.4,0.3,0.10000000000000003,0.6,-1.7,2.3,,,,,,,,,,,,
633033,2021-08-05,2021,Miami Marlins,New York Mets,Braxton Garrett,Rich Hill,4,2,1,119,-129,135.0,-160.0,8.0,8.0,1.5,0.4477,0.5523,-16.0,0.0,0,1,0.88,0.5,0.3,0.2,0.6,-2.2,2.8000000000000003,,,,,,,,,,,,
633055,2021-08-05,2021,Texas Rangers,Los Angeles Angels,Kolby Allard,Shohei Ohtani,1,2,0,-103,-107,100.0,-120.0,9.0,9.5,1.5,0.4954,0.5046,-203.0,-0.5,0,1,1.1,0.4,0.5,-0.09999999999999998,-1.6,-0.5,-1.1,,,,,,,,,,,,
633004,2021-08-05,2021,Texas Rangers,Los Angeles Angels,Spencer Howard,Dylan Bundy,0,5,0,-103,-107,100.0,-120.0,9.0,9.5,1.5,0.4954,0.5046,-203.0,-0.5,0,1,1.1,0.4,0.5,-0.09999999999999998,-1.6,-0.5,-1.1,,,,,,,,,,,,
633037,2021-08-05,2021,St. Louis Cardinals,Atlanta Braves,J.A. Happ,Drew Smyly,4,7,0,109,-119,-115.0,-105.0,9.0,9.0,1.5,0.4682,0.5318,224.0,0.0,0,0,0.98,0.5,0.6,-0.09999999999999998,-0.5,2.9,-3.4,,,,,,,,,,,,
633053,2021-08-05,2021,Chicago White Sox,Kansas City Royals,Lucas Giolito,Carlos Hernández,1,9,0,-188,173,-220.0,180.0,9.5,9.5,-1.5,0.6406,0.3594,32.0,0.0,1,0,0.95,0.5,0.5,0.0,0.0,-0.4,0.4,,,,,,,,,,,,
633031,2021-08-06,2021,Atlanta Braves,Washington Nationals,Kyle Muller,Erick Fedde,8,4,1,-192,176,-200.0,170.0,9.0,9.5,-1.5,0.6447,0.3553,8.0,-0.5,0,0,1.05,0.6,0.5,0.09999999999999998,2.0,-0.5,2.5,,,,,,,,,,,,
632974,2021-08-06,2021,Toronto Blue Jays,Boston Red Sox,Alek Manoah,Nathan Eovaldi,12,4,1,-143,133,-145.0,125.0,9.0,9.0,-1.5,0.5783,0.4217,2.0,0.0,0,0,1.04,0.8,0.3,0.5,2.6,-2.3,4.9,,,,,,,,,,,,
633062,2021-08-06,2021,New York Yankees,Seattle Mariners,Wandy Peralta,Marco Gonzales,3,2,1,-168,158,-170.0,145.0,10.5,10.0,-1.5,0.6179,0.3821,2.0,0.5,0,0,1.12,0.8,0.4,0.4,1.0,0.1,0.9,,,,,,,,,,,,
633002,2021-08-06,2021,Cincinnati Reds,Pittsburgh Pirates,Wade Miley,JT Brubaker,10,0,1,-185,170,-235.0,190.0,9.5,9.0,-1.5,0.6367,0.3633,50.0,0.5,1,0,1.18,0.7,0.3,0.39999999999999997,2.2,-3.4,5.6,,,,,,,,,,,,
633006,2021-08-06,2021,Baltimore Orioles,Tampa Bay Rays,John Means,Ryan Yarbrough,6,10,0,133,-143,130.0,-150.0,10.0,9.0,1.5,0.4217,0.5783,3.0,1.0,0,0,1.08,0.5,0.5,0.0,-1.9,1.2,-3.0999999999999996,,,,,,,,,,,,
632980,2021-08-06,2021,Chicago Cubs,Chicago White Sox,Kyle Hendricks,Lance Lynn,6,8,0,180,-200,130.0,-150.0,8.5,9.0,1.5,0.3488,0.6512,50.0,-0.5,0,0,1.06,0.3,0.5,-0.2,-1.7,-0.3,-1.4,,,,,,,,,,,,
632998,2021-08-06,2021,Houston Astros,Minnesota Twins,Framber Valdez,Griffin Jax,3,5,0,-196,178,-255.0,205.0,9.0,9.0,-1.5,0.648,0.352,59.0,0.0,1,0,1.0,0.6,0.3,0.3,1.2,-0.8,2.0,,,,,,,,,,,,
633074,2021-08-06,2021,Philadelphia Phillies,New York Mets,Kyle Gibson,Marcus Stroman,4,2,1,-112,102,-115.0,-105.0,9.5,8.5,-1.5,0.5162,0.4838,3.0,1.0,0,0,1.07,0.5,0.3,0.2,0.7,-2.2,2.9000000000000004,,,,,,,,,,,,
632962,2021-08-07,2021,Oakland Athletics,Texas Rangers,Cole Irvin,Drew Anderson,12,3,1,-240,210,-260.0,210.0,8.5,8.5,-1.5,0.6863,0.3137,20.0,0.0,1,0,0.9,0.5,0.4,0.09999999999999998,0.5,-1.5,2.0,,,,,,,,,,,,
632968,2021-08-07,2021,St. Louis Cardinals,Kansas City Royals,Kwang Hyun Kim,Brad Keller,5,2,1,-151,141,-185.0,155.0,8.5,8.5,-1.5,0.5918,0.4082,34.0,0.0,1,0,0.98,0.4,0.5,-0.09999999999999998,-1.2,-0.2,-1.0,,,,,,,,,,,,
632995,2021-08-07,2021,Houston Astros,Minnesota Twins,Luis Garcia,Michael Pineda,4,0,1,-230,205,-195.0,165.0,8.5,9.0,-1.5,0.6801,0.3199,-35.0,-0.5,0,0,1.0,0.5,0.4,0.09999999999999998,0.6,-0.5,1.1,,,,,,,,,,,,
632999,2021-08-07,2021,Cincinnati Reds,Pittsburgh Pirates,Vladimir Gutierrez,Mitch Keller,11,3,1,-190,175,-210.0,175.0,10.5,10.0,-1.5,0.6431,0.3569,20.0,0.5,1,0,1.18,0.8,0.3,0.5,3.3,-3.5,6.8,,,,,,,,,,,,
633014,2021-08-07,2021,Baltimore Orioles,Tampa Bay Rays,Spenser Watkins,Shane McClanahan,3,12,0,205,-230,175.0,-210.0,10.0,10.0,1.5,0.3199,0.6801,30.0,0.0,0,0,1.08,0.4,0.6,-0.19999999999999996,-2.4,1.7,-4.1,,,,,,,,,,,,
632994,2021-08-07,2021,Atlanta Braves,Washington Nationals,Charlie Morton,Josiah Gray,2,3,0,-260,230,-220.0,180.0,8.5,8.5,-1.5,0.7044,0.2956,-40.0,0.0,0,0,1.05,0.7,0.4,0.29999999999999993,2.7,-1.1,3.8000000000000003,,,,,,,,,,,,
632981,2021-08-07,2021,Philadelphia Phillies,New York Mets,Ranger Suarez,Tylor Megill,5,3,1,-112,102,-105.0,-115.0,9.5,9.5,-1.5,0.5162,0.4838,-7.0,0.0,0,0,1.07,0.6,0.3,0.3,1.1,-1.7,2.8,,,,,,,,,,,,
632963,2021-08-07,2021,Toronto Blue Jays,Boston Red Sox,Robbie Ray,Nick Pivetta,1,0,1,-185,170,-170.0,145.0,7.0,7.0,-1.5,0.6367,0.3633,-15.0,0.0,0,0,1.04,0.8,0.2,0.6000000000000001,3.4,-3.2,6.6,,,,,,,,,,,,
633028,2021-08-07,2021,Los Angeles Dodgers,Los Angeles Angels,David Price,Patrick Sandoval,3,4,0,-360,310,-250.0,200.0,8.5,8.5,-1.5,0.7624,0.2376,-110.0,0.0,0,0,0.93,0.6,0.5,0.09999999999999998,2.0,-0.7,2.7,,,,,,,,,,,,
632950,2021-08-07,2021,New York Yankees,Seattle Mariners,Andrew Heaney,Chris Flexen,5,4,1,-198,179,-190.0,160.0,10.5,10.0,-1.5,0.6496,0.3504,-8.0,0.5,0,0,1.12,0.8,0.3,0.5,1.0,-0.3,1.3,,,,,,,,,,,,
633008,2021-08-07,2021,San Diego Padres,Arizona Diamondbacks,Ryan Weathers,Caleb Smith,5,8,0,-300,260,-275.0,225.0,8.0,7.5,-1.5,0.7297,0.2703,-25.0,0.5,0,0,0.9,0.4,0.3,0.10000000000000003,-0.1,-2.9,2.8,,,,,,,,,,,,
633017,2021-08-07,2021,Oakland Athletics,Texas Rangers,Chris Bassitt,Mike Foltynewicz,4,1,1,-240,210,-260.0,210.0,8.5,8.5,-1.5,0.6863,0.3137,20.0,0.0,1,0,0.9,0.5,0.4,0.09999999999999998,0.5,-1.5,2.0,,,,,,,,,,,,
632982,2021-08-07,2021,St. Louis Cardinals,Kansas City Royals,Adam Wainwright,Mike Minor,4,2,1,-151,141,-185.0,155.0,8.5,8.5,-1.5,0.5918,0.4082,34.0,0.0,1,0,0.98,0.4,0.5,-0.09999999999999998,-1.2,-0.2,-1.0,,,,,,,,,,,,
633029,2021-08-07,2021,Houston Astros,Minnesota Twins,Zack Greinke,Bailey Ober,4,5,0,-230,205,-195.0,165.0,8.5,9.0,-1.5,0.6801,0.3199,-35.0,-0.5,0,0,1.0,0.5,0.4,0.09999999999999998,0.6,-0.5,1.1,,,,,,,,,,,,
633012,2021-08-07,2021,Chicago Cubs,Chicago White Sox,Adbert Alzolay,Carlos Rodón,0,4,0,176,-192,180.0,-220.0,8.5,9.0,1.5,0.3553,0.6447,-4.0,-0.5,0,0,1.06,0.2,0.5,-0.3,-2.0,-0.3,-1.7,,,,,,,,,,,,
633035,2021-08-07,2021,Colorado Rockies,Miami Marlins,Germán Márquez,Sandy Alcantara,14,2,1,-158,148,-150.0,130.0,10.5,10.5,-1.5,0.603,0.397,-8.0,0.0,0,0,1.38,0.5,0.5,0.0,0.8,0.7,0.10000000000000009,,,,,,,,,,,,
632956,2021-08-08,2021,Los Angeles Dodgers,Los Angeles Angels,Walker Buehler,Reid Detmers,8,2,1,-350,300,-315.0,255.0,8.5,8.5,-1.5,0.7568,0.2432,-35.0,0.0,0,0,0.93,0.5,0.6,-0.09999999999999998,1.8,0.3,1.5,,,,,,,,,,,,
632977,2021-08-08,2021,Colorado Rockies,Miami Marlins,Kyle Freeland,David Hess,13,8,1,-163,153,-195.0,165.0,11.0,11.5,-1.5,0.6106,0.3894,32.0,-0.5,1,0,1.38,0.6,0.4,0.19999999999999996,2.4,-1.1,3.5,,,,,,,,,,,,
633039,2021-08-08,2021,Oakland Athletics,Texas Rangers,James Kaprielian,Jordan Lyles,6,3,1,-260,230,-275.0,225.0,8.5,9.0,-1.5,0.7044,0.2956,15.0,-0.5,1,0,0.9,0.7,0.3,0.39999999999999997,1.9,-2.6,4.5,,,,,,,,,,,,
632986,2021-08-08,2021,Los Angeles Dodgers,Los Angeles Angels,Julio Urías,Jaime Barria,5,3,1,-350,300,-315.0,255.0,8.5,8.5,-1.5,0.7568,0.2432,-35.0,0.0,0,0,0.93,0.5,0.6,-0.09999999999999998,1.8,0.3,1.5,,,,,,,,,,,,
632970,2021-08-08,2021,Chicago Cubs,Chicago White Sox,Zach Davies,Dylan Cease,3,9,0,162,-174,160.0,-190.0,10.0,10.5,1.5,0.3754,0.6246,2.0,-0.5,0,0,1.06,0.2,0.5,-0.3,-2.1,-0.1,-2.0,,,,,,,,,,,,
632985,2021-08-08,2021,St. Louis Cardinals,Kansas City Royals,Jon Lester,Kris Bubic,5,6,0,-130,120,-160.0,135.0,10.0,9.5,-1.5,0.5543,0.4457,30.0,0.5,1,0,0.98,0.5,0.4,0.09999999999999998,-0.9,-0.6,-0.30000000000000004,,,,,,,,,,,,
633051,2021-08-08,2021,San Diego Padres,Arizona Diamondbacks,Blake Snell,Madison Bumgarner,2,0,1,-210,190,-225.0,185.0,8.5,8.5,-1.5,0.6627,0.3373,15.0,0.0,1,0,0.9,0.4,0.4,0.0,-0.3,-2.2,1.9000000000000001,,,,,,,,,,,,
632957,2021-08-08,2021,Houston Astros,Minnesota Twins,Lance McCullers Jr.,Kenta Maeda,5,7,0,-178,164,-210.0,175.0,8.0,9.0,-1.5,0.6283,0.3717,32.0,-1.0,1,0,1.0,0.5,0.4,0.09999999999999998,1.0,-0.5,1.5,,,,,,,,,,,,
633001,2021-08-08,2021,Colorado Rockies,Miami Marlins,Austin Gomber,Jesús Luzardo,7,4,1,-163,153,-195.0,165.0,11.0,11.5,-1.5,0.6106,0.3894,32.0,-0.5,1,0,1.38,0.6,0.4,0.19999999999999996,2.4,-1.1,3.5,,,,,,,,,,,,
633009,2021-08-08,2021,Cincinnati Reds,Pittsburgh Pirates,Tyler Mahle,Bryse Wilson,3,2,1,-260,230,-255.0,205.0,10.5,10.0,-1.5,0.7044,0.2956,-5.0,0.5,0,0,1.18,0.8,0.3,0.5,3.8,-3.9,7.699999999999999,,,,,,,,,,,,
633007,2021-08-08,2021,Toronto Blue Jays,Boston Red Sox,Hyun Jin Ryu,Garrett Richards,9,8,1,-180,165,-220.0,180.0,9.0,9.0,-1.5,0.6301,0.3699,40.0,0.0,1,0,1.04,0.9,0.2,0.7,3.8,-3.3,7.1,,,,,,,,,,,,
632953,2021-08-08,2021,New York Yankees,Seattle Mariners,Luis Gil,Yusei Kikuchi,0,2,0,-136,126,-170.0,145.0,9.0,10.0,-1.5,0.5657,0.4343,34.0,-1.0,1,0,1.12,0.8,0.3,0.5,0.9,0.3,0.6000000000000001,,,,,,,,,,,,
632967,2021-08-08,2021,Philadelphia Phillies,New York Mets,Zack Wheeler,Taijuan Walker,3,0,1,-180,165,-170.0,145.0,8.0,8.0,-1.5,0.6301,0.3699,-10.0,0.0,0,0,1.07,0.7,0.2,0.49999999999999994,1.3,-2.0,3.3,,,,,,,,,,,,
632971,2021-08-08,2021,Baltimore Orioles,Tampa Bay Rays,Jorge López,Michael Wacha,6,9,0,163,-176,165.0,-195.0,10.0,10.5,-1.5,0.3735,0.6265,-2.0,-0.5,0,0,1.08,0.4,0.7,-0.29999999999999993,-2.9,2.7,-5.6,,,,,,,,,,,,
632988,2021-08-08,2021,San Diego Padres,Arizona Diamondbacks,Yu Darvish,Taylor Widener,6,2,1,-210,190,-225.0,185.0,8.5,8.5,-1.5,0.6627,0.3373,15.0,0.0,1,0,0.9,0.4,0.4,0.0,-0.3,-2.2,1.9000000000000001,,,,,,,,,,,,
632975,2021-08-08,2021,Atlanta Braves,Washington Nationals,Max Fried,Patrick Corbin,5,4,1,-210,190,-220.0,180.0,8.5,9.0,-1.5,0.6627,0.3373,10.0,-0.5,0,0,1.05,0.6,0.4,0.19999999999999996,1.9,-1.0,2.9,,,,,,,,,,,,
632984,2021-08-10,2021,Philadelphia Phillies,Los Angeles Dodgers,Aaron Nola,Max Scherzer,0,5,0,135,-145,135.0,-160.0,8.5,8.5,1.5,0.4183,0.5817,0.0,0.0,0,0,1.07,0.8,0.6,0.20000000000000007,1.8,2.6,-0.8,,,,,,,,,,,,
632948,2021-08-10,2021,Pittsburgh Pirates,St. Louis Cardinals,Steven Brault,J.A. Happ,1,4,0,121,-131,115.0,-135.0,9.5,9.5,1.5,0.4438,0.5562,6.0,0.0,0,0,0.96,0.3,0.4,-0.10000000000000003,-2.8,-1.2,-1.5999999999999999,,,,,,,,,,,,
632960,2021-08-10,2021,Baltimore Orioles,Detroit Tigers,Keegan Akin,Casey Mize,4,9,0,115,-125,-105.0,-115.0,10.0,10.5,1.5,0.4557,0.5443,220.0,-0.5,0,0,1.08,0.3,0.5,-0.2,-3.3,0.4,-3.6999999999999997,,,,,,,,,,,,
632979,2021-08-10,2021,Kansas City Royals,New York Yankees,Carlos Hernández,Jameson Taillon,6,8,0,137,-147,135.0,-160.0,10.0,10.5,1.5,0.4149,0.5851,2.0,-0.5,0,0,1.01,0.4,0.8,-0.4,-0.6,2.1,-2.7,,,,,,,,,,,,
632942,2021-08-10,2021,San Diego Padres,Miami Marlins,Joe Musgrove,Zach Thompson,8,3,1,-240,210,-195.0,165.0,7.5,8.5,-1.5,0.6863,0.3137,-45.0,-1.0,0,0,0.9,0.6,0.3,0.3,1.5,-2.2,3.7,,,,,,,,,,,,
632996,2021-08-10,2021,Boston Red Sox,Tampa Bay Rays,Eduardo Rodriguez,Luis Patiño,4,8,0,-122,112,-135.0,115.0,9.5,9.5,-1.5,0.5381,0.4619,13.0,0.0,1,0,1.14,0.1,0.8,-0.7000000000000001,-3.7,3.2,-6.9,,,,,,,,,,,,
632964,2021-08-10,2021,Minnesota Twins,Chicago White Sox,Beau Burrows,Lucas Giolito,1,11,0,140,-150,130.0,-150.0,10.5,10.5,1.5,0.4098,0.5902,10.0,0.0,0,0,1.02,0.5,0.6,-0.09999999999999998,-0.2,0.6,-0.8,,,,,,,,,,,,
632997,2021-08-10,2021,Chicago Cubs,Milwaukee Brewers,Alec Mills,Freddy Peralta,0,0,0,138,-148,120.0,-140.0,8.0,8.5,1.5,0.4132,0.5868,18.0,-0.5,0,0,1.06,0.2,0.6,-0.39999999999999997,-2.4,1.0,-3.4,,,,,,,,,,,,
632989,2021-08-10,2021,Atlanta Braves,Cincinnati Reds,Drew Smyly,Sonny Gray,3,2,1,-120,110,-110.0,-110.0,9.5,9.5,-1.5,0.5339,0.4661,-10.0,0.0,0,0,1.05,0.7,0.8,-0.10000000000000009,2.1,3.3,-1.1999999999999997,,,,,,,,,,,,
632959,2021-08-11,2021,San Diego Padres,Miami Marlins,Ryan Weathers,Sandy Alcantara,0,7,0,-155,145,-190.0,160.0,8.0,8.5,-1.5,0.5983,0.4017,35.0,-0.5,1,0,0.9,0.6,0.3,0.3,1.7,-2.5,4.2,,,,,,,,,,,,
632922,2021-08-11,2021,Baltimore Orioles,Detroit Tigers,Matt Harvey,Tarik Skubal,2,5,0,100,-110,-110.0,-110.0,10.0,10.0,1.5,0.4884,0.5116,210.0,0.0,0,0,1.08,0.3,0.5,-0.2,-3.4,0.5,-3.9,,,,,,,,,,,,
632923,2021-08-11,2021,Atlanta Braves,Cincinnati Reds,Touki Toussaint,Wade Miley,8,6,1,-122,112,-110.0,-110.0,9.5,9.5,-1.5,0.5381,0.4619,-12.0,0.0,0,0,1.05,0.7,0.7,0.0,1.9,2.9,-1.0,,,,,,,,,,,,
632931,2021-08-11,2021,Boston Red Sox,Tampa Bay Rays,Nathan Eovaldi,Josh Fleming,20,8,1,-113,103,-120.0,100.0,10.5,10.0,-1.5,0.5185,0.4815,7.0,0.5,0,0,1.14,0.1,0.8,-0.7000000000000001,-2.9,2.2,-5.1,,,,,,,,,,,,
632935,2021-08-11,2021,Kansas City Royals,New York Yankees,Brady Singer,Lucas Luetge,2,5,0,124,-134,105.0,-125.0,10.0,10.5,1.5,0.4381,0.5619,19.0,-0.5,0,0,1.01,0.3,0.8,-0.5,-1.3,2.1,-3.4000000000000004,,,,,,,,,,,,
632915,2021-08-11,2021,Philadelphia Phillies,Los Angeles Dodgers,Kyle Gibson,David Price,2,8,0,142,-152,115.0,-135.0,10.5,9.5,1.5,0.4066,0.5934,27.0,1.0,0,0,1.07,0.8,0.6,0.20000000000000007,2.0,2.3,-0.2999999999999998,,,,,,,,,,,,
632904,2021-08-11,2021,Houston Astros,Colorado Rockies,Framber Valdez,Antonio Senzatela,5,1,1,-250,220,-260.0,210.0,9.0,9.0,-1.5,0.6957,0.3043,10.0,0.0,0,0,1.0,0.4,0.7,-0.29999999999999993,0.1,2.4,-2.3,,,,,,,,,,,,
632928,2021-08-11,2021,Pittsburgh Pirates,St. Louis Cardinals,Wil Crowe,Adam Wainwright,0,4,0,153,-163,145.0,-170.0,9.0,9.0,1.5,0.3894,0.6106,8.0,0.0,0,0,0.96,0.2,0.5,-0.3,-3.8,-0.4,-3.4,,,,,,,,,,,,
632976,2021-08-11,2021,San Diego Padres,Miami Marlins,Craig Stammen,Braxton Garrett,6,5,1,-155,145,-190.0,160.0,8.0,8.5,-1.5,0.5983,0.4017,35.0,-0.5,1,0,0.9,0.6,0.3,0.3,1.7,-2.5,4.2,,,,,,,,,,,,
632955,2021-08-11,2021,Seattle Mariners,Texas Rangers,Logan Gilbert,Kolby Allard,4,5,0,-200,180,-200.0,170.0,8.0,8.0,-1.5,0.6512,0.3488,0.0,0.0,0,0,0.89,0.4,0.3,0.10000000000000003,0.7,-2.8,3.5,,,,,,,,,,,,
632987,2021-08-11,2021,Kansas City Royals,New York Yankees,Daniel Lynch IV,Nestor Cortes,8,4,1,124,-134,105.0,-125.0,10.0,10.5,1.5,0.4381,0.5619,19.0,-0.5,0,0,1.01,0.3,0.8,-0.5,-1.3,2.1,-3.4000000000000004,,,,,,,,,,,,
632934,2021-08-11,2021,Minnesota Twins,Chicago White Sox,Griffin Jax,Dallas Keuchel,4,3,1,135,-145,150.0,-180.0,9.5,9.5,1.5,0.4183,0.5817,-15.0,0.0,0,1,1.02,0.5,0.7,-0.19999999999999996,-0.9,2.1,-3.0,,,,,,,,,,,,
632973,2021-08-11,2021,Houston Astros,Colorado Rockies,Jake Odorizzi,Jon Gray,5,0,1,-250,220,-260.0,210.0,9.0,9.0,-1.5,0.6957,0.3043,10.0,0.0,0,0,1.0,0.4,0.7,-0.29999999999999993,0.1,2.4,-2.3,,,,,,,,,,,,
632940,2021-08-11,2021,Los Angeles Angels,Toronto Blue Jays,José Suarez,Ross Stripling,0,4,0,167,-182,150.0,-180.0,9.5,9.5,1.5,0.3672,0.6328,17.0,0.0,0,0,0.94,0.5,0.9,-0.4,-0.2,2.7,-2.9000000000000004,,,,,,,,,,,,
633000,2021-08-11,2021,Chicago Cubs,Milwaukee Brewers,Alec Mills,Aaron Ashby,3,6,0,230,-260,220.0,-270.0,10.0,10.0,1.5,0.2956,0.7044,10.0,0.0,0,0,1.06,0.2,0.6,-0.39999999999999997,-1.8,-0.2,-1.6,,,,,,,,,,,,
632927,2021-08-11,2021,Minnesota Twins,Chicago White Sox,Bailey Ober,Reynaldo López,1,0,1,135,-145,150.0,-180.0,9.5,9.5,1.5,0.4183,0.5817,-15.0,0.0,0,1,1.02,0.5,0.7,-0.19999999999999996,-0.9,2.1,-3.0,,,,,,,,,,,,
632924,2021-08-12,2021,Chicago White Sox,New York Yankees,Lance Lynn,Andrew Heaney,9,8,1,-174,162,-160.0,135.0,9.5,9.5,-1.5,0.6246,0.3754,-14.0,0.0,0,0,0.95,0.6,0.7,-0.09999999999999998,1.8,1.6,0.19999999999999996,,,,,,,,,,,,
632929,2021-08-12,2021,Atlanta Braves,Cincinnati Reds,Kyle Muller,Vladimir Gutierrez,3,12,0,-156,146,-140.0,120.0,10.0,10.5,-1.5,0.5998,0.4002,-16.0,-0.5,0,0,1.05,0.8,0.6,0.20000000000000007,2.5,2.3,0.20000000000000018,,,,,,,,,,,,
632947,2021-08-12,2021,Seattle Mariners,Texas Rangers,Marco Gonzales,Mike Foltynewicz,3,1,1,-215,195,-200.0,170.0,8.5,8.5,-1.5,0.6682,0.3318,-15.0,0.0,0,0,0.89,0.4,0.4,0.0,0.7,-2.3,3.0,,,,,,,,,,,,
632938,2021-08-12,2021,Baltimore Orioles,Detroit Tigers,John Means,Matt Manning,4,6,0,-144,134,-135.0,115.0,10.5,10.5,-1.5,0.58,0.42,-9.0,0.0,0,0,1.08,0.2,0.6,-0.39999999999999997,-3.8,0.9,-4.7,,,,,,,,,,,,
633016,2021-08-12,2021,Chicago Cubs,Milwaukee Brewers,Kyle Hendricks,Brandon Woodruff,4,17,0,195,-215,190.0,-235.0,8.5,9.0,1.5,0.3318,0.6682,5.0,-0.5,0,0,1.06,0.2,0.6,-0.39999999999999997,-2.0,-0.3,-1.7,,,,,,,,,,,,
632903,2021-08-12,2021,Boston Red Sox,Tampa Bay Rays,Tanner Houck,Drew Rasmussen,1,8,0,-118,108,-135.0,115.0,11.0,10.5,-1.5,0.5296,0.4704,17.0,0.5,1,0,1.14,0.2,0.7,-0.49999999999999994,-1.3,0.6,-1.9,,,,,,,,,,,,
632944,2021-08-12,2021,Pittsburgh Pirates,St. Louis Cardinals,JT Brubaker,Wade LeBlanc,6,7,0,119,-129,110.0,-130.0,8.5,9.5,1.5,0.4477,0.5523,9.0,-1.0,0,0,0.96,0.1,0.5,-0.4,-4.3,-0.4,-3.9,,,,,,,,,,,,
632949,2021-08-12,2021,New York Mets,Washington Nationals,Marcus Stroman,Sean Nolin,4,1,1,-220,200,-210.0,175.0,6.5,6.5,-1.5,0.6735,0.3265,-10.0,0.0,0,0,0.97,0.2,0.3,-0.09999999999999998,-1.6,-1.2,-0.40000000000000013,,,,,,,,,,,,
632952,2021-08-12,2021,Seattle Mariners,Texas Rangers,Tyler Anderson,Spencer Howard,2,1,1,-215,195,-200.0,170.0,8.5,8.5,-1.5,0.6682,0.3318,-15.0,0.0,0,0,0.89,0.4,0.4,0.0,0.7,-2.3,3.0,,,,,,,,,,,,
632965,2021-08-12,2021,Los Angeles Angels,Toronto Blue Jays,Dylan Bundy,Alek Manoah,2,10,0,123,-133,115.0,-135.0,8.5,8.5,1.5,0.44,0.56,8.0,0.0,0,0,0.94,0.5,0.9,-0.4,-0.4,2.9,-3.3,,,,,,,,,,,,
632946,2021-08-12,2021,Chicago Cubs,Milwaukee Brewers,Jake Arrieta,Corbin Burnes,0,10,0,195,-215,190.0,-235.0,8.5,9.0,1.5,0.3318,0.6682,5.0,-0.5,0,0,1.06,0.2,0.6,-0.39999999999999997,-2.0,-0.3,-1.7,,,,,,,,,,,,
632969,2021-08-12,2021,Philadelphia Phillies,Los Angeles Dodgers,Ranger Suarez,Mitch White,2,1,1,120,-130,120.0,-140.0,10.0,11.0,1.5,0.4457,0.5543,0.0,-1.0,0,0,1.07,0.8,0.7,0.10000000000000009,1.5,3.4,-1.9,,,,,,,,,,,,
632930,2021-08-13,2021,Miami Marlins,Chicago Cubs,Jesús Luzardo,Adbert Alzolay,14,10,1,-114,104,-125.0,105.0,7.5,8.0,-1.5,0.5208,0.4792,11.0,-0.5,1,0,0.88,0.4,0.1,0.30000000000000004,-1.5,-4.5,3.0,,,,,,,,,,,,
632911,2021-08-13,2021,New York Mets,Los Angeles Dodgers,Tylor Megill,Julio Urías,5,6,0,154,-164,130.0,-150.0,8.0,9.0,1.5,0.3879,0.6121,24.0,-1.0,0,0,0.97,0.3,0.7,-0.39999999999999997,-0.7,3.4,-4.1,,,,,,,,,,,,
632902,2021-08-13,2021,Boston Red Sox,Baltimore Orioles,Nick Pivetta,Spenser Watkins,8,1,1,-245,215,-260.0,210.0,11.0,11.0,-1.5,0.6911,0.3089,15.0,0.0,1,0,1.14,0.2,0.1,0.1,-1.6,-4.3,2.6999999999999997,,,,,,,,,,,,
632901,2021-08-13,2021,Philadelphia Phillies,Cincinnati Reds,Zack Wheeler,Tyler Mahle,1,6,0,-159,149,-170.0,145.0,8.5,8.5,-1.5,0.6045,0.3955,11.0,0.0,1,0,1.07,0.8,0.7,0.10000000000000009,0.5,3.3,-2.8,,,,,,,,,,,,
632914,2021-08-13,2021,Arizona Diamondbacks,San Diego Padres,Matt Peacock,Yu Darvish,12,3,1,162,-174,150.0,-180.0,8.5,9.0,1.5,0.3754,0.6246,12.0,-0.5,0,0,0.92,0.2,0.6,-0.39999999999999997,-2.2,1.3,-3.5,,,,,,,,,,,,
632921,2021-08-13,2021,Washington Nationals,Atlanta Braves,Josiah Gray,Charlie Morton,2,4,0,154,-164,145.0,-170.0,9.0,9.0,1.5,0.3879,0.6121,9.0,0.0,0,0,0.95,0.2,0.7,-0.49999999999999994,-1.6,0.9,-2.5,,,,,,,,,,,,
632885,2021-08-14,2021,Washington Nationals,Atlanta Braves,Patrick Corbin,Max Fried,2,12,0,154,-164,155.0,-185.0,9.0,9.0,1.5,0.3879,0.6121,-1.0,0.0,0,0,0.95,0.2,0.8,-0.6000000000000001,-1.6,1.2,-2.8,,,,,,,,,,,,
632913,2021-08-14,2021,Minnesota Twins,Tampa Bay Rays,Kenta Maeda,Michael Wacha,12,0,1,-105,-105,-110.0,-110.0,9.5,9.5,1.5,0.5,0.5,5.0,0.0,0,0,1.02,0.6,0.7,-0.09999999999999998,-1.0,0.9,-1.9,,,,,,,,,,,,
632818,2021-08-14,2021,Kansas City Royals,St. Louis Cardinals,Brad Keller,Jon Lester,4,9,0,-115,105,100.0,-120.0,10.0,10.0,-1.5,0.523,0.477,-215.0,0.0,0,0,1.01,0.4,0.6,-0.19999999999999996,-0.6,0.4,-1.0,,,,,,,,,,,,
632958,2021-08-14,2021,New York Mets,Los Angeles Dodgers,Taijuan Walker,Walker Buehler,1,2,0,174,-189,150.0,-180.0,8.5,8.5,1.5,0.3582,0.6418,24.0,0.0,0,0,0.97,0.3,0.7,-0.39999999999999997,-0.5,2.2,-2.7,,,,,,,,,,,,
632894,2021-08-14,2021,Texas Rangers,Oakland Athletics,Jordan Lyles,James Kaprielian,3,8,0,200,-220,160.0,-190.0,9.0,9.0,1.5,0.3265,0.6735,40.0,0.0,0,0,1.1,0.2,0.8,-0.6000000000000001,-2.8,3.4,-6.199999999999999,,,,,,,,,,,,
632941,2021-08-14,2021,Miami Marlins,Chicago Cubs,Zach Thompson,Zach Davies,5,4,1,-155,145,-180.0,150.0,7.5,7.5,-1.5,0.5983,0.4017,25.0,0.0,1,0,0.88,0.4,0.1,0.30000000000000004,-1.4,-4.2,2.8000000000000003,,,,,,,,,,,,
632898,2021-08-14,2021,Chicago White Sox,New York Yankees,Dylan Cease,Jameson Taillon,5,7,0,-135,125,-140.0,120.0,8.5,9.0,-1.5,0.5638,0.4362,5.0,-0.5,0,0,0.95,0.6,0.7,-0.09999999999999998,1.8,2.1,-0.30000000000000004,,,,,,,,,,,,
632905,2021-08-14,2021,Boston Red Sox,Baltimore Orioles,Chris Sale,Jorge López,16,2,1,-320,280,-280.0,230.0,10.0,10.0,-1.5,0.7433,0.2567,-40.0,0.0,0,0,1.14,0.3,0.1,0.19999999999999998,-0.8,-4.6,3.8,,,,,,,,,,,,
632954,2021-08-14,2021,Seattle Mariners,Toronto Blue Jays,Chris Flexen,Robbie Ray,3,2,1,128,-138,145.0,-170.0,9.0,8.5,1.5,0.4307,0.5693,-17.0,0.5,0,1,0.89,0.5,0.8,-0.30000000000000004,0.7,2.6,-1.9000000000000001,,,,,,,,,,,,
632897,2021-08-14,2021,Pittsburgh Pirates,Milwaukee Brewers,Mitch Keller,Aaron Ashby,0,6,0,177,-194,190.0,-235.0,7.0,7.0,1.5,0.3536,0.6464,-13.0,0.0,0,1,0.96,0.1,0.7,-0.6,-2.9,2.2,-5.1,,,,,,,,,,,,
632932,2021-08-14,2021,Arizona Diamondbacks,San Diego Padres,Madison Bumgarner,Blake Snell,3,2,1,195,-215,190.0,-235.0,9.0,9.0,1.5,0.3318,0.6682,5.0,0.0,0,0,0.92,0.3,0.6,-0.3,-0.8,0.6,-1.4,,,,,,,,,,,,
632972,2021-08-14,2021,Los Angeles Angels,Houston Astros,Patrick Sandoval,Zack Greinke,1,4,0,181,-201,135.0,-160.0,9.5,9.5,1.5,0.3477,0.6523,46.0,0.0,0,0,0.94,0.5,0.4,0.09999999999999998,-0.5,0.5,-1.0,,,,,,,,,,,,
632926,2021-08-14,2021,Minnesota Twins,Tampa Bay Rays,Michael Pineda,Shane McClanahan,4,10,0,-105,-105,-110.0,-110.0,9.5,9.5,1.5,0.5,0.5,5.0,0.0,0,0,1.02,0.6,0.7,-0.09999999999999998,-1.0,0.9,-1.9,,,,,,,,,,,,
632943,2021-08-14,2021,Kansas City Royals,St. Louis Cardinals,Mike Minor,Jack Flaherty,0,6,0,-115,105,100.0,-120.0,10.0,10.0,-1.5,0.523,0.477,-215.0,0.0,0,0,1.01,0.4,0.6,-0.19999999999999996,-0.6,0.4,-1.0,,,,,,,,,,,,
632936,2021-08-14,2021,Texas Rangers,Oakland Athletics,Dane Dunning,Cole Irvin,8,6,1,200,-220,160.0,-190.0,9.0,9.0,1.5,0.3265,0.6735,40.0,0.0,0,0,1.1,0.2,0.8,-0.6000000000000001,-2.8,3.4,-6.199999999999999,,,,,,,,,,,,
632916,2021-08-14,2021,Philadelphia Phillies,Cincinnati Reds,Matt Moore,Luis Castillo,6,1,1,116,-126,130.0,-150.0,9.5,10.0,1.5,0.4537,0.5463,-14.0,-0.5,0,1,1.07,0.7,0.7,0.0,-0.2,3.2,-3.4000000000000004,,,,,,,,,,,,
632895,2021-08-15,2021,New York Mets,Los Angeles Dodgers,Carlos Carrasco,Max Scherzer,4,14,0,169,-184,155.0,-185.0,8.0,8.0,1.5,0.3646,0.6354,14.0,0.0,0,0,0.97,0.3,0.7,-0.39999999999999997,-0.5,1.8,-2.3,,,,,,,,,,,,
632857,2021-08-15,2021,Seattle Mariners,Toronto Blue Jays,Logan Gilbert,Steven Matz,3,8,0,-103,-107,110.0,-130.0,8.5,9.0,1.5,0.4954,0.5046,-213.0,-0.5,0,1,0.89,0.5,0.8,-0.30000000000000004,0.2,2.8,-2.5999999999999996,,,,,,,,,,,,
632917,2021-08-15,2021,Arizona Diamondbacks,San Diego Padres,Zac Gallen,Craig Stammen,2,8,0,155,-165,145.0,-170.0,9.0,9.0,1.5,0.3864,0.6136,10.0,0.0,0,0,0.92,0.4,0.5,-0.09999999999999998,-0.4,-0.2,-0.2,,,,,,,,,,,,
632881,2021-08-15,2021,Los Angeles Angels,Houston Astros,Reid Detmers,Lance McCullers Jr.,3,1,1,169,-184,180.0,-220.0,9.0,9.5,1.5,0.3646,0.6354,-11.0,-0.5,0,1,0.94,0.5,0.5,0.0,-0.5,1.0,-1.5,,,,,,,,,,,,
632847,2021-08-15,2021,Texas Rangers,Oakland Athletics,Kolby Allard,Sean Manaea,7,4,1,205,-225,175.0,-210.0,8.5,9.0,1.5,0.3214,0.6786,30.0,-0.5,0,0,1.1,0.2,0.8,-0.6000000000000001,-2.6,3.3,-5.9,,,,,,,,,,,,
632899,2021-08-15,2021,Chicago White Sox,New York Yankees,Lucas Giolito,Nestor Cortes,3,5,0,-176,163,-170.0,145.0,8.5,9.0,-1.5,0.6265,0.3735,-6.0,-0.5,0,0,0.95,0.5,0.7,-0.19999999999999996,1.0,1.1,-0.10000000000000009,,,,,,,,,,,,
632866,2021-08-15,2021,Minnesota Twins,Tampa Bay Rays,Charlie Barnes,Luis Patiño,5,4,1,141,-151,150.0,-180.0,10.5,10.5,1.5,0.4082,0.5918,-9.0,0.0,0,0,1.02,0.6,0.7,-0.09999999999999998,-0.2,0.8,-1.0,,,,,,,,,,,,
632860,2021-08-15,2021,Kansas City Royals,St. Louis Cardinals,Kris Bubic,J.A. Happ,2,7,0,105,-115,-105.0,-115.0,10.0,10.0,1.5,0.477,0.523,210.0,0.0,0,0,1.01,0.4,0.7,-0.29999999999999993,-0.7,1.6,-2.3,,,,,,,,,,,,
632961,2021-08-15,2021,Boston Red Sox,Baltimore Orioles,Eduardo Rodriguez,Keegan Akin,6,2,1,-290,250,-290.0,235.0,10.5,10.5,-1.5,0.7224,0.2776,0.0,0.0,0,0,1.14,0.4,0.0,0.4,0.8,-6.6,7.3999999999999995,,,,,,,,,,,,
632876,2021-08-15,2021,Pittsburgh Pirates,Milwaukee Brewers,Dillon Peters,Eric Lauer,1,2,0,178,-196,170.0,-200.0,9.0,8.5,1.5,0.352,0.648,8.0,0.5,0,0,0.96,0.1,0.8,-0.7000000000000001,-3.3,3.1,-6.4,,,,,,,,,,,,
632867,2021-08-15,2021,Washington Nationals,Atlanta Braves,Paolo Espino,Drew Smyly,5,6,0,137,-147,145.0,-170.0,9.5,9.5,1.5,0.4149,0.5851,-8.0,0.0,0,0,0.95,0.2,0.8,-0.6000000000000001,-2.5,1.7,-4.2,,,,,,,,,,,,
632891,2021-08-15,2021,Philadelphia Phillies,Cincinnati Reds,Aaron Nola,Sonny Gray,4,7,0,-135,125,-140.0,120.0,8.0,9.0,-1.5,0.5638,0.4362,5.0,-1.0,0,0,1.07,0.7,0.7,0.0,0.2,2.9,-2.6999999999999997,,,,,,,,,,,,
632907,2021-08-15,2021,Seattle Mariners,Toronto Blue Jays,Yusei Kikuchi,Hyun Jin Ryu,9,3,1,-103,-107,110.0,-130.0,8.5,9.0,1.5,0.4954,0.5046,-213.0,-0.5,0,1,0.89,0.5,0.8,-0.30000000000000004,0.2,2.8,-2.5999999999999996,,,,,,,,,,,,
632925,2021-08-15,2021,Los Angeles Angels,Houston Astros,Jaime Barria,Luis Garcia,2,8,0,169,-184,180.0,-220.0,9.0,9.5,1.5,0.3646,0.6354,-11.0,-0.5,0,1,0.94,0.5,0.5,0.0,-0.5,1.0,-1.5,,,,,,,,,,,,
632877,2021-08-15,2021,Arizona Diamondbacks,San Diego Padres,Tyler Gilbert,Joe Musgrove,7,0,1,155,-165,145.0,-170.0,9.0,9.0,1.5,0.3864,0.6136,10.0,0.0,0,0,0.92,0.4,0.5,-0.09999999999999998,-0.4,-0.2,-0.2,,,,,,,,,,,,
632874,2021-08-15,2021,Miami Marlins,Chicago Cubs,Elieser Hernández,Alec Mills,4,1,1,-143,133,-160.0,135.0,7.0,7.5,-1.5,0.5783,0.4217,17.0,-0.5,1,0,0.88,0.4,0.1,0.30000000000000004,-1.4,-4.2,2.8000000000000003,,,,,,,,,,,,
632878,2021-08-16,2021,Cincinnati Reds,Chicago Cubs,Wade Miley,Justin Steele,14,5,1,-201,181,-250.0,200.0,9.5,9.0,-1.5,0.6523,0.3477,49.0,0.5,1,0,1.18,0.7,0.0,0.7,3.1,-4.6,7.699999999999999,,,,,,,,,,,,
632890,2021-08-16,2021,Tampa Bay Rays,Baltimore Orioles,Collin McHugh,Matt Harvey,9,2,1,-255,225,-265.0,215.0,8.5,8.5,-1.5,0.7001,0.2999,10.0,0.0,0,0,0.91,0.7,0.0,0.7,0.9,-5.8,6.7,,,,,,,,,,,,
632858,2021-08-16,2021,Miami Marlins,Atlanta Braves,Braxton Garrett,Touki Toussaint,2,12,0,145,-155,125.0,-145.0,8.5,8.5,1.5,0.4017,0.5983,20.0,0.0,0,0,0.88,0.5,0.8,-0.30000000000000004,-0.9,1.5,-2.4,,,,,,,,,,,,
632868,2021-08-17,2021,Detroit Tigers,Los Angeles Angels,Casey Mize,Dylan Bundy,2,8,0,-140,130,-125.0,105.0,9.0,9.5,-1.5,0.573,0.427,-15.0,-0.5,0,0,1.0,0.6,0.4,0.19999999999999996,-0.1,-2.2,2.1,,,,,,,,,,,,
632884,2021-08-17,2021,St. Louis Cardinals,Milwaukee Brewers,Adam Wainwright,Corbin Burnes,0,2,0,148,-158,120.0,-140.0,7.0,7.5,1.5,0.397,0.603,28.0,-0.5,0,0,0.98,0.8,0.8,0.0,2.4,3.0,-0.6000000000000001,,,,,,,,,,,,
632872,2021-08-17,2021,Miami Marlins,Atlanta Braves,Sandy Alcantara,Huascar Ynoa,0,2,0,125,-135,-110.0,-110.0,7.5,8.0,1.5,0.4362,0.5638,235.0,-0.5,0,0,0.88,0.4,0.8,-0.4,-2.1,2.1,-4.2,,,,,,,,,,,,
632864,2021-08-17,2021,Tampa Bay Rays,Baltimore Orioles,Drew Rasmussen,John Means,10,0,1,-250,220,-190.0,160.0,8.5,8.5,-1.5,0.6957,0.3043,-60.0,0.0,0,0,0.91,0.7,0.0,0.7,1.5,-5.8,7.3,,,,,,,,,,,,
632871,2021-08-17,2021,Cincinnati Reds,Chicago Cubs,Vladimir Gutierrez,Kyle Hendricks,1,2,0,-180,165,-145.0,125.0,9.5,9.5,-1.5,0.6301,0.3699,-35.0,0.0,0,0,1.18,0.7,0.0,0.7,3.7,-5.3,9.0,,,,,,,,,,,,
632883,2021-08-17,2021,Kansas City Royals,Houston Astros,Carlos Hernández,Jake Odorizzi,7,6,1,160,-170,165.0,-195.0,9.5,10.0,1.5,0.3792,0.6208,-5.0,-0.5,0,0,1.01,0.3,0.5,-0.2,-2.0,1.3,-3.3,,,,,,,,,,,,
632893,2021-08-17,2021,New York Yankees,Boston Red Sox,Luis Gil,Nathan Eovaldi,2,0,1,-112,102,-135.0,115.0,7.0,7.0,-1.5,0.5162,0.4838,23.0,0.0,1,0,1.12,0.7,0.4,0.29999999999999993,0.6,0.9,-0.30000000000000004,,,,,,,,,,,,
632882,2021-08-17,2021,Los Angeles Dodgers,Pittsburgh Pirates,Justin Bruihl,Steven Brault,2,1,1,-320,280,-305.0,245.0,9.0,9.0,-1.5,0.7433,0.2567,-15.0,0.0,0,0,0.93,0.8,0.0,0.8,3.1,-3.7,6.800000000000001,,,,,,,,,,,,
632813,2021-08-17,2021,Colorado Rockies,San Diego Padres,Antonio Senzatela,Ryan Weathers,6,5,1,100,-110,-125.0,105.0,12.5,12.5,-1.5,0.4884,0.5116,225.0,0.0,0,0,1.38,0.4,0.5,-0.09999999999999998,0.2,-0.9,1.1,,,,,,,,,,,,
632892,2021-08-17,2021,Chicago White Sox,Oakland Athletics,Dallas Keuchel,Frankie Montas,5,2,1,100,-110,100.0,-120.0,8.5,9.0,1.5,0.4884,0.5116,0.0,-0.5,0,0,0.95,0.5,0.8,-0.30000000000000004,1.6,3.7,-2.1,,,,,,,,,,,,
632825,2021-08-17,2021,Washington Nationals,Toronto Blue Jays,Erick Fedde,Alek Manoah,12,6,1,178,-196,155.0,-185.0,9.0,9.0,1.5,0.352,0.648,23.0,0.0,0,0,0.95,0.2,0.7,-0.49999999999999994,-2.2,2.0,-4.2,,,,,,,,,,,,
632844,2021-08-18,2021,St. Louis Cardinals,Milwaukee Brewers,Jack Flaherty,Freddy Peralta,4,6,0,111,-121,-105.0,-115.0,7.0,7.0,1.5,0.464,0.536,216.0,0.0,0,0,0.98,0.8,0.8,0.0,2.6,3.1,-0.5,,,,,,,,,,,,
632865,2021-08-18,2021,Miami Marlins,Atlanta Braves,Jesús Luzardo,Charlie Morton,9,11,0,200,-220,170.0,-200.0,7.5,8.0,1.5,0.3265,0.6735,30.0,-0.5,0,0,0.88,0.4,0.8,-0.4,-1.1,1.9,-3.0,,,,,,,,,,,,
632849,2021-08-18,2021,Tampa Bay Rays,Baltimore Orioles,Louis Head,Spenser Watkins,8,4,1,-320,280,-340.0,270.0,9.0,9.0,-1.5,0.7433,0.2567,20.0,0.0,1,0,0.91,0.7,0.0,0.7,2.1,-6.4,8.5,,,,,,,,,,,,
632861,2021-08-18,2021,Detroit Tigers,Los Angeles Angels,Tarik Skubal,Shohei Ohtani,1,3,0,115,-125,135.0,-160.0,8.5,8.5,1.5,0.4557,0.5443,-20.0,0.0,0,1,1.0,0.5,0.4,0.09999999999999998,-1.4,-1.7,0.30000000000000004,,,,,,,,,,,,
632852,2021-08-18,2021,New York Yankees,Boston Red Sox,Andrew Heaney,Nick Pivetta,5,2,1,-114,104,-110.0,-110.0,10.0,10.0,-1.5,0.5208,0.4792,-4.0,0.0,0,0,1.12,0.7,0.4,0.29999999999999993,0.6,1.4,-0.7999999999999999,,,,,,,,,,,,
632856,2021-08-18,2021,Washington Nationals,Toronto Blue Jays,Josiah Gray,José Berríos,8,5,1,150,-160,155.0,-185.0,9.0,9.0,1.5,0.3939,0.6061,-5.0,0.0,0,0,0.95,0.3,0.6,-0.3,-1.5,1.1,-2.6,,,,,,,,,,,,
632862,2021-08-18,2021,Colorado Rockies,San Diego Padres,Chi Chi González,Jake Arrieta,7,5,1,137,-147,-120.0,100.0,14.0,13.0,1.5,0.4149,0.5851,257.0,1.0,0,0,1.38,0.5,0.5,0.0,0.4,-0.7,1.1,,,,,,,,,,,,
632909,2021-08-18,2021,Los Angeles Dodgers,Pittsburgh Pirates,David Price,Wil Crowe,4,3,1,-302,262,-310.0,250.0,8.5,8.5,-1.5,0.7311,0.2689,8.0,0.0,0,0,0.93,0.8,0.0,0.8,3.0,-3.5,6.5,,,,,,,,,,,,
632869,2021-08-18,2021,Arizona Diamondbacks,Philadelphia Phillies,Taylor Widener,Kyle Gibson,3,2,1,159,-169,140.0,-165.0,9.5,9.5,1.5,0.3806,0.6194,19.0,0.0,0,0,0.92,0.4,0.6,-0.19999999999999996,-0.4,-0.5,0.09999999999999998,,,,,,,,,,,,
632851,2021-08-18,2021,Colorado Rockies,San Diego Padres,Germán Márquez,Matt Strahm,7,3,1,137,-147,-120.0,100.0,14.0,13.0,1.5,0.4149,0.5851,257.0,1.0,0,0,1.38,0.5,0.5,0.0,0.4,-0.7,1.1,,,,,,,,,,,,
632908,2021-08-18,2021,Chicago White Sox,Oakland Athletics,Reynaldo López,Chris Bassitt,9,0,1,-198,179,-185.0,155.0,9.0,9.0,-1.5,0.6496,0.3504,-13.0,0.0,0,0,0.95,0.5,0.7,-0.19999999999999996,1.7,3.3,-1.5999999999999999,,,,,,,,,,,,
632875,2021-08-18,2021,Kansas City Royals,Houston Astros,Daniel Lynch IV,Framber Valdez,3,1,1,162,-174,170.0,-200.0,9.5,10.0,1.5,0.3754,0.6246,-8.0,-0.5,0,0,1.01,0.3,0.5,-0.2,-2.0,1.4,-3.4,,,,,,,,,,,,
632853,2021-08-18,2021,Texas Rangers,Seattle Mariners,Taylor Hearn,Tyler Anderson,1,3,0,146,-156,145.0,-170.0,8.5,9.0,1.5,0.4002,0.5998,1.0,-0.5,0,0,1.1,0.3,0.5,-0.2,-2.2,0.2,-2.4000000000000004,,,,,,,,,,,,
632839,2021-08-18,2021,Cincinnati Reds,Chicago Cubs,Tyler Mahle,Adrian Sampson,1,7,0,-320,280,-390.0,305.0,9.5,9.5,-1.5,0.7433,0.2567,70.0,0.0,1,0,1.18,0.6,0.1,0.5,2.6,-4.8,7.4,,,,,,,,,,,,
632823,2021-08-19,2021,Chicago White Sox,Oakland Athletics,Dylan Cease,Cole Irvin,4,5,0,-150,140,-140.0,120.0,9.0,9.0,-1.5,0.5902,0.4098,-10.0,0.0,0,0,0.95,0.6,0.6,0.0,2.7,2.1,0.6000000000000001,,,,,,,,,,,,
632841,2021-08-19,2021,Arizona Diamondbacks,Philadelphia Phillies,Madison Bumgarner,Zack Wheeler,6,2,1,178,-196,155.0,-185.0,8.0,8.5,1.5,0.352,0.648,23.0,-0.5,0,0,0.92,0.5,0.5,0.0,0.3,-0.7,1.0,,,,,,,,,,,,
632843,2021-08-19,2021,Kansas City Royals,Houston Astros,Mike Minor,Luis Garcia,3,6,0,155,-165,160.0,-190.0,9.0,9.5,1.5,0.3864,0.6136,-5.0,-0.5,0,0,1.01,0.4,0.5,-0.09999999999999998,-1.6,1.4,-3.0,,,,,,,,,,,,
632845,2021-08-19,2021,St. Louis Cardinals,Milwaukee Brewers,Jon Lester,Brandon Woodruff,8,4,1,175,-190,160.0,-190.0,8.0,7.5,1.5,0.3569,0.6431,15.0,0.5,0,0,0.98,0.7,0.9,-0.20000000000000007,2.1,3.6,-1.5,,,,,,,,,,,,
632816,2021-08-19,2021,Cincinnati Reds,Miami Marlins,Luis Castillo,Nick Neidert,6,1,1,-290,250,-225.0,185.0,9.0,8.5,-1.5,0.7224,0.2776,-65.0,0.5,0,0,1.18,0.5,0.4,0.09999999999999998,1.2,-0.8,2.0,,,,,,,,,,,,
632838,2021-08-19,2021,Texas Rangers,Seattle Mariners,Spencer Howard,Chris Flexen,8,9,0,124,-134,145.0,-170.0,8.5,8.5,1.5,0.4381,0.5619,-21.0,0.0,0,1,1.1,0.3,0.6,-0.3,-1.9,0.6,-2.5,,,,,,,,,,,,
632840,2021-08-19,2021,New York Yankees,Minnesota Twins,Jameson Taillon,John Gant,7,5,1,-240,210,-275.0,225.0,10.5,10.5,-1.5,0.6863,0.3137,35.0,0.0,1,0,1.12,0.7,0.7,0.0,0.8,0.1,0.7000000000000001,,,,,,,,,,,,
632846,2021-08-19,2021,Detroit Tigers,Los Angeles Angels,Matt Manning,Jose Quintana,10,13,0,-101,-109,105.0,-125.0,9.5,9.5,1.5,0.4907,0.5093,-206.0,0.0,0,1,1.0,0.5,0.4,0.09999999999999998,-1.1,-1.6,0.5,,,,,,,,,,,,
632848,2021-08-19,2021,Arizona Diamondbacks,Philadelphia Phillies,Humberto Castellanos,Ranger Suarez,4,2,1,178,-196,155.0,-185.0,8.0,8.5,1.5,0.352,0.648,23.0,-0.5,0,0,0.92,0.5,0.5,0.0,0.3,-0.7,1.0,,,,,,,,,,,,
632854,2021-08-19,2021,Chicago White Sox,Oakland Athletics,Lance Lynn,Cole Irvin,3,2,1,-150,140,-140.0,120.0,9.0,9.0,-1.5,0.5902,0.4098,-10.0,0.0,0,0,0.95,0.6,0.6,0.0,2.7,2.1,0.6000000000000001,,,,,,,,,,,,
632833,2021-08-19,2021,Tampa Bay Rays,Baltimore Orioles,Shane McClanahan,Jorge López,7,2,1,-360,310,-390.0,305.0,9.0,9.0,-1.5,0.7624,0.2376,30.0,0.0,1,0,0.91,0.7,0.0,0.7,1.6,-5.9,7.5,,,,,,,,,,,,
632859,2021-08-19,2021,Kansas City Royals,Houston Astros,Brady Singer,Zack Greinke,3,2,1,155,-165,160.0,-190.0,9.0,9.5,1.5,0.3864,0.6136,-5.0,-0.5,0,0,1.01,0.4,0.5,-0.09999999999999998,-1.6,1.4,-3.0,,,,,,,,,,,,
632855,2021-08-19,2021,Texas Rangers,Seattle Mariners,Mike Foltynewicz,Marco Gonzales,1,3,0,124,-134,145.0,-170.0,8.5,8.5,1.5,0.4381,0.5619,-21.0,0.0,0,1,1.1,0.3,0.6,-0.3,-1.9,0.6,-2.5,,,,,,,,,,,,
632832,2021-08-20,2021,Cincinnati Reds,Miami Marlins,Sonny Gray,Elieser Hernández,5,3,1,-183,168,-220.0,180.0,8.5,8.0,-1.5,0.6341,0.3659,37.0,0.5,1,0,1.18,0.5,0.4,0.09999999999999998,1.6,-1.0,2.6,,,,,,,,,,,,
632836,2021-08-20,2021,Tampa Bay Rays,Chicago White Sox,Michael Wacha,Lucas Giolito,5,7,0,-102,-108,-105.0,-115.0,8.5,9.0,1.5,0.493,0.507,3.0,-0.5,0,0,0.91,0.7,0.5,0.19999999999999996,1.8,1.7,0.10000000000000009,,,,,,,,,,,,
632827,2021-08-20,2021,Boston Red Sox,Texas Rangers,Chris Sale,Dane Dunning,6,0,1,-300,260,-340.0,270.0,9.0,9.0,-1.5,0.7297,0.2703,40.0,0.0,1,0,1.14,0.4,0.3,0.10000000000000003,1.9,-1.0,2.9,,,,,,,,,,,,
632888,2021-08-20,2021,Toronto Blue Jays,Detroit Tigers,Robbie Ray,Tyler Alexander,1,4,0,-264,234,-235.0,190.0,9.5,9.5,-1.5,0.7078,0.2922,-29.0,0.0,0,0,1.04,0.5,0.4,0.09999999999999998,0.0,-1.5,1.5,,,,,,,,,,,,
632814,2021-08-20,2021,Baltimore Orioles,Atlanta Braves,Keegan Akin,Max Fried,0,3,0,212,-242,200.0,-250.0,10.0,10.5,1.5,0.3117,0.6883,12.0,-0.5,0,0,1.08,0.0,0.9,-0.9,-6.1,2.2,-8.3,,,,,,,,,,,,
632826,2021-08-20,2021,Chicago Cubs,Kansas City Royals,Zach Davies,Brad Keller,2,6,0,-108,-102,100.0,-120.0,8.5,9.0,1.5,0.507,0.493,-208.0,-0.5,0,1,1.06,0.2,0.4,-0.2,-3.6,-1.6,-2.0,,,,,,,,,,,,
632835,2021-08-20,2021,Los Angeles Dodgers,New York Mets,Corey Knebel,Taijuan Walker,4,1,1,-240,210,-250.0,200.0,8.0,8.5,-1.5,0.6863,0.3137,10.0,-0.5,0,0,0.93,0.9,0.3,0.6000000000000001,3.5,-1.0,4.5,,,,,,,,,,,,
632799,2021-08-20,2021,New York Yankees,Minnesota Twins,Nestor Cortes,Charlie Barnes,10,2,1,-230,205,-225.0,185.0,10.5,10.5,-1.5,0.6801,0.3199,-5.0,0.0,0,0,1.12,0.7,0.6,0.09999999999999998,0.9,-0.3,1.2,,,,,,,,,,,,
632795,2021-08-21,2021,Los Angeles Dodgers,New York Mets,Max Scherzer,Rich Hill,4,3,1,-260,230,-280.0,230.0,8.5,8.5,-1.5,0.7044,0.2956,20.0,0.0,1,0,0.93,0.9,0.3,0.6000000000000001,3.6,-1.0,4.6,,,,,,,,,,,,
632810,2021-08-21,2021,St. Louis Cardinals,Pittsburgh Pirates,J.A. Happ,Dillon Peters,4,5,0,-200,180,-195.0,165.0,9.0,9.0,-1.5,0.6512,0.3488,-5.0,0.0,0,0,0.98,0.7,0.0,0.7,2.3,-2.7,5.0,,,,,,,,,,,,
632870,2021-08-21,2021,Boston Red Sox,Texas Rangers,Eduardo Rodriguez,Jordan Lyles,1,10,0,-340,290,-340.0,270.0,9.5,9.5,-1.5,0.7508,0.2492,0.0,0.0,0,0,1.14,0.5,0.3,0.2,2.6,-1.3,3.9000000000000004,,,,,,,,,,,,
632879,2021-08-21,2021,Baltimore Orioles,Atlanta Braves,Matt Harvey,Drew Smyly,4,5,0,157,-167,180.0,-220.0,10.5,10.5,1.5,0.3835,0.6165,-23.0,0.0,0,1,1.08,0.0,0.9,-0.9,-5.9,2.4,-8.3,,,,,,,,,,,,
632797,2021-08-21,2021,Cincinnati Reds,Miami Marlins,Wade Miley,Zach Thompson,7,4,1,-196,178,-220.0,180.0,9.0,9.0,-1.5,0.648,0.352,24.0,0.0,1,0,1.18,0.6,0.4,0.19999999999999996,1.9,-0.7,2.5999999999999996,,,,,,,,,,,,
632834,2021-08-21,2021,Houston Astros,Seattle Mariners,Jake Odorizzi,Logan Gilbert,15,1,1,-142,132,-185.0,155.0,9.0,9.0,-1.5,0.5765,0.4235,43.0,0.0,1,0,1.0,0.5,0.8,-0.30000000000000004,1.3,1.1,0.19999999999999996,,,,,,,,,,,,
632829,2021-08-21,2021,Milwaukee Brewers,Washington Nationals,Eric Lauer,Paolo Espino,9,6,1,-230,205,-220.0,180.0,9.0,9.0,-1.5,0.6801,0.3199,-10.0,0.0,0,0,1.03,0.9,0.4,0.5,3.3,-0.8,4.1,,,,,,,,,,,,
632775,2021-08-21,2021,Toronto Blue Jays,Detroit Tigers,Hyun Jin Ryu,Wily Peralta,3,0,1,-245,215,-275.0,225.0,9.5,9.5,-1.5,0.6911,0.3089,30.0,0.0,1,0,1.04,0.4,0.5,-0.09999999999999998,-0.4,-1.0,0.6,,,,,,,,,,,,
632811,2021-08-21,2021,Los Angeles Dodgers,New York Mets,Walker Buehler,Carlos Carrasco,3,2,1,-260,230,-280.0,230.0,8.5,8.5,-1.5,0.7044,0.2956,20.0,0.0,1,0,0.93,0.9,0.3,0.6000000000000001,3.6,-1.0,4.6,,,,,,,,,,,,
632804,2021-08-21,2021,Tampa Bay Rays,Chicago White Sox,Luis Patiño,Dallas Keuchel,8,4,1,-147,137,-140.0,120.0,9.0,9.0,-1.5,0.5851,0.4149,-7.0,0.0,0,0,0.91,0.6,0.5,0.09999999999999998,1.2,0.9,0.29999999999999993,,,,,,,,,,,,
632821,2021-08-21,2021,New York Yankees,Minnesota Twins,Gerrit Cole,Kenta Maeda,7,1,1,-240,210,-235.0,190.0,8.0,9.0,-1.5,0.6863,0.3137,-5.0,-1.0,0,0,1.12,0.8,0.6,0.20000000000000007,1.9,-0.1,2.0,,,,,,,,,,,,
632817,2021-08-21,2021,San Diego Padres,Philadelphia Phillies,Blake Snell,Matt Moore,3,4,0,-151,141,-195.0,165.0,7.5,8.0,-1.5,0.5918,0.4082,44.0,-0.5,1,0,0.9,0.3,0.3,0.0,-1.9,-1.7,-0.19999999999999996,,,,,,,,,,,,
632828,2021-08-21,2021,Colorado Rockies,Arizona Diamondbacks,Austin Gomber,Tyler Gilbert,9,4,1,-146,136,-170.0,145.0,11.5,11.5,-1.5,0.5834,0.4166,24.0,0.0,1,0,1.38,0.5,0.6,-0.09999999999999998,-0.7,0.8,-1.5,,,,,,,,,,,,
632815,2021-08-21,2021,St. Louis Cardinals,Pittsburgh Pirates,Miles Mikolas,Mitch Keller,0,4,0,-200,180,-195.0,165.0,9.0,9.0,-1.5,0.6512,0.3488,-5.0,0.0,0,0,0.98,0.7,0.0,0.7,2.3,-2.7,5.0,,,,,,,,,,,,
632896,2021-08-21,2021,Milwaukee Brewers,Washington Nationals,Brett Anderson,Patrick Corbin,1,4,0,-230,205,-220.0,180.0,9.0,9.0,-1.5,0.6801,0.3199,-10.0,0.0,0,0,1.03,0.9,0.4,0.5,3.3,-0.8,4.1,,,,,,,,,,,,
632774,2021-08-21,2021,Houston Astros,Seattle Mariners,Lance McCullers Jr.,Yusei Kikuchi,12,3,1,-142,132,-185.0,155.0,9.0,9.0,-1.5,0.5765,0.4235,43.0,0.0,1,0,1.0,0.5,0.8,-0.30000000000000004,1.3,1.1,0.19999999999999996,,,,,,,,,,,,
632824,2021-08-21,2021,Chicago Cubs,Kansas City Royals,Keegan Thompson,Kris Bubic,2,4,0,-126,116,-120.0,100.0,9.5,9.5,-1.5,0.5463,0.4537,-6.0,0.0,0,0,1.06,0.2,0.5,-0.3,-4.0,-1.0,-3.0,,,,,,,,,,,,
632794,2021-08-22,2021,St. Louis Cardinals,Pittsburgh Pirates,Adam Wainwright,Steven Brault,3,0,1,-240,210,-225.0,185.0,8.5,8.5,-1.5,0.6863,0.3137,-15.0,0.0,0,0,0.98,0.6,0.2,0.39999999999999997,1.6,-1.8,3.4000000000000004,,,,,,,,,,,,
632796,2021-08-22,2021,Los Angeles Dodgers,New York Mets,David Price,Marcus Stroman,2,7,0,-174,162,-225.0,185.0,8.5,9.0,-1.5,0.6246,0.3754,51.0,-0.5,1,0,0.93,0.9,0.2,0.7,2.7,-1.3,4.0,,,,,,,,,,,,
632830,2021-08-22,2021,San Diego Padres,Philadelphia Phillies,Craig Stammen,Kyle Gibson,4,7,0,-153,143,-145.0,125.0,9.0,9.0,-1.5,0.5951,0.4049,-8.0,0.0,0,0,0.9,0.2,0.3,-0.09999999999999998,-2.5,-1.9,-0.6000000000000001,,,,,,,,,,,,
632803,2021-08-22,2021,Colorado Rockies,Arizona Diamondbacks,Jon Gray,Taylor Widener,4,8,0,-178,164,-185.0,155.0,11.5,12.0,-1.5,0.6283,0.3717,7.0,-0.5,0,0,1.38,0.5,0.6,-0.09999999999999998,-0.5,0.7,-1.2,,,,,,,,,,,,
632771,2021-08-22,2021,Chicago Cubs,Kansas City Royals,Alec Mills,Carlos Hernández,1,9,0,-113,103,-115.0,-105.0,8.0,8.5,-1.5,0.5185,0.4815,2.0,-0.5,0,0,1.06,0.2,0.5,-0.3,-3.9,-1.2,-2.7,,,,,,,,,,,,
632786,2021-08-22,2021,Milwaukee Brewers,Washington Nationals,Adrian Houser,Sean Nolin,7,3,1,-220,200,-225.0,185.0,9.0,9.0,-1.5,0.6735,0.3265,5.0,0.0,0,0,1.03,0.8,0.4,0.4,3.0,-0.8,3.8,,,,,,,,,,,,
632790,2021-08-22,2021,Colorado Rockies,Arizona Diamondbacks,Kyle Freeland,Zac Gallen,5,2,1,-178,164,-185.0,155.0,11.5,12.0,-1.5,0.6283,0.3717,7.0,-0.5,0,0,1.38,0.5,0.6,-0.09999999999999998,-0.5,0.7,-1.2,,,,,,,,,,,,
632801,2021-08-22,2021,Cincinnati Reds,Miami Marlins,Vladimir Gutierrez,Sandy Alcantara,3,1,1,-130,120,-170.0,145.0,8.5,9.0,-1.5,0.5543,0.4457,40.0,-0.5,1,0,1.18,0.7,0.3,0.39999999999999997,2.4,-1.7,4.1,,,,,,,,,,,,
632785,2021-08-22,2021,Tampa Bay Rays,Chicago White Sox,Chris Archer,Reynaldo López,9,0,1,-120,110,-130.0,110.0,9.0,9.0,-1.5,0.5339,0.4661,10.0,0.0,0,0,0.91,0.7,0.5,0.19999999999999996,2.8,0.6,2.1999999999999997,,,,,,,,,,,,
632784,2021-08-22,2021,Toronto Blue Jays,Detroit Tigers,Steven Matz,Drew Hutchison,3,5,0,-270,240,-225.0,185.0,10.0,10.5,-1.5,0.7127,0.2873,-45.0,-0.5,0,0,1.04,0.4,0.4,0.0,-0.2,-1.8,1.6,,,,,,,,,,,,
632772,2021-08-22,2021,Baltimore Orioles,Atlanta Braves,John Means,Touki Toussaint,1,3,0,150,-160,145.0,-170.0,9.5,10.0,1.5,0.3939,0.6061,5.0,-0.5,0,0,1.08,0.0,0.9,-0.9,-5.7,2.4,-8.1,,,,,,,,,,,,
632806,2021-08-22,2021,San Diego Padres,Philadelphia Phillies,Joe Musgrove,Aaron Nola,4,3,1,-153,143,-145.0,125.0,9.0,9.0,-1.5,0.5951,0.4049,-8.0,0.0,0,0,0.9,0.2,0.3,-0.09999999999999998,-2.5,-1.9,-0.6000000000000001,,,,,,,,,,,,
632793,2021-08-22,2021,Houston Astros,Seattle Mariners,Framber Valdez,Tyler Anderson,3,6,0,-196,178,-190.0,160.0,9.0,9.0,-1.5,0.648,0.352,-6.0,0.0,0,0,1.0,0.6,0.7,-0.09999999999999998,3.3,-1.3,4.6,,,,,,,,,,,,
632798,2021-08-23,2021,Pittsburgh Pirates,Arizona Diamondbacks,Wil Crowe,Humberto Mejía,6,5,1,-116,106,-135.0,115.0,9.5,9.0,-1.5,0.5252,0.4748,19.0,0.5,1,0,0.96,0.2,0.7,-0.49999999999999994,-1.7,1.4,-3.0999999999999996,,,,,,,,,,,,
632787,2021-08-23,2021,Toronto Blue Jays,Chicago White Sox,Alek Manoah,Lance Lynn,2,1,1,-114,104,-105.0,-115.0,8.5,9.0,-1.5,0.5208,0.4792,-9.0,-0.5,0,0,1.04,0.3,0.5,-0.2,-0.8,-0.2,-0.6000000000000001,,,,,,,,,,,,
632805,2021-08-23,2021,Atlanta Braves,New York Yankees,Huascar Ynoa,Jordan Montgomery,1,5,0,-105,-105,-115.0,-105.0,9.0,9.0,-1.5,0.5,0.5,10.0,0.0,0,0,1.05,0.9,0.7,0.20000000000000007,2.4,2.0,0.3999999999999999,,,,,,,,,,,,
632781,2021-08-24,2021,St. Louis Cardinals,Detroit Tigers,Jack Flaherty,Casey Mize,3,4,0,-222,202,-180.0,150.0,8.0,8.5,-1.5,0.6755,0.3245,-42.0,-0.5,0,0,0.98,0.6,0.4,0.19999999999999996,1.5,-1.9,3.4,,,,,,,,,,,,
632763,2021-08-24,2021,Atlanta Braves,New York Yankees,Charlie Morton,Andrew Heaney,4,5,0,-135,125,-135.0,115.0,9.0,9.5,-1.5,0.5638,0.4362,0.0,-0.5,0,0,1.05,0.9,0.8,0.09999999999999998,2.9,2.8,0.10000000000000009,,,,,,,,,,,,
632789,2021-08-24,2021,Miami Marlins,Washington Nationals,Jesús Luzardo,Erick Fedde,1,5,0,-111,101,100.0,-120.0,8.5,8.5,-1.5,0.5139,0.4861,-211.0,0.0,0,0,0.88,0.3,0.4,-0.10000000000000003,-1.8,-1.1,-0.7,,,,,,,,,,,,
632755,2021-08-24,2021,Boston Red Sox,Minnesota Twins,Tanner Houck,Griffin Jax,11,9,1,-216,196,-245.0,195.0,10.5,9.5,-1.5,0.6692,0.3308,29.0,1.0,1,0,1.14,0.5,0.5,0.0,2.2,-0.9,3.1,,,,,,,,,,,,
632779,2021-08-24,2021,Toronto Blue Jays,Chicago White Sox,José Berríos,Dylan Cease,2,5,0,-127,117,-135.0,115.0,9.0,8.5,-1.5,0.5483,0.4517,8.0,0.5,0,0,1.04,0.3,0.4,-0.10000000000000003,-1.5,-0.4,-1.1,,,,,,,,,,,,
632807,2021-08-24,2021,Baltimore Orioles,Los Angeles Angels,Spenser Watkins,Dylan Bundy,8,14,0,116,-126,125.0,-145.0,10.0,10.5,1.5,0.4537,0.5463,-9.0,-0.5,0,0,1.08,0.0,0.5,-0.5,-5.7,-0.8,-4.9,,,,,,,,,,,,
632744,2021-08-24,2021,Pittsburgh Pirates,Arizona Diamondbacks,JT Brubaker,Madison Bumgarner,4,2,1,104,-114,-115.0,-105.0,9.0,8.5,1.5,0.4792,0.5208,219.0,0.5,0,0,0.96,0.3,0.6,-0.3,-1.5,0.4,-1.9,,,,,,,,,,,,
632769,2021-08-24,2021,Oakland Athletics,Seattle Mariners,Cole Irvin,Chris Flexen,1,5,0,-152,142,-145.0,125.0,9.0,8.5,-1.5,0.5934,0.4066,-7.0,0.5,0,0,0.9,0.3,0.7,-0.39999999999999997,-1.1,-1.1,0.0,,,,,,,,,,,,
632758,2021-08-24,2021,Oakland Athletics,Seattle Mariners,Paul Blackburn,Marco Gonzales,3,5,0,-152,142,-145.0,125.0,9.0,8.5,-1.5,0.5934,0.4066,-7.0,0.5,0,0,0.9,0.3,0.7,-0.39999999999999997,-1.1,-1.1,0.0,,,,,,,,,,,,
632770,2021-08-24,2021,Houston Astros,Kansas City Royals,Zack Greinke,Daniel Lynch IV,1,7,0,-248,218,-255.0,205.0,8.5,9.0,-1.5,0.6938,0.3062,7.0,-0.5,0,0,1.0,0.5,0.6,-0.09999999999999998,2.6,-0.1,2.7,,,,,,,,,,,,
632777,2021-08-24,2021,Philadelphia Phillies,Tampa Bay Rays,Ranger Suarez,Drew Rasmussen,1,3,0,103,-113,-110.0,-110.0,9.0,9.5,1.5,0.4815,0.5185,213.0,-0.5,0,0,1.07,0.4,0.7,-0.29999999999999993,-0.6,3.0,-3.6,,,,,,,,,,,,
632778,2021-08-25,2021,Pittsburgh Pirates,Arizona Diamondbacks,Bryse Wilson,Tyler Gilbert,2,5,0,103,-113,-105.0,-115.0,9.0,9.0,1.5,0.4815,0.5185,208.0,0.0,0,0,0.96,0.4,0.5,-0.09999999999999998,-1.3,0.1,-1.4000000000000001,,,,,,,,,,,,
632760,2021-08-25,2021,Miami Marlins,Washington Nationals,Edward Cabrera,Josiah Gray,4,3,1,-105,-105,100.0,-120.0,8.0,8.0,1.5,0.5,0.5,-205.0,0.0,0,1,0.88,0.2,0.4,-0.2,-2.6,-0.7,-1.9000000000000001,,,,,,,,,,,,
632767,2021-08-25,2021,Boston Red Sox,Minnesota Twins,Nick Pivetta,Bailey Ober,6,9,0,-153,143,-200.0,170.0,10.5,10.5,-1.5,0.5951,0.4049,47.0,0.0,1,0,1.14,0.5,0.4,0.09999999999999998,1.2,-2.3,3.5,,,,,,,,,,,,
632752,2021-08-25,2021,Toronto Blue Jays,Chicago White Sox,Robbie Ray,Lucas Giolito,3,1,1,-119,109,-130.0,110.0,8.5,8.5,-1.5,0.5318,0.4682,11.0,0.0,1,0,1.04,0.3,0.5,-0.2,-1.5,0.1,-1.6,,,,,,,,,,,,
632727,2021-08-25,2021,Philadelphia Phillies,Tampa Bay Rays,Zack Wheeler,Ryan Yarbrough,4,7,0,-153,143,-135.0,115.0,8.0,8.5,-1.5,0.5951,0.4049,-18.0,-0.5,0,0,1.07,0.3,0.8,-0.5,-0.9,4.4,-5.300000000000001,,,,,,,,,,,,
632756,2021-08-25,2021,Baltimore Orioles,Los Angeles Angels,Chris Ellis,Shohei Ohtani,10,6,1,187,-207,200.0,-250.0,9.0,9.5,1.5,0.3407,0.6593,-13.0,-0.5,0,1,1.08,0.0,0.5,-0.5,-5.6,-0.5,-5.1,,,,,,,,,,,,
632768,2021-08-25,2021,Houston Astros,Kansas City Royals,Lance McCullers Jr.,Mike Minor,6,5,1,-260,230,-235.0,190.0,8.0,9.0,-1.5,0.7044,0.2956,-25.0,-1.0,0,0,1.0,0.4,0.7,-0.29999999999999993,1.7,1.1,0.5999999999999999,,,,,,,,,,,,
632738,2021-08-25,2021,Chicago Cubs,Colorado Rockies,Zach Davies,Austin Gomber,5,2,1,124,-134,120.0,-140.0,7.0,7.0,1.5,0.4381,0.5619,4.0,0.0,0,0,1.06,0.3,0.6,-0.3,-2.2,0.8,-3.0,,,,,,,,,,,,
632751,2021-08-25,2021,St. Louis Cardinals,Detroit Tigers,Jon Lester,Tarik Skubal,3,2,1,-120,110,-150.0,130.0,9.0,9.5,-1.5,0.5339,0.4661,30.0,-0.5,1,0,0.98,0.5,0.4,0.09999999999999998,1.3,-2.0,3.3,,,,,,,,,,,,
632822,2021-08-25,2021,Chicago Cubs,Colorado Rockies,Justin Steele,Germán Márquez,0,0,0,124,-134,120.0,-140.0,7.0,7.0,1.5,0.4381,0.5619,4.0,0.0,0,0,1.06,0.3,0.6,-0.3,-2.2,0.8,-3.0,,,,,,,,,,,,
632748,2021-08-25,2021,San Diego Padres,Los Angeles Dodgers,Pierce Johnson,Julio Urías,2,5,0,126,-136,125.0,-145.0,8.0,8.0,1.5,0.4343,0.5657,1.0,0.0,0,0,0.9,0.2,0.9,-0.7,-2.1,2.3,-4.4,,,,,,,,,,,,
632728,2021-08-25,2021,Milwaukee Brewers,Cincinnati Reds,Corbin Burnes,Tyler Mahle,7,4,1,-155,145,-200.0,170.0,7.5,7.5,-1.5,0.5983,0.4017,45.0,0.0,1,0,1.03,0.8,0.7,0.10000000000000009,2.4,1.7,0.7,,,,,,,,,,,,
632776,2021-08-25,2021,Houston Astros,Kansas City Royals,Luis Garcia,Brady Singer,4,0,1,-260,230,-235.0,190.0,8.0,9.0,-1.5,0.7044,0.2956,-25.0,-1.0,0,0,1.0,0.4,0.7,-0.29999999999999993,1.7,1.1,0.5999999999999999,,,,,,,,,,,,
632754,2021-08-26,2021,Miami Marlins,Washington Nationals,Elieser Hernández,Patrick Corbin,7,5,1,-117,107,-115.0,-105.0,7.5,7.5,-1.5,0.5274,0.4726,-2.0,0.0,0,0,0.88,0.2,0.4,-0.2,-2.6,-0.5,-2.1,,,,,,,,,,,,
632741,2021-08-26,2021,Boston Red Sox,Minnesota Twins,Chris Sale,John Gant,12,2,1,-254,224,-320.0,260.0,10.0,10.0,-1.5,0.6992,0.3008,66.0,0.0,1,0,1.14,0.5,0.5,0.0,1.6,-1.4,3.0,,,,,,,,,,,,
632746,2021-08-26,2021,Philadelphia Phillies,Arizona Diamondbacks,Matt Moore,Zac Gallen,7,8,0,-139,129,-170.0,145.0,9.0,8.5,-1.5,0.5712,0.4288,31.0,0.5,1,0,1.07,0.3,0.5,-0.2,-0.7,-0.3,-0.39999999999999997,,,,,,,,,,,,
632729,2021-08-26,2021,Pittsburgh Pirates,St. Louis Cardinals,Mitch Keller,Miles Mikolas,11,7,1,149,-159,140.0,-165.0,8.5,9.0,1.5,0.3955,0.6045,9.0,-0.5,0,0,0.96,0.4,0.5,-0.09999999999999998,-1.0,0.9,-1.9,,,,,,,,,,,,
632726,2021-08-26,2021,Milwaukee Brewers,Cincinnati Reds,Brett Anderson,Sonny Gray,1,5,0,100,-110,-120.0,100.0,9.0,9.0,-1.5,0.4884,0.5116,220.0,0.0,0,0,1.03,0.8,0.6,0.20000000000000007,1.4,0.9,0.4999999999999999,,,,,,,,,,,,
632743,2021-08-26,2021,Baltimore Orioles,Los Angeles Angels,Keegan Akin,Jaime Barria,13,1,1,-105,-105,135.0,-160.0,10.5,10.5,1.5,0.5,0.5,-240.0,0.0,0,1,1.08,0.1,0.5,-0.4,-3.8,-0.6,-3.1999999999999997,,,,,,,,,,,,
632764,2021-08-26,2021,San Diego Padres,Los Angeles Dodgers,Blake Snell,Walker Buehler,3,5,0,129,-139,130.0,-150.0,7.5,8.0,1.5,0.4288,0.5712,-1.0,-0.5,0,0,0.9,0.2,0.9,-0.7,-1.5,2.5,-4.0,,,,,,,,,,,,
632761,2021-08-26,2021,Milwaukee Brewers,Cincinnati Reds,Brandon Woodruff,Luis Castillo,4,1,1,100,-110,-120.0,100.0,9.0,9.0,-1.5,0.4884,0.5116,220.0,0.0,0,0,1.03,0.8,0.6,0.20000000000000007,1.4,0.9,0.4999999999999999,,,,,,,,,,,,
632724,2021-08-26,2021,Toronto Blue Jays,Chicago White Sox,Hyun Jin Ryu,Carlos Rodón,7,10,0,-103,-107,-110.0,-110.0,8.5,8.5,-1.5,0.4954,0.5046,7.0,0.0,0,0,1.04,0.4,0.5,-0.09999999999999998,-1.2,0.1,-1.3,,,,,,,,,,,,
632800,2021-08-27,2021,New York Mets,Washington Nationals,Rich Hill,Paolo Espino,1,2,0,-186,171,-210.0,175.0,8.5,9.0,-1.5,0.638,0.362,24.0,-0.5,1,0,0.97,0.2,0.4,-0.2,-0.9,-0.5,-0.4,,,,,,,,,,,,
632742,2021-08-27,2021,Miami Marlins,Cincinnati Reds,Zach Thompson,Wade Miley,0,6,0,119,-129,130.0,-150.0,8.0,8.0,1.5,0.4477,0.5523,-11.0,0.0,0,1,0.88,0.2,0.6,-0.39999999999999997,-2.7,1.2,-3.9000000000000004,,,,,,,,,,,,
632709,2021-08-27,2021,Detroit Tigers,Toronto Blue Jays,Matt Manning,Steven Matz,2,1,1,150,-160,130.0,-150.0,9.5,9.5,1.5,0.3939,0.6061,20.0,0.0,0,0,1.0,0.4,0.4,0.0,-1.8,-0.9,-0.9,,,,,,,,,,,,
632808,2021-08-27,2021,Philadelphia Phillies,Arizona Diamondbacks,Aaron Nola,Taylor Widener,7,6,1,-247,217,-225.0,185.0,8.5,8.5,-1.5,0.6929,0.3071,-22.0,0.0,0,0,1.07,0.2,0.6,-0.39999999999999997,-1.3,0.4,-1.7000000000000002,,,,,,,,,,,,
632749,2021-08-27,2021,Oakland Athletics,New York Yankees,James Kaprielian,Jameson Taillon,6,7,0,154,-164,125.0,-145.0,8.0,8.0,1.5,0.3879,0.6121,29.0,0.0,0,0,0.9,0.2,0.9,-0.7,-2.0,3.0,-5.0,,,,,,,,,,,,
632762,2021-08-27,2021,Pittsburgh Pirates,St. Louis Cardinals,Dillon Peters,J.A. Happ,3,4,0,154,-164,135.0,-160.0,8.5,9.0,1.5,0.3879,0.6121,19.0,-0.5,0,0,0.96,0.5,0.4,0.09999999999999998,-0.5,-0.1,-0.4,,,,,,,,,,,,
632739,2021-08-27,2021,Seattle Mariners,Kansas City Royals,Yusei Kikuchi,Brad Keller,4,6,0,-174,162,-170.0,145.0,8.0,8.0,-1.5,0.6246,0.3754,-4.0,0.0,0,0,0.89,0.7,0.7,0.0,-0.8,1.6,-2.4000000000000004,,,,,,,,,,,,
632720,2021-08-27,2021,Baltimore Orioles,Tampa Bay Rays,Matt Harvey,Shane McClanahan,3,6,0,205,-230,185.0,-225.0,10.0,10.5,1.5,0.3199,0.6801,20.0,-0.5,0,0,1.08,0.2,0.8,-0.6000000000000001,-2.2,4.1,-6.3,,,,,,,,,,,,
632719,2021-08-28,2021,Detroit Tigers,Toronto Blue Jays,José Ureña,Alek Manoah,2,3,0,168,-183,165.0,-195.0,9.5,9.5,1.5,0.3659,0.6341,3.0,0.0,0,0,1.0,0.4,0.3,0.10000000000000003,-1.9,-1.5,-0.3999999999999999,,,,,,,,,,,,
632716,2021-08-28,2021,Minnesota Twins,Milwaukee Brewers,Charlie Barnes,Adrian Houser,6,4,1,132,-142,130.0,-150.0,10.0,9.5,1.5,0.4235,0.5765,2.0,0.5,0,0,1.02,0.4,0.7,-0.29999999999999993,-2.5,0.7,-3.2,,,,,,,,,,,,
632722,2021-08-28,2021,Chicago White Sox,Chicago Cubs,Lance Lynn,Alec Mills,0,7,0,-300,260,-305.0,245.0,9.0,8.5,-1.5,0.7297,0.2703,5.0,0.5,0,0,0.95,0.5,0.4,0.09999999999999998,0.1,-1.4,1.5,,,,,,,,,,,,
632717,2021-08-28,2021,New York Mets,Washington Nationals,Marcus Stroman,Sean Nolin,5,3,1,-214,194,-225.0,185.0,8.0,8.5,-1.5,0.6671,0.3329,11.0,-0.5,1,0,0.97,0.2,0.5,-0.3,-0.8,0.6,-1.4,,,,,,,,,,,,
632702,2021-08-28,2021,Texas Rangers,Houston Astros,Kolby Allard,Framber Valdez,2,5,0,205,-230,200.0,-250.0,9.0,9.0,1.5,0.3199,0.6801,5.0,0.0,0,0,1.1,0.4,0.5,-0.09999999999999998,-0.4,1.8,-2.2,,,,,,,,,,,,
632721,2021-08-28,2021,Baltimore Orioles,Tampa Bay Rays,John Means,Michael Wacha,3,4,0,147,-157,175.0,-210.0,9.5,9.5,1.5,0.3986,0.6014,-28.0,0.0,0,1,1.08,0.2,0.9,-0.7,-1.8,4.5,-6.3,,,,,,,,,,,,
632723,2021-08-28,2021,Pittsburgh Pirates,St. Louis Cardinals,Steven Brault,Adam Wainwright,0,13,0,170,-185,160.0,-190.0,8.5,8.5,1.5,0.3633,0.6367,10.0,0.0,0,0,0.96,0.5,0.4,0.09999999999999998,-0.5,-0.5,0.0,,,,,,,,,,,,
632757,2021-08-28,2021,Miami Marlins,Cincinnati Reds,Sandy Alcantara,Vladimir Gutierrez,6,1,1,-105,-105,105.0,-125.0,7.5,8.0,1.5,0.5,0.5,-210.0,-0.5,0,1,0.88,0.2,0.6,-0.39999999999999997,-2.3,0.9,-3.1999999999999997,,,,,,,,,,,,
632713,2021-08-28,2021,Seattle Mariners,Kansas City Royals,Tyler Anderson,Daniel Lynch IV,2,4,0,-153,143,-170.0,145.0,8.5,8.5,-1.5,0.5951,0.4049,17.0,0.0,1,0,0.89,0.7,0.7,0.0,-0.5,1.7,-2.2,,,,,,,,,,,,
632753,2021-08-28,2021,Seattle Mariners,Kansas City Royals,Logan Gilbert,Kris Bubic,7,8,0,-153,143,-170.0,145.0,8.5,8.5,-1.5,0.5951,0.4049,17.0,0.0,1,0,0.89,0.7,0.7,0.0,-0.5,1.7,-2.2,,,,,,,,,,,,
632706,2021-08-28,2021,Oakland Athletics,New York Yankees,Frankie Montas,Nestor Cortes,3,2,1,-123,113,110.0,-130.0,9.0,9.0,-1.5,0.5402,0.4598,-233.0,0.0,0,0,0.9,0.2,0.9,-0.7,-1.8,2.9,-4.7,,,,,,,,,,,,
632740,2021-08-28,2021,Los Angeles Dodgers,Colorado Rockies,Brusdar Graterol,Kyle Freeland,2,4,0,-241,211,-270.0,220.0,9.0,8.5,-1.5,0.6873,0.3127,29.0,0.5,1,0,0.93,0.9,0.7,0.20000000000000007,2.0,0.9,1.1,,,,,,,,,,,,
632725,2021-08-28,2021,Oakland Athletics,New York Yankees,Sean Manaea,Gerrit Cole,2,8,0,-123,113,110.0,-130.0,9.0,9.0,-1.5,0.5402,0.4598,-233.0,0.0,0,0,0.9,0.2,0.9,-0.7,-1.8,2.9,-4.7,,,,,,,,,,,,
632782,2021-08-28,2021,Los Angeles Angels,San Diego Padres,Cooper Criswell,Joe Musgrove,0,5,0,115,-125,110.0,-130.0,10.0,10.0,1.5,0.4557,0.5443,5.0,0.0,0,0,0.94,0.5,0.2,0.3,-1.2,-1.3,0.10000000000000009,,,,,,,,,,,,
632759,2021-08-28,2021,Minnesota Twins,Milwaukee Brewers,Andrew Albers,Eric Lauer,2,0,1,132,-142,130.0,-150.0,10.0,9.5,1.5,0.4235,0.5765,2.0,0.5,0,0,1.02,0.4,0.7,-0.29999999999999993,-2.5,0.7,-3.2,,,,,,,,,,,,
632718,2021-08-28,2021,Chicago White Sox,Chicago Cubs,Dallas Keuchel,Keegan Thompson,17,13,1,-300,260,-305.0,245.0,9.0,8.5,-1.5,0.7297,0.2703,5.0,0.5,0,0,0.95,0.5,0.4,0.09999999999999998,0.1,-1.4,1.5,,,,,,,,,,,,
632734,2021-08-28,2021,Texas Rangers,Houston Astros,Glenn Otto Jr.,Jake Odorizzi,4,5,0,205,-230,200.0,-250.0,9.0,9.0,1.5,0.3199,0.6801,5.0,0.0,0,0,1.1,0.4,0.5,-0.09999999999999998,-0.4,1.8,-2.2,,,,,,,,,,,,
632712,2021-08-28,2021,Philadelphia Phillies,Arizona Diamondbacks,Kyle Gibson,Humberto Mejía,7,0,1,-192,176,-235.0,190.0,8.5,9.0,-1.5,0.6447,0.3553,43.0,-0.5,1,0,1.07,0.3,0.5,-0.2,-0.9,0.2,-1.1,,,,,,,,,,,,
632700,2021-08-29,2021,Oakland Athletics,New York Yankees,Paul Blackburn,Jordan Montgomery,3,1,1,137,-147,125.0,-145.0,9.0,9.0,1.5,0.4149,0.5851,12.0,0.0,0,0,0.9,0.3,0.8,-0.5,-1.1,3.0,-4.1,,,,,,,,,,,,
632693,2021-08-29,2021,Seattle Mariners,Kansas City Royals,Marco Gonzales,Brady Singer,4,3,1,-140,130,-170.0,145.0,8.5,8.5,-1.5,0.573,0.427,30.0,0.0,1,0,0.89,0.5,0.7,-0.19999999999999996,-1.6,1.7,-3.3,,,,,,,,,,,,
632714,2021-08-29,2021,Los Angeles Dodgers,Colorado Rockies,Mitch White,Antonio Senzatela,0,5,0,-240,210,-300.0,240.0,9.0,9.0,-1.5,0.6863,0.3137,60.0,0.0,1,0,0.93,0.8,0.7,0.10000000000000009,1.7,0.8,0.8999999999999999,,,,,,,,,,,,
632696,2021-08-29,2021,Texas Rangers,Houston Astros,Taylor Hearn,Zack Greinke,13,2,1,180,-200,190.0,-235.0,8.5,9.0,1.5,0.3488,0.6512,-10.0,-0.5,0,0,1.1,0.3,0.7,-0.39999999999999997,-0.9,2.5,-3.4,,,,,,,,,,,,
632705,2021-08-29,2021,Minnesota Twins,Milwaukee Brewers,Griffin Jax,Aaron Ashby,2,6,0,133,-143,120.0,-140.0,9.5,10.0,1.5,0.4217,0.5783,13.0,-0.5,0,0,1.02,0.4,0.5,-0.09999999999999998,-2.3,0.0,-2.3,,,,,,,,,,,,
632765,2021-08-29,2021,Chicago White Sox,Chicago Cubs,Dylan Cease,Kyle Hendricks,13,1,1,-250,220,-210.0,175.0,9.0,8.5,-1.5,0.6957,0.3043,-40.0,0.5,0,0,0.95,0.4,0.5,-0.09999999999999998,-1.2,0.1,-1.3,,,,,,,,,,,,
632711,2021-08-29,2021,New York Mets,Washington Nationals,Tylor Megill,Erick Fedde,9,4,1,-186,171,-185.0,155.0,8.0,8.5,-1.5,0.638,0.362,-1.0,-0.5,0,0,0.97,0.2,0.5,-0.3,-1.0,0.5,-1.5,,,,,,,,,,,,
632750,2021-08-29,2021,Detroit Tigers,Toronto Blue Jays,Matthew Boyd,José Berríos,1,2,0,158,-168,135.0,-160.0,9.0,9.5,1.5,0.3821,0.6179,23.0,-0.5,0,0,1.0,0.4,0.4,0.0,-0.9,-0.8,-0.09999999999999998,,,,,,,,,,,,
632673,2021-08-29,2021,Philadelphia Phillies,Arizona Diamondbacks,Ranger Suarez,Madison Bumgarner,7,4,1,-174,162,-185.0,155.0,8.5,8.5,-1.5,0.6246,0.3754,11.0,0.0,1,0,1.07,0.4,0.4,0.0,-0.1,-0.9,0.8,,,,,,,,,,,,
632736,2021-08-29,2021,Baltimore Orioles,Tampa Bay Rays,Spenser Watkins,Chris Archer,8,12,0,210,-240,180.0,-220.0,10.0,10.5,1.5,0.3137,0.6863,30.0,-0.5,0,0,1.08,0.2,0.9,-0.7,-0.9,3.9,-4.8,,,,,,,,,,,,
632698,2021-08-29,2021,Pittsburgh Pirates,St. Louis Cardinals,Wil Crowe,Kwang Hyun Kim,4,3,1,140,-150,145.0,-170.0,9.0,8.5,1.5,0.4098,0.5902,-5.0,0.5,0,0,0.96,0.5,0.5,0.0,-1.7,1.0,-2.7,,,,,,,,,,,,
632707,2021-08-29,2021,Los Angeles Dodgers,Colorado Rockies,Corey Knebel,Jon Gray,5,2,1,-240,210,-300.0,240.0,9.0,9.0,-1.5,0.6863,0.3137,60.0,0.0,1,0,0.93,0.8,0.7,0.10000000000000009,1.7,0.8,0.8999999999999999,,,,,,,,,,,,
632684,2021-08-29,2021,Miami Marlins,Cincinnati Reds,Jesús Luzardo,Tyler Mahle,2,1,1,170,-185,155.0,-185.0,8.0,8.0,1.5,0.3633,0.6367,15.0,0.0,0,0,0.88,0.3,0.6,-0.3,-1.6,0.5,-2.1,,,,,,,,,,,,
632664,2021-08-30,2021,Tampa Bay Rays,Boston Red Sox,Luis Patiño,Nick Pivetta,6,1,1,-144,134,-130.0,110.0,9.0,8.5,-1.5,0.58,0.42,-14.0,0.5,0,0,0.91,0.9,0.5,0.4,3.3,0.4,2.9,,,,,,,,,,,,
632692,2021-08-30,2021,Cincinnati Reds,St. Louis Cardinals,Luis Castillo,Jon Lester,1,3,0,-205,185,-190.0,160.0,9.5,9.0,-1.5,0.657,0.343,-15.0,0.5,0,0,1.18,0.6,0.5,0.09999999999999998,1.0,1.1,-0.10000000000000009,,,,,,,,,,,,
632691,2021-08-30,2021,Washington Nationals,Philadelphia Phillies,Josiah Gray,Zack Wheeler,4,7,0,125,-135,160.0,-190.0,8.0,8.0,1.5,0.4362,0.5638,-35.0,0.0,0,1,0.95,0.4,0.5,-0.09999999999999998,-0.6,0.4,-1.0,,,,,,,,,,,,
632668,2021-08-30,2021,Toronto Blue Jays,Baltimore Orioles,Robbie Ray,Chris Ellis,7,3,1,-340,290,-300.0,240.0,9.0,9.5,-1.5,0.7508,0.2492,-40.0,-0.5,0,0,1.04,0.5,0.2,0.3,-0.4,-0.9,0.5,,,,,,,,,,,,
632688,2021-08-31,2021,Detroit Tigers,Oakland Athletics,Tarik Skubal,Cole Irvin,3,9,0,102,-112,110.0,-130.0,9.0,9.0,1.5,0.4838,0.5162,-8.0,0.0,0,0,1.0,0.4,0.4,0.0,-0.4,-0.8,0.4,,,,,,,,,,,,
632715,2021-08-31,2021,Toronto Blue Jays,Baltimore Orioles,Hyun Jin Ryu,Keegan Akin,2,4,0,-300,260,-355.0,285.0,9.5,9.5,-1.5,0.7297,0.2703,55.0,0.0,1,0,1.04,0.6,0.2,0.39999999999999997,0.3,-0.8,1.1,,,,,,,,,,,,
632679,2021-08-31,2021,New York Mets,Miami Marlins,Trevor Williams,Edward Cabrera,3,1,1,-172,161,-195.0,165.0,6.5,6.5,-1.5,0.6227,0.3773,23.0,0.0,1,0,0.97,0.3,0.4,-0.10000000000000003,-0.4,-1.3,0.9,,,,,,,,,,,,
632669,2021-08-31,2021,Tampa Bay Rays,Boston Red Sox,Ryan Yarbrough,Brad Peacock,8,5,1,-155,145,-150.0,130.0,9.0,8.5,-1.5,0.5983,0.4017,-5.0,0.5,0,0,0.91,0.9,0.5,0.4,3.4,0.2,3.1999999999999997,,,,,,,,,,,,
632677,2021-08-31,2021,Washington Nationals,Philadelphia Phillies,Patrick Corbin,Matt Moore,6,12,0,-128,118,-105.0,-115.0,9.0,9.0,-1.5,0.5503,0.4497,-23.0,0.0,0,0,0.95,0.3,0.6,-0.3,-1.2,1.1,-2.3,,,,,,,,,,,,
632678,2021-08-31,2021,Texas Rangers,Colorado Rockies,A.J. Alexy,Germán Márquez,4,3,1,118,-128,125.0,-145.0,8.5,9.0,1.5,0.4497,0.5503,-7.0,-0.5,0,0,1.1,0.4,0.6,-0.19999999999999996,0.4,0.7,-0.29999999999999993,,,,,,,,,,,,
632665,2021-08-31,2021,Seattle Mariners,Houston Astros,Chris Flexen,Luis Garcia,3,4,0,144,-154,140.0,-165.0,8.0,8.5,1.5,0.4033,0.5967,4.0,-0.5,0,0,0.89,0.5,0.7,-0.19999999999999996,-1.6,1.5,-3.1,,,,,,,,,,,,
632703,2021-08-31,2021,Arizona Diamondbacks,San Diego Padres,Tyler Gilbert,Chris Paddack,5,7,0,144,-154,145.0,-170.0,8.0,9.0,1.5,0.4033,0.5967,-1.0,-1.0,0,0,0.92,0.3,0.2,0.09999999999999998,-1.4,-2.1,0.7000000000000002,,,,,,,,,,,,
632690,2021-08-31,2021,Los Angeles Angels,New York Yankees,Mike Mayers,Corey Kluber,8,7,1,171,-186,105.0,-125.0,9.5,8.5,1.5,0.362,0.638,66.0,1.0,0,0,0.94,0.4,0.7,-0.29999999999999993,-1.7,2.5,-4.2,,,,,,,,,,,,
632674,2021-08-31,2021,Los Angeles Dodgers,Atlanta Braves,Julio Urías,Drew Smyly,5,3,1,-185,170,-195.0,165.0,7.5,8.0,-1.5,0.6367,0.3633,10.0,-0.5,0,0,0.93,0.7,0.7,0.0,0.5,1.0,-0.5,,,,,,,,,,,,
632653,2021-09-01,2021,Tampa Bay Rays,Boston Red Sox,Drew Rasmussen,Chris Sale,2,3,0,-114,104,135.0,-160.0,7.5,8.0,-1.5,0.5208,0.4792,-249.0,-0.5,0,0,0.91,0.9,0.4,0.5,3.2,-0.7,3.9000000000000004,,,,,,,,,,,,
632710,2021-09-01,2021,Detroit Tigers,Oakland Athletics,Wily Peralta,James Kaprielian,8,6,1,161,-172,135.0,-160.0,9.5,9.5,1.5,0.3773,0.6227,26.0,0.0,0,0,1.0,0.4,0.4,0.0,-0.8,-0.3,-0.5,,,,,,,,,,,,
632655,2021-09-01,2021,Los Angeles Angels,New York Yankees,Packy Naughton,Gerrit Cole,1,4,0,240,-270,215.0,-265.0,8.5,8.5,1.5,0.2873,0.7127,25.0,0.0,0,0,0.94,0.4,0.6,-0.19999999999999996,-1.8,2.2,-4.0,,,,,,,,,,,,
632640,2021-09-01,2021,Toronto Blue Jays,Baltimore Orioles,Steven Matz,Matt Harvey,5,4,1,-240,210,-270.0,220.0,9.5,10.0,-1.5,0.6863,0.3137,30.0,-0.5,1,0,1.04,0.5,0.3,0.2,-0.2,-0.3,0.09999999999999998,,,,,,,,,,,,
632648,2021-09-01,2021,Seattle Mariners,Houston Astros,Logan Gilbert,Jake Odorizzi,1,0,1,122,-132,110.0,-130.0,8.5,8.5,1.5,0.4419,0.5581,12.0,0.0,0,0,0.89,0.4,0.7,-0.29999999999999993,-1.9,1.3,-3.2,,,,,,,,,,,,
632681,2021-09-01,2021,Arizona Diamondbacks,San Diego Padres,Luke Weaver,Yu Darvish,8,3,1,180,-200,195.0,-245.0,8.5,8.5,1.5,0.3488,0.6512,-15.0,0.0,0,1,0.92,0.3,0.3,0.0,-1.1,-1.7,0.5999999999999999,,,,,,,,,,,,
632731,2021-09-01,2021,Cincinnati Reds,St. Louis Cardinals,Sonny Gray,J.A. Happ,12,2,1,-122,112,-140.0,120.0,7.0,7.0,-1.5,0.5381,0.4619,18.0,0.0,1,0,1.18,0.4,0.6,-0.19999999999999996,0.1,1.0,-0.9,,,,,,,,,,,,
632641,2021-09-01,2021,Texas Rangers,Colorado Rockies,Kohei Arihara,Kyle Freeland,5,9,0,130,-140,110.0,-130.0,8.5,9.0,1.5,0.427,0.573,20.0,-0.5,0,0,1.1,0.5,0.5,0.0,0.6,0.2,0.39999999999999997,,,,,,,,,,,,
632657,2021-09-01,2021,Seattle Mariners,Houston Astros,Yusei Kikuchi,Lance McCullers Jr.,4,0,1,122,-132,110.0,-130.0,8.5,8.5,1.5,0.4419,0.5581,12.0,0.0,0,0,0.89,0.4,0.7,-0.29999999999999993,-1.9,1.3,-3.2,,,,,,,,,,,,
632672,2021-09-01,2021,Arizona Diamondbacks,San Diego Padres,Zac Gallen,Blake Snell,0,3,0,180,-200,195.0,-245.0,8.5,8.5,1.5,0.3488,0.6512,-15.0,0.0,0,1,0.92,0.3,0.3,0.0,-1.1,-1.7,0.5999999999999999,,,,,,,,,,,,
632675,2021-09-01,2021,Los Angeles Angels,New York Yankees,Jaime Barria,Jameson Taillon,6,4,1,240,-270,215.0,-265.0,8.5,8.5,1.5,0.2873,0.7127,25.0,0.0,0,0,0.94,0.4,0.6,-0.19999999999999996,-1.8,2.2,-4.0,,,,,,,,,,,,
632683,2021-09-01,2021,Chicago White Sox,Pittsburgh Pirates,Lucas Giolito,Bryse Wilson,4,2,1,-350,300,-340.0,270.0,8.5,9.0,-1.5,0.7568,0.2432,-10.0,-0.5,0,0,0.95,0.5,0.6,-0.09999999999999998,0.1,-0.7,0.7999999999999999,,,,,,,,,,,,
632694,2021-09-01,2021,Minnesota Twins,Chicago Cubs,John Gant,Zach Davies,1,3,0,-174,162,-145.0,125.0,9.0,9.0,-1.5,0.6246,0.3754,-29.0,0.0,0,0,1.02,0.4,0.4,0.0,-2.5,-1.2,-1.3,,,,,,,,,,,,
632680,2021-09-01,2021,Texas Rangers,Colorado Rockies,Jordan Lyles,Austin Gomber,4,3,1,130,-140,110.0,-130.0,8.5,9.0,1.5,0.427,0.573,20.0,-0.5,0,0,1.1,0.5,0.5,0.0,0.6,0.2,0.39999999999999997,,,,,,,,,,,,
632663,2021-09-01,2021,Los Angeles Dodgers,Atlanta Braves,Walker Buehler,Charlie Morton,3,2,1,-205,185,-200.0,170.0,7.5,7.5,-1.5,0.657,0.343,-5.0,0.0,0,0,0.93,0.7,0.6,0.09999999999999998,0.4,0.6,-0.19999999999999996,,,,,,,,,,,,
632686,2021-09-02,2021,Detroit Tigers,Oakland Athletics,Matt Manning,Frankie Montas,6,8,0,180,-200,145.0,-170.0,9.0,9.0,1.5,0.3488,0.6512,35.0,0.0,0,0,1.0,0.5,0.4,0.09999999999999998,-0.3,-0.4,0.10000000000000003,,,,,,,,,,,,
632630,2021-09-02,2021,Tampa Bay Rays,Boston Red Sox,Shane McClanahan,Eduardo Rodriguez,0,4,0,-159,149,-160.0,135.0,7.5,8.0,-1.5,0.6045,0.3955,1.0,-0.5,0,0,0.91,0.9,0.5,0.4,3.3,0.3,3.0,,,,,,,,,,,,
632650,2021-09-02,2021,New York Mets,Miami Marlins,Carlos Carrasco,Sandy Alcantara,4,3,1,-153,143,-170.0,145.0,7.0,7.5,-1.5,0.5951,0.4049,17.0,-0.5,1,0,0.97,0.4,0.5,-0.09999999999999998,0.2,-0.8,1.0,,,,,,,,,,,,
632654,2021-09-03,2021,Cincinnati Reds,Detroit Tigers,Vladimir Gutierrez,Tyler Alexander,5,15,0,-172,161,-185.0,155.0,9.5,9.5,-1.5,0.6227,0.3773,13.0,0.0,1,0,1.18,0.4,0.4,0.0,0.8,-0.8,1.6,,,,,,,,,,,,
632621,2021-09-03,2021,Miami Marlins,Philadelphia Phillies,Jesús Luzardo,Kyle Gibson,10,3,1,129,-139,135.0,-160.0,7.5,8.0,1.5,0.4288,0.5712,-6.0,-0.5,0,0,0.88,0.5,0.7,-0.19999999999999996,-0.6,1.7,-2.3,,,,,,,,,,,,
632627,2021-09-03,2021,Tampa Bay Rays,Minnesota Twins,Michael Wacha,Randy Dobnak,5,3,1,-188,173,-190.0,160.0,9.0,9.0,-1.5,0.6406,0.3594,2.0,0.0,0,0,0.91,0.8,0.4,0.4,2.5,-2.0,4.5,,,,,,,,,,,,
632629,2021-09-03,2021,Toronto Blue Jays,Oakland Athletics,Alek Manoah,Sean Manaea,11,10,1,-147,137,-135.0,115.0,9.0,9.0,-1.5,0.5851,0.4149,-12.0,0.0,0,0,1.04,0.6,0.4,0.19999999999999996,0.1,-0.5,0.6,,,,,,,,,,,,
632642,2021-09-03,2021,New York Yankees,Baltimore Orioles,Nestor Cortes,John Means,4,3,1,-230,205,-225.0,185.0,9.0,9.0,-1.5,0.6801,0.3199,-5.0,0.0,0,0,1.12,0.5,0.3,0.2,0.9,-0.3,1.2,,,,,,,,,,,,
632617,2021-09-03,2021,Washington Nationals,New York Mets,Sean Nolin,Rich Hill,2,6,0,115,-125,130.0,-150.0,9.0,9.0,1.5,0.4557,0.5443,-15.0,0.0,0,1,0.95,0.2,0.5,-0.3,-1.8,0.4,-2.2,,,,,,,,,,,,
632660,2021-09-03,2021,Chicago Cubs,Pittsburgh Pirates,Alec Mills,Steven Brault,6,5,1,-144,134,-135.0,115.0,8.5,9.0,-1.5,0.58,0.42,-9.0,-0.5,0,0,1.06,0.5,0.4,0.09999999999999998,-0.9,-1.7,0.7999999999999999,,,,,,,,,,,,
632695,2021-09-03,2021,Colorado Rockies,Atlanta Braves,Chi Chi González,Touki Toussaint,5,6,0,121,-131,115.0,-135.0,11.0,12.5,1.5,0.4438,0.5562,6.0,-1.5,0,0,1.38,0.5,0.4,0.09999999999999998,0.4,-0.1,0.5,,,,,,,,,,,,
632646,2021-09-03,2021,Chicago Cubs,Pittsburgh Pirates,Keegan Thompson,Mitch Keller,6,5,1,-144,134,-135.0,115.0,8.5,9.0,-1.5,0.58,0.42,-9.0,-0.5,0,0,1.06,0.5,0.4,0.09999999999999998,-0.9,-1.7,0.7999999999999999,,,,,,,,,,,,
632667,2021-09-04,2021,Milwaukee Brewers,St. Louis Cardinals,Adrian Houser,Kwang Hyun Kim,4,0,1,-119,109,-150.0,130.0,8.5,8.5,-1.5,0.5318,0.4682,31.0,0.0,1,0,1.03,0.6,0.6,0.0,0.7,0.4,0.29999999999999993,,,,,,,,,,,,
632652,2021-09-04,2021,Kansas City Royals,Chicago White Sox,Daniel Lynch IV,Reynaldo López,7,10,0,138,-148,130.0,-150.0,8.5,9.0,1.5,0.4132,0.5868,8.0,-0.5,0,0,1.01,0.4,0.6,-0.19999999999999996,-0.4,0.8,-1.2000000000000002,,,,,,,,,,,,
632649,2021-09-04,2021,Cincinnati Reds,Detroit Tigers,Tyler Mahle,Matthew Boyd,7,4,1,-188,173,-210.0,175.0,9.0,9.0,-1.5,0.6406,0.3594,22.0,0.0,1,0,1.18,0.3,0.5,-0.2,-0.4,0.5,-0.9,,,,,,,,,,,,
632626,2021-09-04,2021,Miami Marlins,Philadelphia Phillies,Trevor Rogers,Ranger Suarez,3,2,1,108,-118,105.0,-125.0,7.5,7.5,1.5,0.4704,0.5296,3.0,0.0,0,0,0.88,0.6,0.6,0.0,0.3,0.7,-0.39999999999999997,,,,,,,,,,,,
632600,2021-09-04,2021,Tampa Bay Rays,Minnesota Twins,Chris Archer,Andrew Albers,11,4,1,-210,190,-200.0,170.0,8.5,9.0,-1.5,0.6627,0.3373,-10.0,-0.5,0,0,0.91,0.8,0.4,0.4,1.8,-1.6,3.4000000000000004,,,,,,,,,,,,
632624,2021-09-04,2021,Chicago Cubs,Pittsburgh Pirates,Kyle Hendricks,JT Brubaker,7,6,1,-148,138,-170.0,145.0,8.5,8.5,-1.5,0.5868,0.4132,22.0,0.0,1,0,1.06,0.7,0.3,0.39999999999999997,0.3,-1.7,2.0,,,,,,,,,,,,
632622,2021-09-04,2021,New York Yankees,Baltimore Orioles,Jordan Montgomery,Chris Ellis,3,4,0,-350,300,-305.0,245.0,9.0,10.0,-1.5,0.7568,0.2432,-45.0,-1.0,0,0,1.12,0.6,0.3,0.3,1.0,-0.2,1.2,,,,,,,,,,,,
632616,2021-09-04,2021,Toronto Blue Jays,Oakland Athletics,José Berríos,Paul Blackburn,10,8,1,-178,164,-160.0,135.0,9.0,9.0,-1.5,0.6283,0.3717,-18.0,0.0,0,0,1.04,0.6,0.4,0.19999999999999996,0.1,-0.5,0.6,,,,,,,,,,,,
632651,2021-09-04,2021,San Diego Padres,Houston Astros,Jake Arrieta,José Urquidy,3,6,0,-111,101,-120.0,100.0,7.5,8.0,-1.5,0.5139,0.4861,9.0,-0.5,0,0,0.9,0.4,0.5,-0.09999999999999998,-1.4,-1.5,0.10000000000000009,,,,,,,,,,,,
632708,2021-09-04,2021,Arizona Diamondbacks,Seattle Mariners,Madison Bumgarner,Tyler Anderson,5,6,0,117,-127,110.0,-130.0,9.0,9.0,1.5,0.4517,0.5483,7.0,0.0,0,0,0.92,0.3,0.6,-0.3,-1.0,0.9,-1.9,,,,,,,,,,,,
632632,2021-09-04,2021,Los Angeles Angels,Texas Rangers,Shohei Ohtani,Glenn Otto Jr.,3,2,1,-145,135,-170.0,145.0,9.0,8.0,-1.5,0.5817,0.4183,25.0,1.0,1,0,0.94,0.4,0.5,-0.09999999999999998,-1.4,0.0,-1.4,,,,,,,,,,,,
632644,2021-09-04,2021,Colorado Rockies,Atlanta Braves,Antonio Senzatela,Huascar Ynoa,4,3,1,100,-110,105.0,-125.0,11.0,10.5,1.5,0.4884,0.5116,-5.0,0.5,0,0,1.38,0.4,0.4,0.0,0.0,-0.1,0.1,,,,,,,,,,,,
632638,2021-09-04,2021,Milwaukee Brewers,St. Louis Cardinals,Freddy Peralta,Adam Wainwright,4,15,0,-119,109,-150.0,130.0,8.5,8.5,-1.5,0.5318,0.4682,31.0,0.0,1,0,1.03,0.6,0.6,0.0,0.7,0.4,0.29999999999999993,,,,,,,,,,,,
632633,2021-09-04,2021,Kansas City Royals,Chicago White Sox,Carlos Hernández,Dallas Keuchel,7,2,1,138,-148,130.0,-150.0,8.5,9.0,1.5,0.4132,0.5868,8.0,-0.5,0,0,1.01,0.4,0.6,-0.19999999999999996,-0.4,0.8,-1.2000000000000002,,,,,,,,,,,,
632611,2021-09-04,2021,Washington Nationals,New York Mets,Josh Rogers,Tylor Megill,4,3,1,140,-150,135.0,-160.0,6.5,6.5,1.5,0.4098,0.5902,5.0,0.0,0,0,0.95,0.2,0.5,-0.3,-1.8,0.3,-2.1,,,,,,,,,,,,
632602,2021-09-05,2021,Miami Marlins,Philadelphia Phillies,Elieser Hernández,Sam Coonrod,3,4,0,-106,-104,-125.0,105.0,7.5,8.0,1.5,0.5023,0.4977,19.0,-0.5,1,0,0.88,0.7,0.6,0.09999999999999998,0.8,0.8,0.0,,,,,,,,,,,,
632647,2021-09-05,2021,San Diego Padres,Houston Astros,Chris Paddack,Luis Garcia,4,3,1,-105,-105,100.0,-120.0,8.5,9.0,1.5,0.5,0.5,-205.0,-0.5,0,1,0.9,0.4,0.6,-0.19999999999999996,-1.4,-0.9,-0.4999999999999999,,,,,,,,,,,,
632619,2021-09-05,2021,Los Angeles Angels,Texas Rangers,Janson Junk,Taylor Hearn,3,7,0,-124,114,-130.0,110.0,9.5,9.0,-1.5,0.5423,0.4577,6.0,0.5,0,0,0.94,0.5,0.4,0.09999999999999998,-0.9,-0.1,-0.8,,,,,,,,,,,,
632606,2021-09-05,2021,Colorado Rockies,Atlanta Braves,Ryan Feltner,Charlie Morton,2,9,0,180,-200,125.0,-145.0,11.5,11.0,1.5,0.3488,0.6512,55.0,0.5,0,0,1.38,0.5,0.3,0.2,0.3,-0.4,0.7,,,,,,,,,,,,
632601,2021-09-05,2021,Arizona Diamondbacks,Seattle Mariners,Tyler Gilbert,Chris Flexen,4,10,0,110,-120,125.0,-145.0,9.0,9.0,1.5,0.4661,0.5339,-15.0,0.0,0,1,0.92,0.3,0.6,-0.3,-1.0,0.7,-1.7,,,,,,,,,,,,
632610,2021-09-05,2021,Milwaukee Brewers,St. Louis Cardinals,Corbin Burnes,Jon Lester,6,5,1,-210,190,-245.0,195.0,7.5,8.0,-1.5,0.6627,0.3373,35.0,-0.5,1,0,1.03,0.6,0.6,0.0,0.1,0.9,-0.8,,,,,,,,,,,,
632614,2021-09-05,2021,Kansas City Royals,Chicago White Sox,Brady Singer,Dylan Cease,6,0,1,130,-140,150.0,-180.0,8.5,9.0,1.5,0.427,0.573,-20.0,-0.5,0,1,1.01,0.4,0.7,-0.29999999999999993,-0.4,1.6,-2.0,,,,,,,,,,,,
632605,2021-09-05,2021,Tampa Bay Rays,Minnesota Twins,Luis Patiño,Griffin Jax,5,6,0,-210,190,-210.0,175.0,9.0,9.0,-1.5,0.6627,0.3373,0.0,0.0,0,0,0.91,0.8,0.3,0.5,2.3,-2.3,4.6,,,,,,,,,,,,
632613,2021-09-05,2021,Chicago Cubs,Pittsburgh Pirates,Zach Davies,Wil Crowe,11,8,1,-140,130,-150.0,130.0,9.0,9.5,-1.5,0.573,0.427,10.0,-0.5,0,0,1.06,0.7,0.2,0.49999999999999994,0.2,-2.0,2.2,,,,,,,,,,,,
632607,2021-09-05,2021,Toronto Blue Jays,Oakland Athletics,Robbie Ray,Cole Irvin,8,0,1,-210,190,-195.0,165.0,9.5,9.0,-1.5,0.6627,0.3373,-15.0,0.5,0,0,1.04,0.7,0.4,0.29999999999999993,0.6,-0.3,0.8999999999999999,,,,,,,,,,,,
632582,2021-09-05,2021,New York Yankees,Baltimore Orioles,Corey Kluber,Keegan Akin,7,8,0,-330,285,-300.0,240.0,9.5,9.5,-1.5,0.7471,0.2529,-30.0,0.0,0,0,1.12,0.5,0.4,0.09999999999999998,0.5,0.5,0.0,,,,,,,,,,,,
632598,2021-09-05,2021,Washington Nationals,New York Mets,Josiah Gray,Taijuan Walker,6,13,0,112,-122,125.0,-145.0,9.0,8.5,1.5,0.4619,0.5381,-13.0,0.5,0,1,0.95,0.2,0.5,-0.3,-2.1,1.0,-3.1,,,,,,,,,,,,
632625,2021-09-05,2021,Los Angeles Angels,Texas Rangers,José Suarez,Kolby Allard,4,1,1,-124,114,-130.0,110.0,9.5,9.0,-1.5,0.5423,0.4577,6.0,0.5,0,0,0.94,0.5,0.4,0.09999999999999998,-0.9,-0.1,-0.8,,,,,,,,,,,,
632612,2021-09-05,2021,San Diego Padres,Houston Astros,Joe Musgrove,Framber Valdez,10,2,1,-105,-105,100.0,-120.0,8.5,9.0,1.5,0.5,0.5,-205.0,-0.5,0,1,0.9,0.4,0.6,-0.19999999999999996,-1.4,-0.9,-0.4999999999999999,,,,,,,,,,,,
632615,2021-09-05,2021,Colorado Rockies,Atlanta Braves,Germán Márquez,Ian Anderson,7,6,1,180,-200,125.0,-145.0,11.5,11.0,1.5,0.3488,0.6512,55.0,0.5,0,0,1.38,0.5,0.3,0.2,0.3,-0.4,0.7,,,,,,,,,,,,
632623,2021-09-05,2021,Arizona Diamondbacks,Seattle Mariners,Humberto Castellanos,Marco Gonzales,5,8,0,110,-120,125.0,-145.0,9.0,9.0,1.5,0.4661,0.5339,-15.0,0.0,0,1,0.92,0.3,0.6,-0.3,-1.0,0.7,-1.7,,,,,,,,,,,,
632618,2021-09-05,2021,Cincinnati Reds,Detroit Tigers,Luis Castillo,Casey Mize,1,4,0,-210,190,-220.0,180.0,9.0,9.0,-1.5,0.6627,0.3373,10.0,0.0,0,0,1.18,0.4,0.4,0.0,0.2,0.0,0.2,,,,,,,,,,,,
632628,2021-09-06,2021,St. Louis Cardinals,Los Angeles Dodgers,Miles Mikolas,Max Scherzer,1,5,0,190,-210,165.0,-195.0,7.5,8.0,1.5,0.3373,0.6627,25.0,-0.5,0,0,0.98,0.5,0.6,-0.09999999999999998,0.7,0.6,0.09999999999999998,,,,,,,,,,,,
632597,2021-09-06,2021,Chicago Cubs,Cincinnati Reds,Justin Steele,Sonny Gray,4,3,1,140,-150,145.0,-170.0,8.0,8.5,1.5,0.4098,0.5902,-5.0,-0.5,0,0,1.06,0.7,0.4,0.29999999999999993,0.2,0.2,0.0,,,,,,,,,,,,
632584,2021-09-06,2021,Milwaukee Brewers,Philadelphia Phillies,Brandon Woodruff,Zack Wheeler,0,12,0,-128,118,-160.0,135.0,7.0,7.5,-1.5,0.5503,0.4497,32.0,-0.5,1,0,1.03,0.6,0.7,-0.09999999999999998,-0.1,1.2,-1.3,,,,,,,,,,,,
632585,2021-09-06,2021,Pittsburgh Pirates,Detroit Tigers,Bryse Wilson,Tarik Skubal,6,3,1,120,-130,110.0,-130.0,8.5,9.0,1.5,0.4457,0.5543,10.0,-0.5,0,0,0.96,0.2,0.4,-0.2,-2.0,0.2,-2.2,,,,,,,,,,,,
632596,2021-09-06,2021,Houston Astros,Seattle Mariners,Lance McCullers Jr.,Yusei Kikuchi,11,2,1,-215,195,-220.0,180.0,8.5,8.5,-1.5,0.6682,0.3318,5.0,0.0,0,0,1.0,0.5,0.6,-0.09999999999999998,-1.3,1.0,-2.3,,,,,,,,,,,,
632593,2021-09-06,2021,New York Yankees,Toronto Blue Jays,Jameson Taillon,Hyun Jin Ryu,0,8,0,-138,128,-140.0,120.0,10.0,9.5,-1.5,0.5693,0.4307,2.0,0.5,0,0,1.12,0.4,0.7,-0.29999999999999993,0.3,1.2,-0.8999999999999999,,,,,,,,,,,,
632604,2021-09-06,2021,Washington Nationals,New York Mets,Patrick Corbin,Trevor Williams,4,3,1,112,-122,110.0,-130.0,9.5,9.0,1.5,0.4619,0.5381,2.0,0.5,0,0,0.95,0.2,0.6,-0.39999999999999997,-2.7,1.8,-4.5,,,,,,,,,,,,
632658,2021-09-06,2021,Baltimore Orioles,Kansas City Royals,Zac Lowther,Kris Bubic,2,3,0,100,-110,-110.0,-110.0,10.0,10.0,1.5,0.4884,0.5116,210.0,0.0,0,0,1.08,0.4,0.5,-0.09999999999999998,0.2,0.3,-0.09999999999999998,,,,,,,,,,,,
632603,2021-09-06,2021,Boston Red Sox,Tampa Bay Rays,Chris Sale,Ryan Yarbrough,10,11,0,-140,130,-145.0,125.0,10.0,9.0,-1.5,0.573,0.427,5.0,1.0,0,0,1.14,0.6,0.7,-0.09999999999999998,-0.4,1.9,-2.3,,,,,,,,,,,,
632558,2021-09-07,2021,St. Louis Cardinals,Los Angeles Dodgers,J.A. Happ,Corey Knebel,2,7,0,135,-145,175.0,-210.0,9.0,9.0,1.5,0.4183,0.5817,-40.0,0.0,0,1,0.98,0.5,0.6,-0.09999999999999998,0.7,0.6,0.09999999999999998,,,,,,,,,,,,
632569,2021-09-07,2021,Milwaukee Brewers,Philadelphia Phillies,Eric Lauer,Aaron Nola,10,0,1,-110,100,-110.0,-110.0,8.5,8.0,1.5,0.5116,0.4884,0.0,0.5,0,0,1.03,0.6,0.8,-0.20000000000000007,-1.1,2.5,-3.6,,,,,,,,,,,,
632637,2021-09-07,2021,Chicago Cubs,Cincinnati Reds,Adrian Sampson,Wade Miley,3,4,0,129,-139,145.0,-170.0,9.5,10.5,1.5,0.4288,0.5712,-16.0,-1.0,0,1,1.06,0.8,0.3,0.5,0.3,-0.3,0.6,,,,,,,,,,,,
632588,2021-09-07,2021,Boston Red Sox,Tampa Bay Rays,Eduardo Rodriguez,Drew Rasmussen,7,12,0,-112,102,-110.0,-110.0,9.5,9.5,-1.5,0.5162,0.4838,-2.0,0.0,0,0,1.14,0.5,0.7,-0.19999999999999996,-0.6,1.7,-2.3,,,,,,,,,,,,
632583,2021-09-07,2021,Atlanta Braves,Washington Nationals,Max Fried,Paolo Espino,8,5,1,-260,230,-225.0,185.0,9.0,9.0,-1.5,0.7044,0.2956,-35.0,0.0,0,0,1.05,0.4,0.3,0.10000000000000003,0.7,-2.4,3.0999999999999996,,,,,,,,,,,,
632594,2021-09-07,2021,Baltimore Orioles,Kansas City Royals,Alex Wells,Jackson Kowar,7,3,1,110,-120,-110.0,-110.0,10.0,10.0,1.5,0.4661,0.5339,220.0,0.0,0,0,1.08,0.3,0.5,-0.2,-1.1,0.2,-1.3,,,,,,,,,,,,
632572,2021-09-07,2021,Miami Marlins,New York Mets,Edward Cabrera,Carlos Carrasco,4,9,0,162,-174,135.0,-160.0,7.5,8.0,1.5,0.3754,0.6246,27.0,-0.5,0,0,0.88,0.6,0.6,0.0,0.6,1.8,-1.2000000000000002,,,,,,,,,,,,
632560,2021-09-07,2021,Pittsburgh Pirates,Detroit Tigers,Dillon Peters,Wily Peralta,3,2,1,-110,100,-110.0,-110.0,9.0,9.0,-1.5,0.5116,0.4884,0.0,0.0,0,0,0.96,0.2,0.4,-0.2,-2.1,0.0,-2.1,,,,,,,,,,,,
632577,2021-09-07,2021,New York Yankees,Toronto Blue Jays,Gerrit Cole,Steven Matz,1,5,0,-220,200,-195.0,165.0,8.0,8.5,-1.5,0.6735,0.3265,-25.0,-0.5,0,0,1.12,0.3,0.8,-0.5,-0.6,2.3,-2.9,,,,,,,,,,,,
632643,2021-09-08,2021,St. Louis Cardinals,Los Angeles Dodgers,Adam Wainwright,Mitch White,5,4,1,117,-127,-110.0,-110.0,8.0,8.5,1.5,0.4517,0.5483,227.0,-0.5,0,0,0.98,0.4,0.7,-0.29999999999999993,0.1,1.3,-1.2,,,,,,,,,,,,
632565,2021-09-08,2021,Milwaukee Brewers,Philadelphia Phillies,Freddy Peralta,Kyle Gibson,4,3,1,-160,150,-170.0,145.0,8.0,8.0,-1.5,0.6061,0.3939,10.0,0.0,0,0,1.03,0.7,0.7,0.0,0.1,1.4,-1.2999999999999998,,,,,,,,,,,,
632566,2021-09-08,2021,Chicago Cubs,Cincinnati Reds,Alec Mills,Vladimir Gutierrez,4,1,1,100,-110,125.0,-145.0,9.0,9.0,1.5,0.4884,0.5116,-25.0,0.0,0,1,1.06,0.8,0.3,0.5,0.6,-0.8,1.4,,,,,,,,,,,,
632554,2021-09-08,2021,Atlanta Braves,Washington Nationals,Touki Toussaint,Sean Nolin,2,4,0,-200,180,-220.0,180.0,10.0,9.5,-1.5,0.6512,0.3488,20.0,0.5,1,0,1.05,0.4,0.2,0.2,0.9,-2.8,3.6999999999999997,,,,,,,,,,,,
632575,2021-09-08,2021,Boston Red Sox,Tampa Bay Rays,Nathan Eovaldi,Shane McClanahan,2,1,1,-109,-101,-110.0,-110.0,10.0,9.5,-1.5,0.5093,0.4907,1.0,0.5,0,0,1.14,0.4,0.7,-0.29999999999999993,-1.3,2.1,-3.4000000000000004,,,,,,,,,,,,
632567,2021-09-08,2021,New York Yankees,Toronto Blue Jays,Luis Gil,Alek Manoah,3,6,0,-126,116,-120.0,100.0,9.5,9.5,-1.5,0.5463,0.4537,-6.0,0.0,0,0,1.12,0.3,0.9,-0.6000000000000001,-0.9,2.8,-3.6999999999999997,,,,,,,,,,,,
632576,2021-09-08,2021,Baltimore Orioles,Kansas City Royals,Matt Harvey,Mike Minor,9,8,1,111,-121,110.0,-130.0,9.5,10.0,1.5,0.464,0.536,1.0,-0.5,0,0,1.08,0.4,0.4,0.0,-0.4,-0.4,0.0,,,,,,,,,,,,
632573,2021-09-08,2021,Arizona Diamondbacks,Texas Rangers,Luke Weaver,Kohei Arihara,5,8,0,-153,143,-160.0,135.0,9.0,8.5,-1.5,0.5951,0.4049,7.0,0.5,0,0,0.92,0.2,0.5,-0.3,-2.0,0.9,-2.9,,,,,,,,,,,,
632609,2021-09-08,2021,Pittsburgh Pirates,Detroit Tigers,Mitch Keller,Matt Manning,1,5,0,-122,112,-115.0,-105.0,9.0,9.0,-1.5,0.5381,0.4619,-7.0,0.0,0,0,0.96,0.3,0.3,0.0,-1.9,-0.2,-1.7,,,,,,,,,,,,
632580,2021-09-08,2021,Houston Astros,Seattle Mariners,José Urquidy,Tyler Anderson,5,8,0,-160,150,-210.0,175.0,8.5,9.0,-1.5,0.6061,0.3939,50.0,-0.5,1,0,1.0,0.5,0.6,-0.09999999999999998,-0.8,0.3,-1.1,,,,,,,,,,,,
632581,2021-09-08,2021,San Diego Padres,Los Angeles Angels,Blake Snell,Packy Naughton,0,4,0,-270,240,-280.0,230.0,8.0,7.5,-1.5,0.7127,0.2873,10.0,0.5,0,0,0.9,0.5,0.5,0.0,-0.3,-1.3,1.0,,,,,,,,,,,,
632578,2021-09-08,2021,Oakland Athletics,Chicago White Sox,James Kaprielian,Jimmy Lambert,3,6,0,-149,139,-165.0,140.0,8.5,9.0,-1.5,0.5885,0.4115,16.0,-0.5,1,0,0.9,0.4,0.6,-0.19999999999999996,-0.9,0.7,-1.6,,,,,,,,,,,,
632595,2021-09-08,2021,Arizona Diamondbacks,Texas Rangers,Zac Gallen,Spencer Howard,1,3,0,-153,143,-160.0,135.0,9.0,8.5,-1.5,0.5951,0.4049,7.0,0.5,0,0,0.92,0.2,0.5,-0.3,-2.0,0.9,-2.9,,,,,,,,,,,,
632590,2021-09-08,2021,Houston Astros,Seattle Mariners,Jake Odorizzi,Logan Gilbert,5,4,1,-160,150,-210.0,175.0,8.5,9.0,-1.5,0.6061,0.3939,50.0,-0.5,1,0,1.0,0.5,0.6,-0.09999999999999998,-0.8,0.3,-1.1,,,,,,,,,,,,
632574,2021-09-08,2021,Miami Marlins,New York Mets,Sandy Alcantara,Rich Hill,2,1,1,-105,-105,115.0,-135.0,7.0,7.5,1.5,0.5,0.5,-220.0,-0.5,0,1,0.88,0.5,0.7,-0.19999999999999996,-0.1,2.4,-2.5,,,,,,,,,,,,
632546,2021-09-09,2021,New York Yankees,Toronto Blue Jays,Nestor Cortes,José Berríos,4,6,0,-111,101,-120.0,100.0,8.5,9.5,-1.5,0.5139,0.4861,9.0,-1.0,0,0,1.12,0.2,0.9,-0.7,-1.8,3.0,-4.8,,,,,,,,,,,,
632548,2021-09-09,2021,Philadelphia Phillies,Colorado Rockies,Ranger Suarez,Antonio Senzatela,3,4,0,-174,162,-190.0,160.0,8.0,8.5,-1.5,0.6246,0.3754,16.0,-0.5,1,0,1.07,0.6,0.3,0.3,0.6,-2.1,2.7,,,,,,,,,,,,
632556,2021-09-09,2021,Baltimore Orioles,Kansas City Royals,John Means,Carlos Hernández,0,6,0,-116,106,-130.0,110.0,8.5,9.5,-1.5,0.5252,0.4748,14.0,-1.0,1,0,1.08,0.5,0.3,0.2,-0.2,-0.6,0.39999999999999997,,,,,,,,,,,,
632570,2021-09-09,2021,Atlanta Braves,Washington Nationals,Huascar Ynoa,Erick Fedde,7,6,1,-210,190,-220.0,180.0,9.0,9.5,-1.5,0.6627,0.3373,10.0,-0.5,0,0,1.05,0.4,0.3,0.10000000000000003,1.2,-2.4,3.5999999999999996,,,,,,,,,,,,
632562,2021-09-09,2021,Oakland Athletics,Chicago White Sox,Sean Manaea,Reynaldo López,3,1,1,-145,135,-135.0,115.0,7.5,9.0,-1.5,0.5817,0.4183,-10.0,-1.5,0,0,0.9,0.4,0.7,-0.29999999999999993,-1.1,1.2,-2.3,,,,,,,,,,,,
632564,2021-09-09,2021,St. Louis Cardinals,Los Angeles Dodgers,Jake Woodford,Tony Gonsolin,2,1,1,145,-155,165.0,-195.0,9.0,8.5,1.5,0.4017,0.5983,-20.0,0.5,0,1,0.98,0.4,0.7,-0.29999999999999993,-1.1,1.7,-2.8,,,,,,,,,,,,
632545,2021-09-09,2021,Oakland Athletics,Chicago White Sox,Frankie Montas,Dallas Keuchel,5,1,1,-145,135,-135.0,115.0,7.5,9.0,-1.5,0.5817,0.4183,-10.0,-1.5,0,0,0.9,0.4,0.7,-0.29999999999999993,-1.1,1.2,-2.3,,,,,,,,,,,,
632536,2021-09-09,2021,Miami Marlins,New York Mets,Jesús Luzardo,Marcus Stroman,3,2,1,157,-167,140.0,-165.0,7.5,7.5,1.5,0.3835,0.6165,17.0,0.0,0,0,0.88,0.6,0.6,0.0,0.6,2.1,-1.5,,,,,,,,,,,,
632571,2021-09-10,2021,Atlanta Braves,Miami Marlins,Ian Anderson,Trevor Rogers,6,2,1,-182,167,-200.0,170.0,8.0,8.5,-1.5,0.6328,0.3672,18.0,-0.5,1,0,1.05,0.4,0.6,-0.19999999999999996,0.4,0.2,0.2,,,,,,,,,,,,
632543,2021-09-10,2021,Detroit Tigers,Tampa Bay Rays,Tyler Alexander,Michael Wacha,10,4,1,144,-154,145.0,-170.0,9.0,9.5,1.5,0.4033,0.5967,-1.0,-0.5,0,0,1.0,0.4,0.6,-0.19999999999999996,0.3,1.6,-1.3,,,,,,,,,,,,
632552,2021-09-10,2021,New York Mets,New York Yankees,Tylor Megill,Jordan Montgomery,10,3,1,106,-116,100.0,-120.0,8.0,8.5,1.5,0.4748,0.5252,6.0,-0.5,0,0,0.97,0.5,0.2,0.3,1.5,-1.8,3.3,,,,,,,,,,,,
632563,2021-09-10,2021,Baltimore Orioles,Toronto Blue Jays,Chris Ellis,Robbie Ray,6,3,1,255,-295,235.0,-290.0,9.0,9.5,1.5,0.2739,0.7261,20.0,-0.5,0,0,1.08,0.5,0.9,-0.4,-0.4,3.1,-3.5,,,,,,,,,,,,
632555,2021-09-10,2021,Pittsburgh Pirates,Washington Nationals,Steven Brault,Josh Rogers,4,3,1,-123,113,-115.0,-105.0,9.0,8.5,-1.5,0.5402,0.4598,-8.0,0.5,0,0,0.96,0.3,0.3,0.0,-1.0,-2.0,1.0,,,,,,,,,,,,
632537,2021-09-10,2021,Philadelphia Phillies,Colorado Rockies,Sam Coonrod,Germán Márquez,2,11,0,-150,140,-140.0,120.0,8.5,8.5,-1.5,0.5902,0.4098,-10.0,0.0,0,0,1.07,0.5,0.4,0.09999999999999998,0.2,-1.9,2.1,,,,,,,,,,,,
632515,2021-09-11,2021,Detroit Tigers,Tampa Bay Rays,Casey Mize,Chris Archer,2,7,0,142,-152,130.0,-150.0,9.5,9.0,1.5,0.4066,0.5934,12.0,0.5,0,0,1.0,0.5,0.5,0.0,1.0,0.5,0.5,,,,,,,,,,,,
632538,2021-09-11,2021,Atlanta Braves,Miami Marlins,Charlie Morton,Elieser Hernández,4,6,0,-245,215,-225.0,185.0,7.5,8.5,-1.5,0.6911,0.3089,-20.0,-1.0,0,0,1.05,0.5,0.5,0.0,1.0,-0.3,1.3,,,,,,,,,,,,
632525,2021-09-11,2021,St. Louis Cardinals,Cincinnati Reds,Miles Mikolas,Luis Castillo,6,4,1,103,-113,110.0,-130.0,8.0,8.5,1.5,0.4815,0.5185,-7.0,-0.5,0,0,0.98,0.5,0.3,0.2,-0.9,-0.6,-0.30000000000000004,,,,,,,,,,,,
632531,2021-09-11,2021,Chicago White Sox,Boston Red Sox,Dylan Cease,Connor Seabold,8,9,0,-174,162,-170.0,145.0,9.5,9.0,-1.5,0.6246,0.3754,-4.0,0.5,0,0,0.95,0.6,0.5,0.09999999999999998,1.0,-1.0,2.0,,,,,,,,,,,,
632527,2021-09-11,2021,Minnesota Twins,Kansas City Royals,Michael Pineda,Brady Singer,9,2,1,-138,128,-135.0,115.0,9.0,9.5,-1.5,0.5693,0.4307,-3.0,-0.5,0,0,1.02,0.4,0.4,0.0,-1.1,0.1,-1.2000000000000002,,,,,,,,,,,,
632529,2021-09-11,2021,Houston Astros,Los Angeles Angels,Luis Garcia,José Suarez,2,4,0,-240,210,-235.0,190.0,8.5,9.0,-1.5,0.6863,0.3137,-5.0,-0.5,0,0,1.0,0.4,0.6,-0.19999999999999996,-1.4,0.5,-1.9,,,,,,,,,,,,
632551,2021-09-11,2021,New York Mets,New York Yankees,Taijuan Walker,Corey Kluber,7,8,0,101,-111,115.0,-135.0,8.0,8.0,1.5,0.4861,0.5139,-14.0,0.0,0,1,0.97,0.5,0.2,0.3,2.0,-2.4,4.4,,,,,,,,,,,,
632540,2021-09-11,2021,Philadelphia Phillies,Colorado Rockies,Zack Wheeler,Kyle Freeland,6,1,1,-215,195,-220.0,180.0,7.5,7.5,-1.5,0.6682,0.3318,5.0,0.0,0,0,1.07,0.4,0.5,-0.09999999999999998,-1.0,-0.9,-0.09999999999999998,,,,,,,,,,,,
632501,2021-09-11,2021,Pittsburgh Pirates,Washington Nationals,Wil Crowe,Josiah Gray,10,7,1,122,-132,115.0,-135.0,9.0,9.0,1.5,0.4419,0.5581,7.0,0.0,0,0,0.96,0.3,0.3,0.0,-1.0,-1.8,0.8,,,,,,,,,,,,
632535,2021-09-11,2021,Oakland Athletics,Texas Rangers,Cole Irvin,Wes Benjamin,6,8,0,-192,176,-170.0,145.0,9.0,8.5,-1.5,0.6447,0.3553,-22.0,0.5,0,0,0.9,0.5,0.7,-0.19999999999999996,0.0,1.8,-1.8,,,,,,,,,,,,
632528,2021-09-11,2021,Seattle Mariners,Arizona Diamondbacks,Marco Gonzales,Madison Bumgarner,5,4,1,-170,160,-185.0,155.0,8.5,8.5,-1.5,0.6208,0.3792,15.0,0.0,1,0,0.89,0.7,0.1,0.6,0.8,-2.5,3.3,,,,,,,,,,,,
632542,2021-09-11,2021,Los Angeles Dodgers,San Diego Padres,Julio Urías,Joe Musgrove,3,0,1,-210,190,-200.0,170.0,8.0,8.0,-1.5,0.6627,0.3373,-10.0,0.0,0,0,0.93,0.6,0.6,0.0,1.3,0.2,1.1,,,,,,,,,,,,
632544,2021-09-11,2021,Oakland Athletics,Texas Rangers,Paul Blackburn,Glenn Otto Jr.,10,5,1,-192,176,-170.0,145.0,9.0,8.5,-1.5,0.6447,0.3553,-22.0,0.5,0,0,0.9,0.5,0.7,-0.19999999999999996,0.0,1.8,-1.8,,,,,,,,,,,,
632534,2021-09-11,2021,St. Louis Cardinals,Cincinnati Reds,Jon Lester,Tyler Mahle,2,4,0,103,-113,110.0,-130.0,8.0,8.5,1.5,0.4815,0.5185,-7.0,-0.5,0,0,0.98,0.5,0.3,0.2,-0.9,-0.6,-0.30000000000000004,,,,,,,,,,,,
632559,2021-09-11,2021,Chicago White Sox,Boston Red Sox,Carlos Rodón,Tanner Houck,4,3,1,-174,162,-170.0,145.0,9.5,9.0,-1.5,0.6246,0.3754,-4.0,0.5,0,0,0.95,0.6,0.5,0.09999999999999998,1.0,-1.0,2.0,,,,,,,,,,,,
632541,2021-09-11,2021,Minnesota Twins,Kansas City Royals,Griffin Jax,Daniel Lynch IV,4,6,0,-138,128,-135.0,115.0,9.0,9.5,-1.5,0.5693,0.4307,-3.0,-0.5,0,0,1.02,0.4,0.4,0.0,-1.1,0.1,-1.2000000000000002,,,,,,,,,,,,
632549,2021-09-11,2021,Houston Astros,Los Angeles Angels,Framber Valdez,Shohei Ohtani,10,5,1,-240,210,-235.0,190.0,8.5,9.0,-1.5,0.6863,0.3137,-5.0,-0.5,0,0,1.0,0.4,0.6,-0.19999999999999996,-1.4,0.5,-1.9,,,,,,,,,,,,
632539,2021-09-11,2021,Baltimore Orioles,Toronto Blue Jays,Dean Kremer,Hyun Jin Ryu,10,11,0,210,-240,220.0,-270.0,7.5,7.5,1.5,0.3137,0.6863,-10.0,0.0,0,0,1.08,0.6,0.8,-0.20000000000000007,0.3,2.4,-2.1,,,,,,,,,,,,
632524,2021-09-12,2021,Seattle Mariners,Arizona Diamondbacks,Yusei Kikuchi,Tyler Gilbert,4,5,0,-160,150,-190.0,160.0,8.0,8.5,-1.5,0.6061,0.3939,30.0,-0.5,1,0,0.89,0.7,0.1,0.6,0.8,-1.9,2.7,,,,,,,,,,,,
632568,2021-09-12,2021,Los Angeles Dodgers,San Diego Padres,Max Scherzer,Blake Snell,8,0,1,-162,152,-200.0,170.0,7.5,7.5,-1.5,0.6091,0.3909,38.0,0.0,1,0,0.93,0.6,0.5,0.09999999999999998,1.4,-0.6,2.0,,,,,,,,,,,,
632553,2021-09-12,2021,Oakland Athletics,Texas Rangers,James Kaprielian,Taylor Hearn,3,4,0,-180,165,-195.0,165.0,8.0,8.5,-1.5,0.6301,0.3699,15.0,-0.5,1,0,0.9,0.4,0.6,-0.19999999999999996,-0.5,0.3,-0.8,,,,,,,,,,,,
632516,2021-09-12,2021,St. Louis Cardinals,Cincinnati Reds,J.A. Happ,Sonny Gray,2,0,1,105,-115,120.0,-140.0,9.0,8.5,1.5,0.477,0.523,-15.0,0.5,0,1,0.98,0.4,0.4,0.0,-1.1,-0.3,-0.8,,,,,,,,,,,,
632513,2021-09-12,2021,Chicago White Sox,Boston Red Sox,Lance Lynn,Nick Pivetta,2,1,1,-160,150,-165.0,140.0,9.0,9.5,-1.5,0.6061,0.3939,5.0,-0.5,0,0,0.95,0.5,0.6,-0.09999999999999998,-0.6,-0.2,-0.39999999999999997,,,,,,,,,,,,
632519,2021-09-12,2021,Minnesota Twins,Kansas City Royals,Bailey Ober,Kris Bubic,3,5,0,-162,152,-170.0,145.0,8.5,9.0,-1.5,0.6091,0.3909,8.0,-0.5,0,0,1.02,0.5,0.5,0.0,0.0,0.3,-0.3,,,,,,,,,,,,
632532,2021-09-12,2021,Houston Astros,Los Angeles Angels,Lance McCullers Jr.,Jaime Barria,3,1,1,-290,250,-250.0,200.0,8.5,9.0,-1.5,0.7224,0.2776,-40.0,-0.5,0,0,1.0,0.4,0.5,-0.09999999999999998,-0.1,-0.7,0.6,,,,,,,,,,,,
632523,2021-09-12,2021,Atlanta Braves,Miami Marlins,Max Fried,Edward Cabrera,5,3,1,-280,245,-260.0,210.0,8.5,8.0,-1.5,0.7177,0.2823,-20.0,0.5,0,0,1.05,0.5,0.6,-0.09999999999999998,0.9,0.1,0.8,,,,,,,,,,,,
632514,2021-09-12,2021,Philadelphia Phillies,Colorado Rockies,Aaron Nola,Ryan Feltner,4,5,0,-275,245,-260.0,210.0,9.0,8.5,-1.5,0.7167,0.2833,-15.0,0.5,0,0,1.07,0.4,0.4,0.0,-1.1,-1.8,0.7,,,,,,,,,,,,
632498,2021-09-12,2021,Baltimore Orioles,Toronto Blue Jays,Zac Lowther,Steven Matz,7,22,0,180,-200,185.0,-225.0,11.0,10.0,1.5,0.3488,0.6512,-5.0,1.0,0,0,1.08,0.5,0.9,-0.4,0.0,2.7,-2.7,,,,,,,,,,,,
632526,2021-09-12,2021,Pittsburgh Pirates,Washington Nationals,Bryse Wilson,Patrick Corbin,2,6,0,112,-122,105.0,-125.0,9.0,9.0,1.5,0.4619,0.5381,7.0,0.0,0,0,0.96,0.4,0.3,0.10000000000000003,-0.5,-1.5,1.0,,,,,,,,,,,,
632512,2021-09-12,2021,Detroit Tigers,Tampa Bay Rays,Tarik Skubal,Luis Patiño,8,7,1,135,-145,130.0,-150.0,9.0,9.0,1.5,0.4183,0.5817,5.0,0.0,0,0,1.0,0.5,0.5,0.0,1.1,0.7,0.40000000000000013,,,,,,,,,,,,
632517,2021-09-12,2021,Seattle Mariners,Arizona Diamondbacks,Chris Flexen,Humberto Castellanos,3,7,0,-160,150,-190.0,160.0,8.0,8.5,-1.5,0.6061,0.3939,30.0,-0.5,1,0,0.89,0.7,0.1,0.6,0.8,-1.9,2.7,,,,,,,,,,,,
632530,2021-09-12,2021,Los Angeles Dodgers,San Diego Padres,Walker Buehler,Chris Paddack,5,4,1,-162,152,-200.0,170.0,7.5,7.5,-1.5,0.6091,0.3909,38.0,0.0,1,0,0.93,0.6,0.5,0.09999999999999998,1.4,-0.6,2.0,,,,,,,,,,,,
632518,2021-09-13,2021,Washington Nationals,Miami Marlins,Paolo Espino,Sandy Alcantara,0,3,0,-102,-108,-130.0,110.0,7.5,7.5,1.5,0.493,0.507,28.0,0.0,1,0,0.95,0.4,0.5,-0.09999999999999998,-1.1,-0.1,-1.0,,,,,,,,,,,,
632489,2021-09-13,2021,Toronto Blue Jays,Tampa Bay Rays,Alek Manoah,Collin McHugh,8,1,1,-130,120,-160.0,135.0,9.0,9.5,-1.5,0.5543,0.4457,30.0,-0.5,1,0,1.04,0.9,0.5,0.4,4.1,0.7,3.3999999999999995,,,,,,,,,,,,
632478,2021-09-13,2021,New York Mets,St. Louis Cardinals,Rich Hill,Adam Wainwright,0,7,0,-107,-103,-120.0,100.0,8.0,8.5,1.5,0.5046,0.4954,13.0,-0.5,1,0,0.97,0.5,0.5,0.0,1.9,0.1,1.7999999999999998,,,,,,,,,,,,
632504,2021-09-14,2021,Atlanta Braves,Colorado Rockies,Touki Toussaint,Jon Gray,4,5,0,-147,137,-180.0,150.0,9.0,9.0,-1.5,0.5851,0.4149,33.0,0.0,1,0,1.05,0.6,0.5,0.09999999999999998,1.2,-1.6,2.8,,,,,,,,,,,,
632492,2021-09-14,2021,New York Mets,St. Louis Cardinals,Marcus Stroman,Jake Woodford,6,7,0,-170,160,-160.0,135.0,8.0,8.0,-1.5,0.6208,0.3792,-10.0,0.0,0,0,0.97,0.4,0.5,-0.09999999999999998,0.8,-0.3,1.1,,,,,,,,,,,,
632497,2021-09-14,2021,Toronto Blue Jays,Tampa Bay Rays,José Berríos,Drew Rasmussen,0,2,0,-140,130,-140.0,120.0,9.0,9.0,-1.5,0.573,0.427,0.0,0.0,0,0,1.04,0.9,0.5,0.4,4.7,0.4,4.3,,,,,,,,,,,,
632500,2021-09-14,2021,Baltimore Orioles,New York Yankees,Alex Wells,Gerrit Cole,2,7,0,290,-340,250.0,-310.0,9.5,9.5,1.5,0.2492,0.7508,40.0,0.0,0,0,1.08,0.5,0.2,0.3,-1.4,-2.5,1.1,,,,,,,,,,,,
632496,2021-09-14,2021,Washington Nationals,Miami Marlins,Erick Fedde,Jesús Luzardo,8,2,1,-144,134,-135.0,115.0,8.5,8.5,-1.5,0.58,0.42,-9.0,0.0,0,0,0.95,0.4,0.6,-0.19999999999999996,-1.0,0.3,-1.3,,,,,,,,,,,,
632495,2021-09-14,2021,Philadelphia Phillies,Chicago Cubs,Kyle Gibson,Adrian Sampson,3,6,0,-188,173,-210.0,175.0,9.5,9.0,-1.5,0.6406,0.3594,22.0,0.5,1,0,1.07,0.3,0.6,-0.3,-1.2,-0.8,-0.3999999999999999,,,,,,,,,,,,
632499,2021-09-14,2021,Detroit Tigers,Milwaukee Brewers,Wily Peralta,Freddy Peralta,1,0,1,190,-210,175.0,-210.0,9.0,9.0,1.5,0.3373,0.6627,15.0,0.0,0,0,1.0,0.5,0.7,-0.19999999999999996,1.0,0.9,0.09999999999999998,,,,,,,,,,,,
632503,2021-09-14,2021,Pittsburgh Pirates,Cincinnati Reds,Dillon Peters,Wade Miley,6,5,1,144,-154,145.0,-170.0,8.5,8.5,1.5,0.4033,0.5967,-1.0,0.0,0,0,0.96,0.4,0.4,0.0,-0.6,-0.5,-0.09999999999999998,,,,,,,,,,,,
632507,2021-09-14,2021,Seattle Mariners,Boston Red Sox,Logan Gilbert,Eduardo Rodriguez,5,4,1,126,-136,120.0,-140.0,8.0,8.0,1.5,0.4343,0.5657,6.0,0.0,0,0,0.89,0.6,0.5,0.09999999999999998,0.0,-0.4,0.4,,,,,,,,,,,,
632509,2021-09-14,2021,Los Angeles Dodgers,Arizona Diamondbacks,Clayton Kershaw,Zac Gallen,5,1,1,-250,220,-260.0,210.0,9.0,8.5,-1.5,0.6957,0.3043,10.0,0.5,0,0,0.93,0.6,0.3,0.3,2.1,-0.9,3.0,,,,,,,,,,,,
632502,2021-09-14,2021,Texas Rangers,Houston Astros,Spencer Howard,Jake Odorizzi,1,15,0,175,-190,175.0,-210.0,9.0,9.0,1.5,0.3569,0.6431,0.0,0.0,0,0,1.1,0.6,0.5,0.09999999999999998,0.3,0.5,-0.2,,,,,,,,,,,,
632465,2021-09-15,2021,Atlanta Braves,Colorado Rockies,Huascar Ynoa,Antonio Senzatela,2,3,0,-206,186,-210.0,175.0,9.0,9.0,-1.5,0.6582,0.3418,4.0,0.0,0,0,1.05,0.5,0.5,0.0,1.0,-1.6,2.6,,,,,,,,,,,,
632521,2021-09-15,2021,New York Mets,St. Louis Cardinals,Tylor Megill,Jon Lester,4,11,0,-168,158,-150.0,130.0,8.5,8.0,-1.5,0.6179,0.3821,-18.0,0.5,0,0,0.97,0.4,0.6,-0.19999999999999996,0.8,0.2,0.6000000000000001,,,,,,,,,,,,
632494,2021-09-15,2021,Baltimore Orioles,New York Yankees,John Means,Nestor Cortes,3,4,0,149,-159,155.0,-185.0,10.0,10.0,1.5,0.3955,0.6045,-6.0,0.0,0,0,1.08,0.5,0.2,0.3,-1.8,-2.1,0.30000000000000004,,,,,,,,,,,,
632487,2021-09-15,2021,Pittsburgh Pirates,Cincinnati Reds,Mitch Keller,Vladimir Gutierrez,5,4,1,119,-129,135.0,-160.0,9.0,9.0,1.5,0.4477,0.5523,-16.0,0.0,0,1,0.96,0.5,0.3,0.2,-0.4,-1.6,1.2000000000000002,,,,,,,,,,,,
632481,2021-09-15,2021,Seattle Mariners,Boston Red Sox,Marco Gonzales,Tanner Houck,4,9,0,118,-128,105.0,-125.0,8.5,8.5,1.5,0.4497,0.5503,13.0,0.0,0,0,0.89,0.6,0.4,0.19999999999999996,0.0,-0.9,0.9,,,,,,,,,,,,
632483,2021-09-15,2021,Toronto Blue Jays,Tampa Bay Rays,Robbie Ray,Michael Wacha,6,3,1,-174,162,-170.0,145.0,9.0,9.0,-1.5,0.6246,0.3754,-4.0,0.0,0,0,1.04,0.8,0.5,0.30000000000000004,4.3,0.4,3.9,,,,,,,,,,,,
632486,2021-09-15,2021,Philadelphia Phillies,Chicago Cubs,Ranger Suarez,Alec Mills,6,5,1,-196,178,-195.0,165.0,9.0,9.0,-1.5,0.648,0.352,-1.0,0.0,0,0,1.07,0.3,0.6,-0.3,-0.8,-0.6,-0.20000000000000007,,,,,,,,,,,,
632477,2021-09-15,2021,Washington Nationals,Miami Marlins,Josh Rogers,Trevor Rogers,6,8,0,110,-120,-105.0,-115.0,9.0,8.5,1.5,0.4661,0.5339,215.0,0.5,0,0,0.95,0.4,0.5,-0.09999999999999998,-0.5,-1.0,0.5,,,,,,,,,,,,
632480,2021-09-15,2021,Seattle Mariners,Boston Red Sox,Tyler Anderson,Nathan Eovaldi,4,8,0,118,-128,105.0,-125.0,8.5,8.5,1.5,0.4497,0.5503,13.0,0.0,0,0,0.89,0.6,0.4,0.19999999999999996,0.0,-0.9,0.9,,,,,,,,,,,,
632505,2021-09-15,2021,Los Angeles Dodgers,Arizona Diamondbacks,Tony Gonsolin,Luke Weaver,8,4,1,-380,320,-355.0,285.0,8.0,8.0,-1.5,0.7688,0.2312,-25.0,0.0,0,0,0.93,0.7,0.3,0.39999999999999997,2.6,-1.0,3.6,,,,,,,,,,,,
632506,2021-09-15,2021,Chicago White Sox,Los Angeles Angels,Lucas Giolito,Packy Naughton,9,3,1,-220,200,-245.0,195.0,9.5,9.5,-1.5,0.6735,0.3265,25.0,0.0,1,0,0.95,0.5,0.4,0.09999999999999998,-0.7,-1.1,0.40000000000000013,,,,,,,,,,,,
632511,2021-09-15,2021,Kansas City Royals,Oakland Athletics,Jackson Kowar,Frankie Montas,10,7,1,121,-131,130.0,-150.0,8.5,8.5,1.5,0.4438,0.5562,-9.0,0.0,0,0,1.01,0.6,0.4,0.19999999999999996,0.7,-0.4,1.1,,,,,,,,,,,,
632482,2021-09-15,2021,Texas Rangers,Houston Astros,Jordan Lyles,Zack Greinke,8,1,1,169,-184,180.0,-220.0,9.0,9.0,1.5,0.3646,0.6354,-11.0,0.0,0,1,1.1,0.6,0.6,0.0,-0.7,2.0,-2.7,,,,,,,,,,,,
632479,2021-09-15,2021,Detroit Tigers,Milwaukee Brewers,Matt Manning,Brandon Woodruff,4,1,1,210,-240,190.0,-235.0,8.5,9.0,1.5,0.3137,0.6863,20.0,-0.5,0,0,1.0,0.6,0.7,-0.09999999999999998,1.3,1.2,0.10000000000000009,,,,,,,,,,,,
632474,2021-09-16,2021,Tampa Bay Rays,Detroit Tigers,Louis Head,Tyler Alexander,5,2,1,-200,180,-210.0,175.0,8.5,9.0,-1.5,0.6512,0.3488,10.0,-0.5,0,0,0.91,0.4,0.6,-0.19999999999999996,-0.6,0.6,-1.2,,,,,,,,,,,,
632475,2021-09-16,2021,Philadelphia Phillies,Chicago Cubs,Cam Bedrosian,Kyle Hendricks,17,8,1,-150,140,-165.0,140.0,9.0,9.0,-1.5,0.5902,0.4098,15.0,0.0,1,0,1.07,0.4,0.5,-0.09999999999999998,-0.6,-0.8,0.20000000000000007,,,,,,,,,,,,
632452,2021-09-16,2021,Baltimore Orioles,New York Yankees,Chris Ellis,Jordan Montgomery,3,2,1,205,-230,205.0,-255.0,10.5,10.0,1.5,0.3199,0.6801,0.0,0.5,0,0,1.08,0.4,0.3,0.10000000000000003,-2.0,-1.9,-0.10000000000000009,,,,,,,,,,,,
632476,2021-09-16,2021,Chicago White Sox,Los Angeles Angels,Reynaldo López,Alex Cobb,3,9,0,-170,160,-190.0,160.0,8.0,8.0,-1.5,0.6208,0.3792,20.0,0.0,1,0,0.95,0.5,0.4,0.09999999999999998,-0.4,-1.4,0.9999999999999999,,,,,,,,,,,,
632490,2021-09-16,2021,Chicago White Sox,Los Angeles Angels,Dallas Keuchel,Janson Junk,2,3,0,-170,160,-190.0,160.0,8.0,8.0,-1.5,0.6208,0.3792,20.0,0.0,1,0,0.95,0.5,0.4,0.09999999999999998,-0.4,-1.4,0.9999999999999999,,,,,,,,,,,,
632462,2021-09-16,2021,Pittsburgh Pirates,Cincinnati Reds,Connor Overton,Tyler Mahle,0,1,0,147,-157,130.0,-150.0,8.0,8.5,1.5,0.3986,0.6014,17.0,-0.5,0,0,0.96,0.6,0.3,0.3,-0.2,-0.7,0.49999999999999994,,,,,,,,,,,,
632471,2021-09-16,2021,Kansas City Royals,Oakland Athletics,Carlos Hernández,Sean Manaea,10,12,0,106,-116,105.0,-125.0,10.5,9.5,1.5,0.4748,0.5252,1.0,1.0,0,0,1.01,0.6,0.3,0.3,0.5,-0.9,1.4,,,,,,,,,,,,
632485,2021-09-16,2021,Texas Rangers,Houston Astros,Kohei Arihara,José Urquidy,2,7,0,151,-161,190.0,-235.0,8.5,9.0,1.5,0.3924,0.6076,-39.0,-0.5,0,1,1.1,0.7,0.5,0.19999999999999996,0.1,1.0,-0.9,,,,,,,,,,,,
632468,2021-09-16,2021,Kansas City Royals,Oakland Athletics,Daniel Lynch IV,Paul Blackburn,2,7,0,106,-116,105.0,-125.0,10.5,9.5,1.5,0.4748,0.5252,1.0,1.0,0,0,1.01,0.6,0.3,0.3,0.5,-0.9,1.4,,,,,,,,,,,,
632467,2021-09-17,2021,New York Mets,Philadelphia Phillies,Taijuan Walker,Zack Wheeler,3,4,0,117,-127,110.0,-130.0,7.5,7.5,1.5,0.4517,0.5483,7.0,0.0,0,0,0.97,0.3,0.4,-0.10000000000000003,-0.6,0.2,-0.8,,,,,,,,,,,,
632460,2021-09-17,2021,Miami Marlins,Pittsburgh Pirates,Elieser Hernández,Wil Crowe,1,2,0,-150,140,-160.0,135.0,7.5,8.0,-1.5,0.5902,0.4098,10.0,-0.5,0,0,0.88,0.5,0.6,-0.09999999999999998,-0.9,-0.2,-0.7,,,,,,,,,,,,
632440,2021-09-17,2021,Tampa Bay Rays,Detroit Tigers,Luis Patiño,Casey Mize,7,4,1,-198,179,-190.0,160.0,8.5,8.5,-1.5,0.6496,0.3504,-8.0,0.0,0,0,0.91,0.5,0.6,-0.09999999999999998,-0.2,0.6,-0.8,,,,,,,,,,,,
632430,2021-09-17,2021,Toronto Blue Jays,Minnesota Twins,Hyun Jin Ryu,Michael Pineda,3,7,0,-202,182,-220.0,180.0,9.5,9.0,-1.5,0.6535,0.3465,18.0,0.5,1,0,1.04,0.8,0.6,0.20000000000000007,3.8,0.4,3.4,,,,,,,,,,,,
632454,2021-09-17,2021,Boston Red Sox,Baltimore Orioles,Chris Sale,Keegan Akin,7,1,1,-314,274,-355.0,285.0,9.5,9.5,-1.5,0.7394,0.2606,41.0,0.0,1,0,1.14,0.4,0.4,0.0,-0.4,-2.0,1.6,,,,,,,,,,,,
632450,2021-09-17,2021,Washington Nationals,Colorado Rockies,Josiah Gray,Germán Márquez,8,9,0,106,-116,-105.0,-115.0,8.5,8.5,1.5,0.4748,0.5252,211.0,0.0,0,0,0.95,0.4,0.6,-0.19999999999999996,0.0,-0.9,0.9,,,,,,,,,,,,
632470,2021-09-17,2021,Cincinnati Reds,Los Angeles Dodgers,Luis Castillo,Walker Buehler,3,1,1,153,-163,145.0,-170.0,8.5,8.5,1.5,0.3894,0.6106,8.0,0.0,0,0,1.18,0.3,0.8,-0.5,-0.9,2.9,-3.8,,,,,,,,,,,,
632425,2021-09-18,2021,Milwaukee Brewers,Chicago Cubs,Corbin Burnes,Justin Steele,6,4,1,-315,275,-290.0,235.0,7.5,8.0,-1.5,0.74,0.26,-25.0,-0.5,0,0,1.03,0.7,0.4,0.29999999999999993,2.0,-1.8,3.8,,,,,,,,,,,,
632447,2021-09-18,2021,New York Mets,Philadelphia Phillies,Carlos Carrasco,Aaron Nola,3,5,0,-102,-108,105.0,-125.0,7.5,8.0,1.5,0.493,0.507,-207.0,-0.5,0,1,0.97,0.3,0.4,-0.10000000000000003,-0.6,-0.9,0.30000000000000004,,,,,,,,,,,,
632488,2021-09-18,2021,St. Louis Cardinals,San Diego Padres,Adam Wainwright,Yu Darvish,3,2,1,-118,108,-120.0,100.0,7.5,8.0,-1.5,0.5296,0.4704,2.0,-0.5,0,0,0.98,0.7,0.4,0.29999999999999993,1.0,-1.2,2.2,,,,,,,,,,,,
632449,2021-09-18,2021,Kansas City Royals,Seattle Mariners,Kris Bubic,Yusei Kikuchi,8,1,1,-110,100,105.0,-125.0,9.0,9.0,1.5,0.5116,0.4884,-215.0,0.0,0,0,1.01,0.5,0.4,0.09999999999999998,-0.5,-1.3,0.8,,,,,,,,,,,,
632456,2021-09-18,2021,Houston Astros,Arizona Diamondbacks,Lance McCullers Jr.,Humberto Castellanos,4,6,0,-280,245,-280.0,230.0,8.5,9.0,-1.5,0.7177,0.2823,0.0,-0.5,0,0,1.0,0.7,0.2,0.49999999999999994,3.5,-2.0,5.5,,,,,,,,,,,,
632439,2021-09-18,2021,Texas Rangers,Chicago White Sox,Spencer Howard,Lance Lynn,2,1,1,204,-224,190.0,-235.0,8.5,9.0,1.5,0.3224,0.6776,14.0,-0.5,0,0,1.1,0.6,0.4,0.19999999999999996,-1.6,-0.9,-0.7000000000000001,,,,,,,,,,,,
632448,2021-09-18,2021,Miami Marlins,Pittsburgh Pirates,Edward Cabrera,Bryse Wilson,3,6,0,-129,119,-135.0,115.0,8.0,8.0,-1.5,0.5523,0.4477,6.0,0.0,0,0,0.88,0.5,0.7,-0.19999999999999996,-0.9,0.2,-1.1,,,,,,,,,,,,
632417,2021-09-18,2021,Washington Nationals,Colorado Rockies,Patrick Corbin,Kyle Freeland,0,6,0,-130,120,-125.0,105.0,9.0,9.0,-1.5,0.5543,0.4457,-5.0,0.0,0,0,0.95,0.3,0.7,-0.39999999999999997,-0.2,-0.3,0.09999999999999998,,,,,,,,,,,,
632427,2021-09-18,2021,Tampa Bay Rays,Detroit Tigers,Ryan Yarbrough,Tarik Skubal,3,4,0,-178,164,-195.0,165.0,8.5,8.5,-1.5,0.6283,0.3717,17.0,0.0,1,0,0.91,0.5,0.5,0.0,0.0,0.0,0.0,,,,,,,,,,,,
632455,2021-09-18,2021,Cincinnati Reds,Los Angeles Dodgers,Sonny Gray,Max Scherzer,1,5,0,185,-205,165.0,-195.0,8.0,8.0,1.5,0.343,0.657,20.0,0.0,0,0,1.18,0.4,0.7,-0.29999999999999993,-0.4,2.3,-2.6999999999999997,,,,,,,,,,,,
632451,2021-09-18,2021,Boston Red Sox,Baltimore Orioles,Nick Pivetta,Zac Lowther,9,3,1,-280,245,-270.0,220.0,10.5,10.5,-1.5,0.7177,0.2823,-10.0,0.0,0,0,1.14,0.5,0.4,0.09999999999999998,0.8,-2.5,3.3,,,,,,,,,,,,
632466,2021-09-18,2021,Los Angeles Angels,Oakland Athletics,Jhonathan Díaz,Cole Irvin,4,5,0,104,-114,115.0,-135.0,9.0,9.0,1.5,0.4792,0.5208,-11.0,0.0,0,1,0.94,0.5,0.5,0.0,-0.4,0.1,-0.5,,,,,,,,,,,,
632436,2021-09-18,2021,St. Louis Cardinals,San Diego Padres,Miles Mikolas,Vince Velasquez,8,2,1,-118,108,-120.0,100.0,7.5,8.0,-1.5,0.5296,0.4704,2.0,-0.5,0,0,0.98,0.7,0.4,0.29999999999999993,1.0,-1.2,2.2,,,,,,,,,,,,
632461,2021-09-18,2021,Milwaukee Brewers,Chicago Cubs,Adrian Houser,Zach Davies,8,5,1,-315,275,-290.0,235.0,7.5,8.0,-1.5,0.74,0.26,-25.0,-0.5,0,0,1.03,0.7,0.4,0.29999999999999993,2.0,-1.8,3.8,,,,,,,,,,,,
632445,2021-09-18,2021,Kansas City Royals,Seattle Mariners,Jonathan Heasley,Chris Flexen,2,6,0,-110,100,105.0,-125.0,9.0,9.0,1.5,0.5116,0.4884,-215.0,0.0,0,0,1.01,0.5,0.4,0.09999999999999998,-0.5,-1.3,0.8,,,,,,,,,,,,
632469,2021-09-18,2021,Houston Astros,Arizona Diamondbacks,Brandon Bielak,Madison Bumgarner,4,3,1,-280,245,-280.0,230.0,8.5,9.0,-1.5,0.7177,0.2823,0.0,-0.5,0,0,1.0,0.7,0.2,0.49999999999999994,3.5,-2.0,5.5,,,,,,,,,,,,
632459,2021-09-18,2021,Texas Rangers,Chicago White Sox,Taylor Hearn,Dylan Cease,0,8,0,204,-224,190.0,-235.0,8.5,9.0,1.5,0.3224,0.6776,14.0,-0.5,0,0,1.1,0.6,0.4,0.19999999999999996,-1.6,-0.9,-0.7000000000000001,,,,,,,,,,,,
632431,2021-09-18,2021,Toronto Blue Jays,Minnesota Twins,Steven Matz,Bailey Ober,6,2,1,-162,152,-180.0,150.0,9.5,9.5,-1.5,0.6091,0.3909,18.0,0.0,1,0,1.04,0.7,0.6,0.09999999999999998,2.6,0.7,1.9000000000000001,,,,,,,,,,,,
632407,2021-09-19,2021,New York Mets,Philadelphia Phillies,Rich Hill,Kyle Gibson,3,2,1,-128,118,-120.0,100.0,8.0,8.0,-1.5,0.5503,0.4497,-8.0,0.0,0,0,0.97,0.2,0.5,-0.3,-1.3,0.3,-1.6,,,,,,,,,,,,
632420,2021-09-19,2021,Los Angeles Angels,Oakland Athletics,Shohei Ohtani,Frankie Montas,2,3,0,118,-128,-110.0,-110.0,8.0,8.5,1.5,0.4497,0.5503,228.0,-0.5,0,0,0.94,0.4,0.6,-0.19999999999999996,-0.8,1.0,-1.8,,,,,,,,,,,,
632434,2021-09-19,2021,Texas Rangers,Chicago White Sox,Jordan Lyles,Lucas Giolito,2,7,0,180,-200,200.0,-250.0,8.5,9.0,1.5,0.3488,0.6512,-20.0,-0.5,0,1,1.1,0.5,0.4,0.09999999999999998,-2.9,0.1,-3.0,,,,,,,,,,,,
632443,2021-09-19,2021,St. Louis Cardinals,San Diego Padres,J.A. Happ,Jake Arrieta,8,7,1,-114,104,-125.0,105.0,9.0,9.0,-1.5,0.5208,0.4792,11.0,0.0,1,0,0.98,0.9,0.3,0.6000000000000001,2.6,-2.3,4.9,,,,,,,,,,,,
632413,2021-09-19,2021,Milwaukee Brewers,Chicago Cubs,Eric Lauer,Keegan Thompson,4,6,0,-220,200,-210.0,175.0,9.0,9.0,-1.5,0.6735,0.3265,-10.0,0.0,0,0,1.03,0.7,0.2,0.49999999999999994,2.0,-2.7,4.7,,,,,,,,,,,,
632422,2021-09-19,2021,Houston Astros,Arizona Diamondbacks,Zack Greinke,Zac Gallen,7,6,1,-190,175,-265.0,215.0,8.5,8.5,-1.5,0.6431,0.3569,75.0,0.0,1,0,1.0,0.7,0.3,0.39999999999999997,2.8,-1.0,3.8,,,,,,,,,,,,
632416,2021-09-19,2021,Kansas City Royals,Seattle Mariners,Jackson Kowar,Logan Gilbert,1,7,0,108,-118,110.0,-130.0,9.5,9.0,1.5,0.4704,0.5296,-2.0,0.5,0,0,1.01,0.5,0.4,0.09999999999999998,0.1,-1.3,1.4000000000000001,,,,,,,,,,,,
632421,2021-09-19,2021,Tampa Bay Rays,Detroit Tigers,Shane McClanahan,Wily Peralta,0,2,0,-270,240,-245.0,195.0,8.5,8.5,-1.5,0.7127,0.2873,-25.0,0.0,0,0,0.91,0.4,0.6,-0.19999999999999996,-0.6,0.4,-1.0,,,,,,,,,,,,
632432,2021-09-19,2021,Cincinnati Reds,Los Angeles Dodgers,Wade Miley,Clayton Kershaw,5,8,0,175,-190,155.0,-185.0,9.0,8.5,1.5,0.3569,0.6431,20.0,0.5,0,0,1.18,0.4,0.7,-0.29999999999999993,-0.7,2.2,-2.9000000000000004,,,,,,,,,,,,
632419,2021-09-19,2021,Boston Red Sox,Baltimore Orioles,Nathan Eovaldi,Alex Wells,8,6,1,-330,285,-330.0,265.0,9.5,10.0,-1.5,0.7471,0.2529,0.0,-0.5,0,0,1.14,0.6,0.3,0.3,1.5,-3.5,5.0,,,,,,,,,,,,
632446,2021-09-19,2021,Toronto Blue Jays,Minnesota Twins,José Berríos,Luke Farrell,5,3,1,-210,190,-235.0,190.0,9.0,9.0,-1.5,0.6627,0.3373,25.0,0.0,1,0,1.04,0.7,0.5,0.19999999999999996,2.6,0.0,2.6,,,,,,,,,,,,
632438,2021-09-19,2021,Washington Nationals,Colorado Rockies,Paolo Espino,Jon Gray,3,0,1,-106,-104,-125.0,105.0,8.5,9.0,-1.5,0.5023,0.4977,19.0,-0.5,1,0,0.95,0.3,0.8,-0.5,-0.5,1.2,-1.7,,,,,,,,,,,,
632444,2021-09-19,2021,Los Angeles Angels,Oakland Athletics,José Suarez,James Kaprielian,1,3,0,118,-128,-110.0,-110.0,8.0,8.5,1.5,0.4497,0.5503,228.0,-0.5,0,0,0.94,0.4,0.6,-0.19999999999999996,-0.8,1.0,-1.8,,,,,,,,,,,,
632411,2021-09-19,2021,Miami Marlins,Pittsburgh Pirates,Sandy Alcantara,Max Kranick,6,5,1,-205,185,-235.0,190.0,7.0,7.0,-1.5,0.657,0.343,30.0,0.0,1,0,0.88,0.5,0.7,-0.19999999999999996,-0.7,0.2,-0.8999999999999999,,,,,,,,,,,,
632415,2021-09-20,2021,Milwaukee Brewers,St. Louis Cardinals,Freddy Peralta,Jon Lester,2,5,0,-182,167,-195.0,165.0,8.0,8.0,-1.5,0.6328,0.3672,13.0,0.0,1,0,1.03,0.7,0.9,-0.20000000000000007,3.0,2.6,0.3999999999999999,,,,,,,,,,,,
632406,2021-09-20,2021,Tampa Bay Rays,Toronto Blue Jays,Shane Baz,Robbie Ray,6,4,1,115,-125,110.0,-130.0,8.0,8.5,1.5,0.4557,0.5443,5.0,-0.5,0,0,0.91,0.4,0.7,-0.29999999999999993,-0.7,2.5,-3.2,,,,,,,,,,,,
632414,2021-09-20,2021,New York Yankees,Texas Rangers,Nestor Cortes,A.J. Alexy,4,3,1,-260,230,-265.0,215.0,8.5,9.5,-1.5,0.7044,0.2956,5.0,-1.0,0,0,1.12,0.4,0.4,0.0,-1.4,-3.7,2.3000000000000003,,,,,,,,,,,,
632408,2021-09-20,2021,Miami Marlins,Washington Nationals,Jesús Luzardo,Erick Fedde,8,7,1,-105,-105,-105.0,-115.0,8.0,8.5,-1.5,0.5,0.5,0.0,-0.5,0,0,0.88,0.5,0.3,0.2,-0.7,-0.4,-0.29999999999999993,,,,,,,,,,,,
632423,2021-09-20,2021,Detroit Tigers,Chicago White Sox,Matt Manning,Carlos Rodón,4,3,1,205,-230,185.0,-225.0,8.5,9.0,1.5,0.3199,0.6801,20.0,-0.5,0,0,1.0,0.7,0.5,0.19999999999999996,0.7,1.0,-0.30000000000000004,,,,,,,,,,,,
632435,2021-09-20,2021,Cincinnati Reds,Pittsburgh Pirates,Vladimir Gutierrez,Dillon Peters,9,5,1,-158,148,-190.0,160.0,9.5,9.0,-1.5,0.603,0.397,32.0,0.5,1,0,1.18,0.3,0.6,-0.3,-1.1,0.0,-1.1,,,,,,,,,,,,
632429,2021-09-20,2021,Philadelphia Phillies,Baltimore Orioles,Ranger Suarez,John Means,0,2,0,-200,180,-195.0,165.0,7.5,8.0,-1.5,0.6512,0.3488,-5.0,-0.5,0,0,1.07,0.5,0.2,0.3,0.3,-3.8,4.1,,,,,,,,,,,,
632396,2021-09-21,2021,New York Yankees,Texas Rangers,Jordan Montgomery,Dane Dunning,7,1,1,-260,230,-275.0,225.0,8.5,9.0,-1.5,0.7044,0.2956,15.0,-0.5,1,0,1.12,0.5,0.4,0.09999999999999998,-1.1,-3.3,2.1999999999999997,,,,,,,,,,,,
632404,2021-09-21,2021,Chicago Cubs,Minnesota Twins,Alec Mills,Griffin Jax,5,9,0,-118,108,-120.0,100.0,8.0,8.0,-1.5,0.5296,0.4704,2.0,0.0,0,0,1.06,0.3,0.4,-0.10000000000000003,-2.4,-0.5,-1.9,,,,,,,,,,,,
632397,2021-09-21,2021,Milwaukee Brewers,St. Louis Cardinals,Brandon Woodruff,Jake Woodford,1,2,0,-198,179,-225.0,185.0,7.5,7.5,-1.5,0.6496,0.3504,27.0,0.0,1,0,1.03,0.6,0.9,-0.30000000000000004,1.7,2.8,-1.0999999999999999,,,,,,,,,,,,
632391,2021-09-21,2021,Tampa Bay Rays,Toronto Blue Jays,Drew Rasmussen,Alek Manoah,2,4,0,-107,-103,-115.0,-105.0,8.5,8.0,-1.5,0.5046,0.4954,8.0,0.5,0,0,0.91,0.5,0.6,-0.09999999999999998,0.1,2.1,-2.0,,,,,,,,,,,,
632410,2021-09-21,2021,Boston Red Sox,New York Mets,Eduardo Rodriguez,Marcus Stroman,6,3,1,-131,121,-165.0,140.0,9.5,9.5,-1.5,0.5562,0.4438,34.0,0.0,1,0,1.14,0.7,0.3,0.39999999999999997,2.2,-1.1,3.3000000000000003,,,,,,,,,,,,
632402,2021-09-21,2021,Philadelphia Phillies,Baltimore Orioles,Adonis Medina,Conner Greene,3,2,1,-200,180,-210.0,175.0,9.5,10.5,-1.5,0.6512,0.3488,10.0,-1.0,0,0,1.07,0.5,0.3,0.2,0.2,-3.0,3.2,,,,,,,,,,,,
632412,2021-09-21,2021,Oakland Athletics,Seattle Mariners,Sean Manaea,Tyler Anderson,2,4,0,-130,120,-135.0,115.0,8.5,8.5,-1.5,0.5543,0.4457,5.0,0.0,0,0,0.9,0.7,0.5,0.19999999999999996,1.4,-0.6,2.0,,,,,,,,,,,,
632403,2021-09-21,2021,Cincinnati Reds,Pittsburgh Pirates,Tyler Mahle,Mitch Keller,2,6,0,-210,190,-200.0,170.0,9.0,9.0,-1.5,0.6627,0.3373,-10.0,0.0,0,0,1.18,0.4,0.6,-0.19999999999999996,-0.4,0.0,-0.4,,,,,,,,,,,,
632405,2021-09-21,2021,Detroit Tigers,Chicago White Sox,Tyler Alexander,Dallas Keuchel,5,3,1,146,-156,145.0,-170.0,9.5,9.5,1.5,0.4002,0.5998,1.0,0.0,0,0,1.0,0.7,0.5,0.19999999999999996,0.4,1.1,-0.7000000000000001,,,,,,,,,,,,
632426,2021-09-21,2021,Arizona Diamondbacks,Atlanta Braves,Humberto Mejía,Huascar Ynoa,4,11,0,132,-142,145.0,-170.0,9.5,9.5,1.5,0.4235,0.5765,-13.0,0.0,0,1,0.92,0.3,0.4,-0.10000000000000003,-0.9,0.3,-1.2,,,,,,,,,,,,
632424,2021-09-21,2021,Los Angeles Angels,Houston Astros,Jaime Barria,Framber Valdez,0,10,0,173,-188,195.0,-245.0,9.5,9.0,1.5,0.3594,0.6406,-22.0,0.5,0,1,0.94,0.3,0.7,-0.39999999999999997,-1.1,2.8,-3.9,,,,,,,,,,,,
632379,2021-09-21,2021,Miami Marlins,Washington Nationals,Trevor Rogers,Josh Rogers,1,7,0,-142,132,-150.0,130.0,8.0,8.0,-1.5,0.5765,0.4235,8.0,0.0,0,0,0.88,0.5,0.3,0.2,-0.7,-0.4,-0.29999999999999993,,,,,,,,,,,,
632382,2021-09-22,2021,Philadelphia Phillies,Baltimore Orioles,Zack Wheeler,Keegan Akin,4,3,1,-330,285,-290.0,235.0,8.0,8.5,-1.5,0.7471,0.2529,-40.0,-0.5,0,0,1.07,0.6,0.2,0.39999999999999997,1.2,-3.4,4.6,,,,,,,,,,,,
632400,2021-09-22,2021,Chicago Cubs,Minnesota Twins,Kyle Hendricks,Joe Ryan,4,5,0,101,-111,-110.0,-110.0,6.5,7.0,1.5,0.4861,0.5139,211.0,-0.5,0,0,1.06,0.2,0.4,-0.2,-3.1,-0.4,-2.7,,,,,,,,,,,,
632386,2021-09-22,2021,Milwaukee Brewers,St. Louis Cardinals,Brett Anderson,Miles Mikolas,2,10,0,-129,119,-120.0,100.0,9.0,9.0,-1.5,0.5523,0.4477,-9.0,0.0,0,0,1.03,0.5,0.9,-0.4,1.5,2.7,-1.2000000000000002,,,,,,,,,,,,
632381,2021-09-22,2021,New York Yankees,Texas Rangers,Corey Kluber,Taylor Hearn,7,3,1,-260,230,-270.0,220.0,9.0,8.5,-1.5,0.7044,0.2956,10.0,0.5,0,0,1.12,0.6,0.3,0.3,0.2,-4.1,4.3,,,,,,,,,,,,
632385,2021-09-22,2021,Miami Marlins,Washington Nationals,Elieser Hernández,Josiah Gray,5,7,0,-132,122,-130.0,110.0,8.0,8.0,-1.5,0.5581,0.4419,-2.0,0.0,0,0,0.88,0.5,0.4,0.09999999999999998,-0.9,0.3,-1.2,,,,,,,,,,,,
632389,2021-09-22,2021,Boston Red Sox,New York Mets,Chris Sale,Taijuan Walker,12,5,1,-176,163,-185.0,155.0,9.5,9.0,-1.5,0.6265,0.3735,9.0,0.5,0,0,1.14,0.7,0.3,0.39999999999999997,2.4,-1.3,3.7,,,,,,,,,,,,
632428,2021-09-22,2021,Arizona Diamondbacks,Atlanta Braves,Luke Weaver,Jesse Chavez,1,6,0,154,-164,165.0,-195.0,9.5,9.0,1.5,0.3879,0.6121,-11.0,0.5,0,1,0.92,0.3,0.4,-0.10000000000000003,-1.3,0.9,-2.2,,,,,,,,,,,,
632401,2021-09-22,2021,Oakland Athletics,Seattle Mariners,Paul Blackburn,Marco Gonzales,2,5,0,-146,136,-135.0,115.0,8.5,8.5,-1.5,0.5834,0.4166,-11.0,0.0,0,0,0.9,0.6,0.5,0.09999999999999998,0.8,-0.7,1.5,,,,,,,,,,,,
632418,2021-09-22,2021,Los Angeles Angels,Houston Astros,Packy Naughton,José Urquidy,5,10,0,180,-200,180.0,-220.0,9.5,9.0,1.5,0.3488,0.6512,0.0,0.5,0,0,0.94,0.3,0.7,-0.39999999999999997,-1.8,3.3,-5.1,,,,,,,,,,,,
632399,2021-09-22,2021,Colorado Rockies,Los Angeles Dodgers,Antonio Senzatela,Julio Urías,4,5,0,171,-186,165.0,-195.0,10.5,10.5,1.5,0.362,0.638,6.0,0.0,0,0,1.38,0.8,0.8,0.0,1.2,2.6,-1.4000000000000001,,,,,,,,,,,,
632377,2021-09-22,2021,Tampa Bay Rays,Toronto Blue Jays,Luis Patiño,Julian Merryweather,7,1,1,-110,100,-120.0,100.0,9.0,9.0,-1.5,0.5116,0.4884,10.0,0.0,0,0,0.91,0.4,0.7,-0.29999999999999993,-0.6,2.6,-3.2,,,,,,,,,,,,
632375,2021-09-23,2021,Minnesota Twins,Toronto Blue Jays,Michael Pineda,Steven Matz,7,2,1,126,-136,130.0,-150.0,9.5,9.5,1.5,0.4343,0.5657,-4.0,0.0,0,0,1.02,0.5,0.6,-0.09999999999999998,0.0,1.9,-1.9,,,,,,,,,,,,
632390,2021-09-23,2021,Baltimore Orioles,Texas Rangers,Zac Lowther,Glenn Otto Jr.,3,0,1,116,-126,-125.0,105.0,9.0,9.0,1.5,0.4537,0.5463,241.0,0.0,0,0,1.08,0.2,0.2,0.0,-3.4,-4.6,1.1999999999999997,,,,,,,,,,,,
632387,2021-09-23,2021,Cincinnati Reds,Washington Nationals,Luis Castillo,Patrick Corbin,2,3,0,-186,171,-200.0,170.0,9.0,8.5,-1.5,0.638,0.362,14.0,0.5,1,0,1.18,0.3,0.5,-0.2,-0.8,0.8,-1.6,,,,,,,,,,,,
632374,2021-09-23,2021,Arizona Diamondbacks,Atlanta Braves,Madison Bumgarner,Charlie Morton,6,4,1,177,-194,160.0,-190.0,8.5,8.5,1.5,0.3536,0.6464,17.0,0.0,0,0,0.92,0.3,0.4,-0.10000000000000003,-1.7,1.0,-2.7,,,,,,,,,,,,
632368,2021-09-23,2021,Oakland Athletics,Seattle Mariners,Chris Bassitt,Yusei Kikuchi,5,6,0,-166,156,-145.0,125.0,8.5,8.5,-1.5,0.615,0.385,-21.0,0.0,0,0,0.9,0.6,0.5,0.09999999999999998,0.7,-0.5,1.2,,,,,,,,,,,,
632365,2021-09-23,2021,Philadelphia Phillies,Pittsburgh Pirates,Aaron Nola,Connor Overton,12,6,1,-270,240,-255.0,205.0,8.0,8.5,-1.5,0.7127,0.2873,-15.0,-0.5,0,0,1.07,0.6,0.6,0.0,0.8,0.0,0.8,,,,,,,,,,,,
632367,2021-09-23,2021,Milwaukee Brewers,St. Louis Cardinals,Adrian Houser,Adam Wainwright,5,8,0,-117,107,-125.0,105.0,8.0,8.0,-1.5,0.5274,0.4726,8.0,0.0,0,0,1.03,0.4,1.0,-0.6,0.0,3.7,-3.7,,,,,,,,,,,,
632392,2021-09-23,2021,Arizona Diamondbacks,Atlanta Braves,Merrill Kelly,Ian Anderson,2,9,0,177,-194,160.0,-190.0,8.5,8.5,1.5,0.3536,0.6464,17.0,0.0,0,0,0.92,0.3,0.4,-0.10000000000000003,-1.7,1.0,-2.7,,,,,,,,,,,,
632383,2021-09-23,2021,Oakland Athletics,Seattle Mariners,Cole Irvin,Chris Flexen,1,4,0,-166,156,-145.0,125.0,8.5,8.5,-1.5,0.615,0.385,-21.0,0.0,0,0,0.9,0.6,0.5,0.09999999999999998,0.7,-0.5,1.2,,,,,,,,,,,,
632395,2021-09-23,2021,Los Angeles Angels,Houston Astros,Janson Junk,Luis Garcia,5,9,0,140,-150,165.0,-195.0,8.5,9.0,1.5,0.4098,0.5902,-25.0,-0.5,0,1,0.94,0.3,0.8,-0.5,-1.8,4.0,-5.8,,,,,,,,,,,,
632394,2021-09-23,2021,Colorado Rockies,Los Angeles Dodgers,Germán Márquez,Walker Buehler,10,5,1,220,-250,200.0,-250.0,10.5,10.5,1.5,0.3043,0.6957,20.0,0.0,0,0,1.38,0.7,0.9,-0.20000000000000007,1.0,2.8,-1.7999999999999998,,,,,,,,,,,,
632376,2021-09-23,2021,Colorado Rockies,Los Angeles Dodgers,Kyle Freeland,Max Scherzer,5,7,0,220,-250,200.0,-250.0,10.5,10.5,1.5,0.3043,0.6957,20.0,0.0,0,0,1.38,0.7,0.9,-0.20000000000000007,1.0,2.8,-1.7999999999999998,,,,,,,,,,,,
632373,2021-09-24,2021,Boston Red Sox,New York Yankees,Nathan Eovaldi,Gerrit Cole,3,8,0,105,-115,-110.0,-110.0,9.0,9.0,1.5,0.477,0.523,215.0,0.0,0,0,1.14,0.8,0.6,0.20000000000000007,3.2,0.5,2.7,,,,,,,,,,,,
632358,2021-09-24,2021,Tampa Bay Rays,Miami Marlins,David Robertson,Edward Cabrera,8,0,1,-247,217,-300.0,240.0,8.5,9.0,-1.5,0.6929,0.3071,53.0,-0.5,1,0,0.91,0.5,0.4,0.09999999999999998,0.1,-1.3,1.4000000000000001,,,,,,,,,,,,
632361,2021-09-24,2021,Detroit Tigers,Kansas City Royals,Casey Mize,Carlos Hernández,1,3,0,-103,-107,-115.0,-105.0,8.5,9.0,1.5,0.4954,0.5046,12.0,-0.5,1,0,1.0,0.7,0.5,0.19999999999999996,0.5,-0.3,0.8,,,,,,,,,,,,
632364,2021-09-24,2021,Cincinnati Reds,Washington Nationals,Sonny Gray,Paolo Espino,8,7,1,-161,151,-195.0,165.0,8.5,9.0,-1.5,0.6076,0.3924,34.0,-0.5,1,0,1.18,0.3,0.5,-0.2,-0.7,0.5,-1.2,,,,,,,,,,,,
632369,2021-09-24,2021,Baltimore Orioles,Texas Rangers,Alex Wells,Spencer Howard,5,8,0,-107,-103,-110.0,-110.0,9.5,9.0,-1.5,0.5046,0.4954,3.0,0.5,0,0,1.08,0.3,0.2,0.09999999999999998,-1.6,-3.5,1.9,,,,,,,,,,,,
632339,2021-09-24,2021,Chicago Cubs,St. Louis Cardinals,Justin Steele,J.A. Happ,5,8,0,128,-138,145.0,-170.0,8.5,9.0,1.5,0.4307,0.5693,-17.0,-0.5,0,1,1.06,0.2,1.0,-0.8,-2.7,3.8,-6.5,,,,,,,,,,,,
632360,2021-09-24,2021,Philadelphia Phillies,Pittsburgh Pirates,Kyle Gibson,Sam Howard,8,6,1,-220,200,-200.0,170.0,8.5,8.5,-1.5,0.6735,0.3265,-20.0,0.0,0,0,1.07,0.7,0.6,0.09999999999999998,1.5,-0.2,1.7,,,,,,,,,,,,
632347,2021-09-25,2021,Detroit Tigers,Kansas City Royals,Tarik Skubal,Jonathan Heasley,5,1,1,-130,120,-135.0,115.0,9.0,9.0,-1.5,0.5543,0.4457,5.0,0.0,0,0,1.0,0.6,0.5,0.09999999999999998,0.2,-0.3,0.5,,,,,,,,,,,,
632343,2021-09-25,2021,San Diego Padres,Atlanta Braves,Vince Velasquez,Huascar Ynoa,8,10,0,105,-115,115.0,-135.0,8.5,9.0,1.5,0.477,0.523,-10.0,-0.5,0,0,0.9,0.3,0.4,-0.10000000000000003,-1.7,1.5,-3.2,,,,,,,,,,,,
632346,2021-09-25,2021,Milwaukee Brewers,New York Mets,Corbin Burnes,Rich Hill,2,1,1,-205,185,-220.0,180.0,7.5,7.5,-1.5,0.657,0.343,15.0,0.0,1,0,1.03,0.3,0.2,0.09999999999999998,-0.6,-2.7,2.1,,,,,,,,,,,,
632350,2021-09-25,2021,Minnesota Twins,Toronto Blue Jays,John Gant,Robbie Ray,1,6,0,165,-180,160.0,-190.0,8.5,9.0,1.5,0.3699,0.6301,5.0,-0.5,0,0,1.02,0.6,0.5,0.09999999999999998,0.7,-0.1,0.7999999999999999,,,,,,,,,,,,
632338,2021-09-25,2021,Cincinnati Reds,Washington Nationals,Vladimir Gutierrez,Erick Fedde,7,6,1,-117,107,-170.0,145.0,10.0,9.5,-1.5,0.5274,0.4726,53.0,0.5,1,0,1.18,0.4,0.5,-0.09999999999999998,-0.5,0.7,-1.2,,,,,,,,,,,,
632355,2021-09-25,2021,Baltimore Orioles,Texas Rangers,Chris Ellis,Jordan Lyles,3,2,1,-108,-102,-145.0,125.0,9.0,8.5,-1.5,0.507,0.493,37.0,0.5,1,0,1.08,0.3,0.2,0.09999999999999998,-1.4,-3.9,2.5,,,,,,,,,,,,
632335,2021-09-25,2021,Tampa Bay Rays,Miami Marlins,Shane McClanahan,Sandy Alcantara,7,3,1,-200,180,-220.0,180.0,7.0,7.5,-1.5,0.6512,0.3488,20.0,-0.5,1,0,0.91,0.6,0.4,0.19999999999999996,1.6,-1.9,3.5,,,,,,,,,,,,
632354,2021-09-25,2021,Boston Red Sox,New York Yankees,Nick Pivetta,Nestor Cortes,3,5,0,-110,100,-115.0,-105.0,10.0,10.5,-1.5,0.5116,0.4884,5.0,-0.5,0,0,1.14,0.7,0.7,0.0,2.6,1.1,1.5,,,,,,,,,,,,
632352,2021-09-25,2021,San Diego Padres,Atlanta Braves,Reiss Knehr,Max Fried,0,4,0,105,-115,115.0,-135.0,8.5,9.0,1.5,0.477,0.523,-10.0,-0.5,0,0,0.9,0.3,0.4,-0.10000000000000003,-1.7,1.5,-3.2,,,,,,,,,,,,
632341,2021-09-25,2021,Philadelphia Phillies,Pittsburgh Pirates,Ranger Suarez,Wil Crowe,3,0,1,-270,240,-260.0,210.0,8.5,9.0,-1.5,0.7127,0.2873,-10.0,-0.5,0,0,1.07,0.8,0.5,0.30000000000000004,2.0,-0.5,2.5,,,,,,,,,,,,
632351,2021-09-25,2021,Chicago Cubs,St. Louis Cardinals,Adrian Sampson,Jon Lester,5,8,0,132,-142,145.0,-170.0,10.0,10.5,1.5,0.4235,0.5765,-13.0,-0.5,0,1,1.06,0.2,1.0,-0.8,-1.9,3.4,-5.3,,,,,,,,,,,,
632356,2021-09-25,2021,Oakland Athletics,Houston Astros,Frankie Montas,Brandon Bielak,14,2,1,-103,-107,-110.0,-110.0,8.0,8.5,1.5,0.4954,0.5046,7.0,-0.5,0,0,0.9,0.5,0.7,-0.19999999999999996,-0.1,2.7,-2.8000000000000003,,,,,,,,,,,,
632340,2021-09-25,2021,Arizona Diamondbacks,Los Angeles Dodgers,Humberto Castellanos,Tony Gonsolin,2,4,0,215,-245,210.0,-260.0,9.0,9.0,1.5,0.3089,0.6911,5.0,0.0,0,0,0.92,0.2,0.8,-0.6000000000000001,-2.7,2.1,-4.800000000000001,,,,,,,,,,,,
632359,2021-09-25,2021,Los Angeles Angels,Seattle Mariners,José Suarez,Logan Gilbert,5,6,0,128,-138,125.0,-145.0,8.5,8.5,1.5,0.4307,0.5693,3.0,0.0,0,0,0.94,0.3,0.7,-0.39999999999999997,-2.1,0.4,-2.5,,,,,,,,,,,,
632366,2021-09-25,2021,Milwaukee Brewers,New York Mets,Eric Lauer,Tylor Megill,5,1,1,-205,185,-220.0,180.0,7.5,7.5,-1.5,0.657,0.343,15.0,0.0,1,0,1.03,0.3,0.2,0.09999999999999998,-0.6,-2.7,2.1,,,,,,,,,,,,
632357,2021-09-25,2021,Minnesota Twins,Toronto Blue Jays,Bailey Ober,José Berríos,3,1,1,165,-180,160.0,-190.0,8.5,9.0,1.5,0.3699,0.6301,5.0,-0.5,0,0,1.02,0.6,0.5,0.09999999999999998,0.7,-0.1,0.7999999999999999,,,,,,,,,,,,
632342,2021-09-25,2021,Oakland Athletics,Houston Astros,Sean Manaea,Framber Valdez,2,1,1,-103,-107,-110.0,-110.0,8.0,8.5,1.5,0.4954,0.5046,7.0,-0.5,0,0,0.9,0.5,0.7,-0.19999999999999996,-0.1,2.7,-2.8000000000000003,,,,,,,,,,,,
632345,2021-09-26,2021,Boston Red Sox,New York Yankees,Eduardo Rodriguez,Jordan Montgomery,3,6,0,-107,-103,-125.0,105.0,9.5,10.0,-1.5,0.5046,0.4954,18.0,-0.5,1,0,1.14,0.7,0.7,0.0,2.5,0.8,1.7,,,,,,,,,,,,
632325,2021-09-26,2021,San Diego Padres,Atlanta Braves,Joe Musgrove,Jesse Chavez,3,4,0,-125,115,-160.0,135.0,8.0,8.5,-1.5,0.5443,0.4557,35.0,-0.5,1,0,0.9,0.3,0.6,-0.3,-1.0,2.3,-3.3,,,,,,,,,,,,
632337,2021-09-26,2021,Arizona Diamondbacks,Los Angeles Dodgers,Humberto Mejía,Julio Urías,0,3,0,240,-270,230.0,-280.0,9.0,9.0,1.5,0.2873,0.7127,10.0,0.0,0,0,0.92,0.2,0.8,-0.6000000000000001,-2.5,1.5,-4.0,,,,,,,,,,,,
632327,2021-09-26,2021,Los Angeles Angels,Seattle Mariners,Shohei Ohtani,Marco Gonzales,1,5,0,-130,120,-145.0,125.0,8.5,8.5,-1.5,0.5543,0.4457,15.0,0.0,1,0,0.94,0.3,0.7,-0.39999999999999997,-1.6,0.4,-2.0,,,,,,,,,,,,
632324,2021-09-26,2021,Oakland Athletics,Houston Astros,Paul Blackburn,Jake Odorizzi,4,3,1,102,-112,105.0,-125.0,9.0,9.0,1.5,0.4838,0.5162,-3.0,0.0,0,0,0.9,0.6,0.6,0.0,1.0,1.6,-0.6000000000000001,,,,,,,,,,,,
632332,2021-09-26,2021,Chicago Cubs,St. Louis Cardinals,Keegan Thompson,Jake Woodford,2,4,0,135,-145,150.0,-180.0,11.0,10.5,1.5,0.4183,0.5817,-15.0,0.5,0,1,1.06,0.2,1.0,-0.8,-2.1,3.6,-5.7,,,,,,,,,,,,
632328,2021-09-26,2021,Milwaukee Brewers,New York Mets,Freddy Peralta,Carlos Carrasco,8,4,1,-155,145,-190.0,160.0,8.0,8.0,-1.5,0.5983,0.4017,35.0,0.0,1,0,1.03,0.4,0.1,0.30000000000000004,-1.0,-3.2,2.2,,,,,,,,,,,,
632333,2021-09-26,2021,Cincinnati Reds,Washington Nationals,Tyler Mahle,Josh Rogers,9,2,1,-180,165,-180.0,150.0,9.0,9.5,-1.5,0.6301,0.3699,0.0,-0.5,0,0,1.18,0.5,0.4,0.09999999999999998,-0.3,0.0,-0.3,,,,,,,,,,,,
632290,2021-09-26,2021,Tampa Bay Rays,Miami Marlins,Shane Baz,Jesús Luzardo,3,2,1,-260,230,-290.0,235.0,8.0,8.0,-1.5,0.7044,0.2956,30.0,0.0,1,0,0.91,0.6,0.3,0.3,1.8,-2.6,4.4,,,,,,,,,,,,
632329,2021-09-26,2021,Philadelphia Phillies,Pittsburgh Pirates,Hans Crouse,Max Kranick,0,6,0,-230,205,-235.0,190.0,9.0,9.0,-1.5,0.6801,0.3199,5.0,0.0,0,0,1.07,0.8,0.4,0.4,2.2,-0.9,3.1,,,,,,,,,,,,
632334,2021-09-26,2021,Baltimore Orioles,Texas Rangers,John Means,Dane Dunning,4,7,0,-122,112,-140.0,120.0,8.5,8.5,-1.5,0.5381,0.4619,18.0,0.0,1,0,1.08,0.4,0.2,0.2,-1.2,-3.5,2.3,,,,,,,,,,,,
632326,2021-09-26,2021,Detroit Tigers,Kansas City Royals,Wily Peralta,Kris Bubic,1,2,0,-102,-108,-115.0,-105.0,9.0,9.0,-1.5,0.493,0.507,13.0,0.0,1,0,1.0,0.6,0.4,0.19999999999999996,0.5,-1.0,1.5,,,,,,,,,,,,
632344,2021-09-26,2021,Los Angeles Angels,Seattle Mariners,Jaime Barria,Tyler Anderson,14,1,1,-130,120,-145.0,125.0,8.5,8.5,-1.5,0.5543,0.4457,15.0,0.0,1,0,0.94,0.3,0.7,-0.39999999999999997,-1.6,0.4,-2.0,,,,,,,,,,,,
632353,2021-09-26,2021,Arizona Diamondbacks,Los Angeles Dodgers,Zac Gallen,Clayton Kershaw,7,2,1,240,-270,230.0,-280.0,9.0,9.0,1.5,0.2873,0.7127,10.0,0.0,0,0,0.92,0.2,0.8,-0.6000000000000001,-2.5,1.5,-4.0,,,,,,,,,,,,
632336,2021-09-26,2021,Minnesota Twins,Toronto Blue Jays,Griffin Jax,Alek Manoah,2,5,0,156,-166,165.0,-195.0,9.5,9.0,1.5,0.385,0.615,-9.0,0.5,0,0,1.02,0.6,0.5,0.09999999999999998,-0.1,-0.3,0.19999999999999998,,,,,,,,,,,,
632288,2021-09-28,2021,Toronto Blue Jays,New York Yankees,Hyun Jin Ryu,Jameson Taillon,2,7,0,-120,110,-130.0,110.0,9.0,9.5,-1.5,0.5339,0.4661,10.0,-0.5,0,0,1.04,0.5,0.7,-0.19999999999999996,-0.3,1.0,-1.3,,,,,,,,,,,,
632289,2021-09-28,2021,Minnesota Twins,Detroit Tigers,Charlie Barnes,Tyler Alexander,3,2,1,-140,130,-135.0,115.0,9.5,9.5,-1.5,0.573,0.427,-5.0,0.0,0,0,1.02,0.5,0.5,0.0,-0.7,0.1,-0.7999999999999999,,,,,,,,,,,,
632320,2021-09-28,2021,Atlanta Braves,Philadelphia Phillies,Charlie Morton,Zack Wheeler,2,1,1,-121,111,-130.0,110.0,7.5,8.0,-1.5,0.536,0.464,9.0,-0.5,0,0,1.05,0.7,0.7,0.0,2.4,0.7,1.7,,,,,,,,,,,,
632317,2021-09-28,2021,Baltimore Orioles,Boston Red Sox,Bruce Zimmermann,Chris Sale,4,2,1,230,-260,220.0,-270.0,9.0,9.5,1.5,0.2956,0.7044,10.0,-0.5,0,0,1.08,0.3,0.7,-0.39999999999999997,-1.6,2.3,-3.9,,,,,,,,,,,,
632314,2021-09-28,2021,St. Louis Cardinals,Milwaukee Brewers,Adam Wainwright,Brandon Woodruff,6,2,1,103,-113,-105.0,-115.0,7.0,7.0,1.5,0.4815,0.5185,208.0,0.0,0,0,0.98,1.0,0.5,0.5,3.1,-0.3,3.4,,,,,,,,,,,,
632311,2021-09-28,2021,New York Mets,Miami Marlins,Marcus Stroman,Zach Thompson,5,2,1,-200,180,-180.0,150.0,5.5,6.0,-1.5,0.6512,0.3488,-20.0,-0.5,0,0,0.97,0.1,0.3,-0.19999999999999998,-2.9,-2.1,-0.7999999999999998,,,,,,,,,,,,
632323,2021-09-28,2021,Seattle Mariners,Oakland Athletics,Chris Flexen,Cole Irvin,13,4,1,100,-110,110.0,-130.0,8.0,8.0,1.5,0.4884,0.5116,-10.0,0.0,0,0,0.89,0.8,0.6,0.20000000000000007,0.4,0.9,-0.5,,,,,,,,,,,,
632319,2021-09-28,2021,Colorado Rockies,Washington Nationals,Germán Márquez,Josiah Gray,4,5,0,-132,122,-160.0,135.0,11.5,11.5,-1.5,0.5581,0.4419,28.0,0.0,1,0,1.38,0.4,0.4,0.0,-0.8,-0.5,-0.30000000000000004,,,,,,,,,,,,
632313,2021-09-28,2021,Pittsburgh Pirates,Chicago Cubs,Mitch Keller,Alec Mills,8,6,1,-105,-105,-120.0,100.0,8.5,9.0,-1.5,0.5,0.5,15.0,-0.5,1,0,0.96,0.5,0.1,0.4,-0.2,-2.6,2.4,,,,,,,,,,,,
632301,2021-09-29,2021,St. Louis Cardinals,Milwaukee Brewers,Miles Mikolas,Adrian Houser,0,4,0,-113,103,-110.0,-110.0,7.5,8.0,-1.5,0.5185,0.4815,-3.0,-0.5,0,0,0.98,1.0,0.4,0.6,3.4,-1.0,4.4,,,,,,,,,,,,
632300,2021-09-29,2021,Minnesota Twins,Detroit Tigers,Michael Pineda,Casey Mize,5,2,1,-168,158,-160.0,135.0,9.0,9.0,-1.5,0.6179,0.3821,-8.0,0.0,0,0,1.02,0.6,0.5,0.09999999999999998,0.3,0.3,0.0,,,,,,,,,,,,
632303,2021-09-29,2021,New York Mets,Miami Marlins,Taijuan Walker,Elieser Hernández,2,3,0,-172,161,-165.0,140.0,7.5,7.5,-1.5,0.6227,0.3773,-7.0,0.0,0,0,0.97,0.2,0.2,0.0,-2.5,-2.6,0.10000000000000009,,,,,,,,,,,,
632296,2021-09-29,2021,Toronto Blue Jays,New York Yankees,José Berríos,Gerrit Cole,6,5,1,104,-114,-105.0,-115.0,8.0,8.5,1.5,0.4792,0.5208,209.0,-0.5,0,0,1.04,0.5,0.8,-0.30000000000000004,-0.4,1.6,-2.0,,,,,,,,,,,,
632309,2021-09-29,2021,Baltimore Orioles,Boston Red Sox,Zac Lowther,Nathan Eovaldi,0,6,0,224,-254,210.0,-260.0,9.5,9.5,1.5,0.3008,0.6992,14.0,0.0,0,0,1.08,0.4,0.6,-0.19999999999999996,-0.8,1.6,-2.4000000000000004,,,,,,,,,,,,
632287,2021-09-29,2021,Pittsburgh Pirates,Chicago Cubs,Roansy Contreras,Kyle Hendricks,2,3,0,110,-120,-110.0,-110.0,8.5,8.5,1.5,0.4661,0.5339,220.0,0.0,0,0,0.96,0.5,0.1,0.4,-0.1,-2.7,2.6,,,,,,,,,,,,
632306,2021-09-29,2021,Atlanta Braves,Philadelphia Phillies,Max Fried,Aaron Nola,7,2,1,-146,136,-135.0,115.0,8.0,8.0,-1.5,0.5834,0.4166,-11.0,0.0,0,0,1.05,0.8,0.6,0.20000000000000007,2.6,0.5,2.1,,,,,,,,,,,,
632312,2021-09-29,2021,Seattle Mariners,Oakland Athletics,Tyler Anderson,Chris Bassitt,4,2,1,-111,101,-105.0,-115.0,7.5,8.0,-1.5,0.5139,0.4861,-6.0,-0.5,0,0,0.89,0.8,0.5,0.30000000000000004,0.9,-0.1,1.0,,,,,,,,,,,,
632318,2021-09-29,2021,Los Angeles Dodgers,San Diego Padres,Walker Buehler,Yu Darvish,2,1,1,-310,270,-300.0,240.0,8.0,8.0,-1.5,0.7367,0.2633,-10.0,0.0,0,0,0.93,0.7,0.2,0.49999999999999994,0.5,-1.4,1.9,,,,,,,,,,,,
632322,2021-09-29,2021,Colorado Rockies,Washington Nationals,Kyle Freeland,Patrick Corbin,3,1,1,-118,108,-105.0,-115.0,11.5,12.5,-1.5,0.5296,0.4704,-13.0,-1.0,0,0,1.38,0.3,0.5,-0.2,-0.9,-0.3,-0.6000000000000001,,,,,,,,,,,,
632321,2021-09-29,2021,Chicago White Sox,Cincinnati Reds,Reynaldo López,Riley O'Brien,7,1,1,-182,167,-165.0,140.0,7.5,8.5,-1.5,0.6328,0.3672,-17.0,-1.0,0,0,0.95,0.5,0.5,0.0,0.5,0.3,0.2,,,,,,,,,,,,
632316,2021-09-29,2021,Houston Astros,Tampa Bay Rays,José Urquidy,Michael Wacha,4,3,1,-135,125,-135.0,115.0,9.0,9.0,-1.5,0.5638,0.4362,0.0,0.0,0,0,1.0,0.5,0.7,-0.19999999999999996,0.4,2.2,-1.8000000000000003,,,,,,,,,,,,
632308,2021-09-29,2021,Texas Rangers,Los Angeles Angels,A.J. Alexy,Packy Naughton,5,2,1,-119,109,-115.0,-105.0,9.0,9.0,-1.5,0.5318,0.4682,-4.0,0.0,0,0,1.1,0.3,0.2,0.09999999999999998,-2.1,-1.4,-0.7000000000000002,,,,,,,,,,,,
632310,2021-09-29,2021,Colorado Rockies,Washington Nationals,Peter Lambert,Paolo Espino,10,5,1,-118,108,-105.0,-115.0,11.5,12.5,-1.5,0.5296,0.4704,-13.0,-1.0,0,0,1.38,0.3,0.5,-0.2,-0.9,-0.3,-0.6000000000000001,,,,,,,,,,,,
632285,2021-09-30,2021,Minnesota Twins,Detroit Tigers,Joe Ryan,Tarik Skubal,7,10,0,-178,164,-185.0,155.0,8.5,9.0,-1.5,0.6283,0.3717,7.0,-0.5,0,0,1.02,0.6,0.5,0.09999999999999998,0.2,0.3,-0.09999999999999998,,,,,,,,,,,,
632293,2021-09-30,2021,Atlanta Braves,Philadelphia Phillies,Ian Anderson,Kyle Gibson,5,3,1,-149,139,-160.0,135.0,8.5,8.5,-1.5,0.5885,0.4115,11.0,0.0,1,0,1.05,0.8,0.5,0.30000000000000004,2.8,-0.2,3.0,,,,,,,,,,,,
632283,2021-09-30,2021,New York Mets,Miami Marlins,Rich Hill,Edward Cabrera,12,3,1,-210,190,-185.0,155.0,7.5,8.0,-1.5,0.6627,0.3373,-25.0,-0.5,0,0,0.97,0.2,0.3,-0.09999999999999998,-1.9,-2.4,0.5,,,,,,,,,,,,
632292,2021-09-30,2021,Houston Astros,Tampa Bay Rays,Lance McCullers Jr.,Collin McHugh,3,2,1,-146,136,-150.0,130.0,8.5,9.0,-1.5,0.5834,0.4166,4.0,-0.5,0,0,1.0,0.5,0.6,-0.09999999999999998,0.4,1.8,-1.4,,,,,,,,,,,,
632280,2021-09-30,2021,Toronto Blue Jays,New York Yankees,Robbie Ray,Corey Kluber,2,6,0,-145,135,-150.0,130.0,8.5,8.5,-1.5,0.5817,0.4183,5.0,0.0,0,0,1.04,0.5,0.7,-0.19999999999999996,-0.7,0.7,-1.4,,,,,,,,,,,,
632294,2021-09-30,2021,Baltimore Orioles,Boston Red Sox,Alex Wells,Nick Pivetta,6,2,1,195,-215,195.0,-245.0,10.0,10.5,1.5,0.3318,0.6682,0.0,-0.5,0,0,1.08,0.4,0.6,-0.19999999999999996,-0.8,1.8,-2.6,,,,,,,,,,,,
632281,2021-09-30,2021,St. Louis Cardinals,Milwaukee Brewers,J.A. Happ,Brett Anderson,4,3,1,-113,103,-115.0,-105.0,8.5,9.0,-1.5,0.5185,0.4815,2.0,-0.5,0,0,0.98,0.9,0.4,0.5,2.4,-0.8,3.2,,,,,,,,,,,,
632275,2021-09-30,2021,Texas Rangers,Los Angeles Angels,Glenn Otto Jr.,Alex Cobb,7,6,1,122,-132,110.0,-130.0,8.0,9.0,1.5,0.4419,0.5581,12.0,-1.0,0,0,1.1,0.3,0.2,0.09999999999999998,-1.9,-1.6,-0.2999999999999998,,,,,,,,,,,,
632297,2021-09-30,2021,Los Angeles Dodgers,San Diego Padres,Max Scherzer,Ryan Weathers,11,9,1,-230,205,-250.0,200.0,9.0,9.0,-1.5,0.6801,0.3199,20.0,0.0,1,0,0.93,0.7,0.1,0.6,0.4,-1.8,2.2,,,,,,,,,,,,
632305,2021-09-30,2021,Houston Astros,Tampa Bay Rays,Luis Garcia,Drew Rasmussen,0,7,0,-146,136,-150.0,130.0,8.5,9.0,-1.5,0.5834,0.4166,4.0,-0.5,0,0,1.0,0.5,0.6,-0.09999999999999998,0.4,1.8,-1.4,,,,,,,,,,,,
632295,2021-09-30,2021,Texas Rangers,Los Angeles Angels,Taylor Hearn,Janson Junk,2,7,0,122,-132,110.0,-130.0,8.0,9.0,1.5,0.4419,0.5581,12.0,-1.0,0,0,1.1,0.3,0.2,0.09999999999999998,-1.9,-1.6,-0.2999999999999998,,,,,,,,,,,,
632286,2021-09-30,2021,Pittsburgh Pirates,Chicago Cubs,Miguel Yajure,Justin Steele,0,9,0,101,-111,-110.0,-110.0,8.5,8.5,1.5,0.4861,0.5139,211.0,0.0,0,0,0.96,0.4,0.2,0.2,-0.5,-1.7,1.2,,,,,,,,,,,,
632277,2021-10-01,2021,Atlanta Braves,New York Mets,Huascar Ynoa,Tylor Megill,3,4,0,-115,106,-121.0,111.0,8.0,8.5,-1.5,0.5242,0.4758,6.0,-0.5,0,0,1.05,0.9,0.3,0.6000000000000001,3.2,-0.9,4.1000000000000005,,,,,,,,,,,,
632268,2021-10-01,2021,Toronto Blue Jays,Baltimore Orioles,Steven Matz,Thomas Eshelman,6,4,1,-379,319,-330.0,292.0,9.5,10.0,-1.5,0.7683,0.2317,-49.0,-0.5,0,0,1.04,0.4,0.5,-0.09999999999999998,-1.3,-0.2,-1.1,,,,,,,,,,,,
632271,2021-10-01,2021,Miami Marlins,Philadelphia Phillies,Sandy Alcantara,Ranger Suarez,0,5,0,105,-113,-109.0,-101.0,6.5,6.5,1.5,0.479,0.521,214.0,0.0,0,0,0.88,0.3,0.5,-0.2,-3.0,-0.3,-2.7,,,,,,,,,,,,
632261,2021-10-01,2021,Washington Nationals,Boston Red Sox,Josh Rogers,Eduardo Rodriguez,2,4,0,179,-194,175.0,-191.0,9.0,9.5,1.5,0.352,0.648,4.0,-0.5,0,0,0.95,0.4,0.5,-0.09999999999999998,-0.7,0.8,-1.5,,,,,,,,,,,,
632250,2021-10-01,2021,Pittsburgh Pirates,Cincinnati Reds,Wil Crowe,Luis Castillo,9,2,1,178,-193,152.0,-165.0,8.0,8.5,1.5,0.3532,0.6468,26.0,-0.5,0,0,0.96,0.4,0.4,0.0,-1.3,-0.6,-0.7000000000000001,,,,,,,,,,,,
632282,2021-10-01,2021,New York Yankees,Tampa Bay Rays,Nestor Cortes,Shane McClanahan,3,4,0,-127,118,-131.0,121.0,8.5,8.5,-1.5,0.5495,0.4505,4.0,0.0,0,0,1.12,0.8,0.6,0.20000000000000007,1.9,2.2,-0.30000000000000027,,,,,,,,,,,,
632262,2021-10-02,2021,Atlanta Braves,New York Mets,Jesse Chavez,Carlos Carrasco,6,5,1,-123,113,-130.0,110.0,8.5,8.5,-1.5,0.5402,0.4598,7.0,0.0,0,0,1.05,0.8,0.4,0.4,2.4,-0.6,3.0,,,,,,,,,,,,
632257,2021-10-02,2021,St. Louis Cardinals,Chicago Cubs,Jon Lester,Adrian Sampson,5,6,0,-172,161,-185.0,155.0,9.0,9.0,-1.5,0.6227,0.3773,13.0,0.0,1,0,0.98,0.9,0.3,0.6000000000000001,2.4,-0.5,2.9,,,,,,,,,,,,
632264,2021-10-02,2021,Kansas City Royals,Minnesota Twins,Kris Bubic,Griffin Jax,0,4,0,-120,110,-110.0,-110.0,9.0,9.5,-1.5,0.5339,0.4661,-10.0,-0.5,0,0,1.01,0.6,0.6,0.0,-0.3,0.3,-0.6,,,,,,,,,,,,
632249,2021-10-02,2021,Houston Astros,Oakland Athletics,Jake Odorizzi,Paul Blackburn,10,4,1,-162,152,-160.0,135.0,9.5,9.0,-1.5,0.6091,0.3909,-2.0,0.5,0,0,1.0,0.5,0.3,0.2,-0.1,-0.8,0.7000000000000001,,,,,,,,,,,,
632258,2021-10-02,2021,Pittsburgh Pirates,Cincinnati Reds,Max Kranick,Tyler Mahle,8,6,1,138,-148,160.0,-190.0,8.5,8.5,1.5,0.4132,0.5868,-22.0,0.0,0,1,0.96,0.5,0.4,0.09999999999999998,-0.2,-1.0,0.8,,,,,,,,,,,,
632263,2021-10-02,2021,Miami Marlins,Philadelphia Phillies,Jesús Luzardo,Hans Crouse,3,1,1,112,-122,105.0,-125.0,8.0,8.0,1.5,0.4619,0.5381,7.0,0.0,0,0,0.88,0.2,0.6,-0.39999999999999997,-3.6,0.4,-4.0,,,,,,,,,,,,
632244,2021-10-02,2021,Washington Nationals,Boston Red Sox,Josiah Gray,Tanner Houck,3,5,0,135,-145,130.0,-150.0,9.5,9.5,1.5,0.4183,0.5817,5.0,0.0,0,0,0.95,0.4,0.5,-0.09999999999999998,-0.8,0.4,-1.2000000000000002,,,,,,,,,,,,
632247,2021-10-02,2021,Toronto Blue Jays,Baltimore Orioles,Alek Manoah,John Means,10,1,1,-260,230,-250.0,200.0,8.5,8.5,-1.5,0.7044,0.2956,-10.0,0.0,0,0,1.04,0.5,0.4,0.09999999999999998,-0.9,-0.6,-0.30000000000000004,,,,,,,,,,,,
632265,2021-10-02,2021,Chicago White Sox,Detroit Tigers,Lucas Giolito,Matt Manning,5,4,1,-270,240,-275.0,225.0,9.0,8.5,-1.5,0.7127,0.2873,5.0,0.5,0,0,0.95,0.6,0.5,0.09999999999999998,0.9,0.5,0.4,,,,,,,,,,,,
632273,2021-10-02,2021,Los Angeles Dodgers,Milwaukee Brewers,Clayton Kershaw,Eric Lauer,8,6,1,-146,136,-140.0,120.0,7.0,7.5,-1.5,0.5834,0.4166,-6.0,-0.5,0,0,0.93,0.8,0.4,0.4,0.9,-0.7,1.6,,,,,,,,,,,,
632270,2021-10-02,2021,Seattle Mariners,Los Angeles Angels,Marco Gonzales,José Suarez,1,2,0,-176,163,-180.0,150.0,8.0,8.0,-1.5,0.6265,0.3735,4.0,0.0,0,0,0.89,0.9,0.3,0.6000000000000001,1.4,-0.9,2.3,,,,,,,,,,,,
632276,2021-10-02,2021,Arizona Diamondbacks,Colorado Rockies,Humberto Castellanos,Jon Gray,7,9,0,-134,124,-130.0,110.0,8.5,8.5,-1.5,0.5619,0.4381,-4.0,0.0,0,0,0.92,0.2,0.3,-0.09999999999999998,-2.1,-0.9,-1.2000000000000002,,,,,,,,,,,,
632266,2021-10-02,2021,St. Louis Cardinals,Chicago Cubs,Dakota Hudson,Cory Abbott,4,3,1,-172,161,-185.0,155.0,9.0,9.0,-1.5,0.6227,0.3773,13.0,0.0,1,0,0.98,0.9,0.3,0.6000000000000001,2.4,-0.5,2.9,,,,,,,,,,,,
632274,2021-10-02,2021,Chicago White Sox,Detroit Tigers,Lance Lynn,Wily Peralta,8,1,1,-270,240,-275.0,225.0,9.0,8.5,-1.5,0.7127,0.2873,5.0,0.5,0,0,0.95,0.6,0.5,0.09999999999999998,0.9,0.5,0.4,,,,,,,,,,,,
632272,2021-10-02,2021,Kansas City Royals,Minnesota Twins,Jonathan Heasley,John Gant,11,6,1,-120,110,-110.0,-110.0,9.0,9.5,-1.5,0.5339,0.4661,-10.0,-0.5,0,0,1.01,0.6,0.6,0.0,-0.3,0.3,-0.6,,,,,,,,,,,,
632279,2021-10-02,2021,Houston Astros,Oakland Athletics,Framber Valdez,Sean Manaea,6,8,0,-162,152,-160.0,135.0,9.5,9.0,-1.5,0.6091,0.3909,-2.0,0.5,0,0,1.0,0.5,0.3,0.2,-0.1,-0.8,0.7000000000000001,,,,,,,,,,,,
632259,2021-10-02,2021,New York Yankees,Tampa Bay Rays,Jordan Montgomery,Shane Baz,2,12,0,-129,119,-135.0,115.0,8.5,9.0,-1.5,0.5523,0.4477,6.0,-0.5,0,0,1.12,0.8,0.7,0.10000000000000009,2.8,2.5,0.2999999999999998,,,,,,,,,,,,
632242,2021-10-03,2021,Los Angeles Dodgers,Milwaukee Brewers,Walker Buehler,Brett Anderson,10,3,1,-280,245,-275.0,225.0,8.5,8.5,-1.5,0.7177,0.2823,-5.0,0.0,0,0,0.93,0.8,0.4,0.4,0.8,-0.6,1.4,,,,,,,,,,,,
632246,2021-10-03,2021,Miami Marlins,Philadelphia Phillies,Pablo López,Bailey Falter,5,4,1,100,-110,-105.0,-115.0,7.5,8.0,1.5,0.4884,0.5116,205.0,-0.5,0,0,0.88,0.2,0.5,-0.3,-3.5,0.1,-3.6,,,,,,,,,,,,
632252,2021-10-03,2021,Chicago White Sox,Detroit Tigers,Dylan Cease,Tyler Alexander,2,5,0,-250,220,-310.0,250.0,8.0,8.5,-1.5,0.6957,0.3043,60.0,-0.5,1,0,0.95,0.7,0.3,0.39999999999999997,1.3,-0.6,1.9,,,,,,,,,,,,
632243,2021-10-03,2021,Kansas City Royals,Minnesota Twins,Jackson Kowar,Charlie Barnes,3,7,0,101,-111,100.0,-120.0,10.0,10.5,1.5,0.4861,0.5139,1.0,-0.5,0,0,1.01,0.6,0.6,0.0,-0.1,0.0,-0.1,,,,,,,,,,,,
632237,2021-10-03,2021,Seattle Mariners,Los Angeles Angels,Tyler Anderson,Reid Detmers,3,7,0,-164,154,-180.0,150.0,7.5,7.0,-1.5,0.6121,0.3879,16.0,0.5,1,0,0.89,0.8,0.4,0.4,1.1,0.2,0.9000000000000001,,,,,,,,,,,,
632245,2021-10-03,2021,Houston Astros,Oakland Athletics,José Urquidy,Cole Irvin,7,6,1,-161,151,-195.0,165.0,9.0,9.0,-1.5,0.6076,0.3924,34.0,0.0,1,0,1.0,0.4,0.4,0.0,-1.2,-0.7,-0.5,,,,,,,,,,,,
632253,2021-10-03,2021,Arizona Diamondbacks,Colorado Rockies,Humberto Mejía,Ashton Goudeau,5,4,1,-110,100,105.0,-125.0,9.0,9.0,1.5,0.5116,0.4884,-215.0,0.0,0,0,0.92,0.2,0.4,-0.2,-1.6,-0.4,-1.2000000000000002,,,,,,,,,,,,
632234,2021-10-03,2021,Washington Nationals,Boston Red Sox,Joan Adon,Chris Sale,5,7,0,190,-210,180.0,-220.0,9.5,10.0,1.5,0.3373,0.6627,10.0,-0.5,0,0,0.95,0.3,0.5,-0.2,-1.6,0.4,-2.0,,,,,,,,,,,,
632239,2021-10-03,2021,New York Yankees,Tampa Bay Rays,Jameson Taillon,Michael Wacha,1,0,1,-124,114,-160.0,135.0,9.5,9.5,-1.5,0.5423,0.4577,36.0,0.0,1,0,1.12,0.7,0.7,0.0,1.7,3.3,-1.5999999999999999,,,,,,,,,,,,
632240,2021-10-03,2021,Pittsburgh Pirates,Cincinnati Reds,Mitch Keller,Reiver Sanmartin,3,6,0,145,-155,135.0,-160.0,9.0,9.5,1.5,0.4017,0.5983,10.0,-0.5,0,0,0.96,0.5,0.3,0.2,-0.4,-1.6,1.2000000000000002,,,,,,,,,,,,
632260,2021-10-03,2021,Los Angeles Dodgers,Milwaukee Brewers,Julio Urías,Corbin Burnes,8,3,1,-280,245,-275.0,225.0,8.5,8.5,-1.5,0.7177,0.2823,-5.0,0.0,0,0,0.93,0.8,0.4,0.4,0.8,-0.6,1.4,,,,,,,,,,,,
632255,2021-10-03,2021,Seattle Mariners,Los Angeles Angels,Chris Flexen,Jhonathan Díaz,6,4,1,-164,154,-180.0,150.0,7.5,7.0,-1.5,0.6121,0.3879,16.0,0.5,1,0,0.89,0.8,0.4,0.4,1.1,0.2,0.9000000000000001,,,,,,,,,,,,
632269,2021-10-03,2021,Arizona Diamondbacks,Colorado Rockies,Zac Gallen,Antonio Senzatela,11,2,1,-110,100,105.0,-125.0,9.0,9.0,1.5,0.5116,0.4884,-215.0,0.0,0,0,0.92,0.2,0.4,-0.2,-1.6,-0.4,-1.2000000000000002,,,,,,,,,,,,
632238,2021-10-03,2021,St. Louis Cardinals,Chicago Cubs,Jake Woodford,Alec Mills,2,3,0,-158,148,-185.0,155.0,8.5,9.0,-1.5,0.603,0.397,27.0,-0.5,1,0,0.98,0.8,0.3,0.5,2.0,-0.5,2.5,,,,,,,,,,,,
632235,2021-10-03,2021,Toronto Blue Jays,Baltimore Orioles,Hyun Jin Ryu,Bruce Zimmermann,12,4,1,-350,300,-360.0,290.0,10.0,10.5,-1.5,0.7568,0.2432,10.0,-0.5,0,0,1.04,0.5,0.4,0.09999999999999998,-0.2,-1.4,1.2,,,,,,,,,,,,
632254,2021-10-03,2021,Atlanta Braves,New York Mets,Charlie Morton,Noah Syndergaard,5,0,1,-166,156,-140.0,120.0,8.5,8.5,-1.5,0.615,0.385,-26.0,0.0,0,0,1.05,0.8,0.3,0.5,2.0,-0.8,2.8,,,,,,,,,,,,
